StockCode,Description,IsProduct
10002,INFLATABLE POLITICAL GLOBE,true
10002R,ROBOT PENCIL SHARPNER,true
10080,GROOVY CACTUS INFLATABLE,true
10109,BENDY COLOUR PENCILS,true
10120,DOGGY RUBBER,true
10123C,HEARTS WRAPPING TAPE,true
10123G,ARMY CAMO WRAPPING TAPE,true
10124A,SPOTS ON RED BOOKCOVER TAPE,true
10124C,,true
10124G,ARMY CAMO BOOKCOVER TAPE,true
10125,MINI FUNKY DESIGN TAPES,true
10133,COLOURING PENCILS BROWN TUBE,true
10134,COLOURING PENCILS BROWN TUBE,true
10135,COLOURING PENCILS BROWN TUBE,true
10138,ASSORTED COLOUR JUMBO PEN,true
11001,ASSTD DESIGN RACING CAR PEN,true
15002,rex use,true
15030,FAN BLACK FRAME,true
15034,PAPER POCKET TRAVELING FAN,true
15036,ASSORTED COLOURS SILK FAN,true
15039,SANDALWOOD FAN,true
15044A,PINK PAPER PARASOL,true
15044B,BLUE PAPER PARASOL,true
15044C,PURPLE PAPER PARASOL,true
15044D,RED PAPER PARASOL,true
15056BL,EDWARDIAN PARASOL BLACK,true
15056N,EDWARDIAN PARASOL NATURAL,true
15056P,EDWARDIAN PARASOL PINK,true
15058A,BLUE POLKADOT GARDEN PARASOL,true
15058B,PINK POLKADOT GARDEN PARASOL,true
15058C,ICE CREAM DESIGN GARDEN PARASOL,true
15059A,ENGLISH ROSE EDWARDIAN PARASOL,true
15060A,,true
15060B,FAIRY CAKE DESIGN UMBRELLA,true
16008,SMALL FOLDING SCISSOR(POINTED EDGE),true
16010,FOLDING CAMPING SCISSOR W/KNIF & S,true
16011,ANIMAL STICKERS,true
16012,FOOD/DRINK SPONGE STICKERS,true
16014,SMALL CHINESE STYLE SCISSOR,true
16015,MEDIUM CHINESE STYLE SCISSOR,true
16016,LARGE CHINESE STYLE SCISSOR,true
16020C,CLEAR STATIONERY BOX SET,true
16033,MINI HIGHLIGHTER PENS,true
16043,POP ART PUSH DOWN RUBBER,true
16044,POP-ART FLUORESCENT PENS,true
16045,POPART WOODEN PENCILS ASST,true
16046,TEATIME PEN CASE & PENS,true
16047,POP ART PEN CASE & PENS,true
16048,TEATIME ROUND PENCIL SHARPENER,true
16049,TEATIME GEL PENS ASST,true
16050,TEATIME PENCIL WITH RUBBER,true
16051,TEATIME PENCIL W STAMP ASST,true
16052,TEATIME PUSH DOWN RUBBER,true
16053,POPART COL BALLPOINT PEN ASST,true
16054,POPART RECT PENCIL SHARPENER ASST,true
16065A,,true
16119,FUNKY GIRL ADDRESS BOOK,true
16131,,true
16132,,true
16151A,FLOWER DES BLUE HANDBAG/ORANG HANDL,true
16155H,,true
16156A,,true
16156L,WRAP CAROUSEL,true
16156N,"WRAP, FRIENDSHIP ON GREEN",true
16156S,WRAP PINK FAIRY CAKES,true
16161C,WRAP SPEED DEMONS,true
16161E,WRAP BOUDOIR,true
16161G,WRAP BAD HAIR DAY,true
16161M,WRAP  PINK FLOCK,true
16161N,,true
16161P,WRAP ENGLISH ROSE,true
16161U,WRAP SUKI AND FRIENDS,true
16162L,THE KING GIFT BAG,true
16162M,THE KING GIFT BAG 25x24x12cm,true
16168M,FUNKY MONKEY GIFT BAG MEDIUM,true
16168S,FUNKY MONKEY GIFT BAG SMALL,true
16169A,WRAP CHRISTMAS DECOUPAGE,true
16169C,WRAP BLUE REINDEER,true
16169D,WRAP WINTER FOREST,true
16169E,WRAP 50'S  CHRISTMAS,true
16169F,WRAP BLIZZARD,true
16169G,WRAP ROMANTIC DECOUPAGE,true
16169H,,true
16169K,WRAP FOLK ART,true
16169M,WRAP DAISY CARPET,true
16169N,WRAP BLUE RUSSIAN FOLKART,true
16169P,WRAP GREEN RUSSIAN FOLKART,true
16192,PINK BALLET OPENING CUBE BOX,true
16195,,true
16200A,,true
16201A,PASTEL PINK PHOTO ALBUM,true
16201B,PASTEL BLUE PHOTO ALBUM,true
16201C,,true
16202A,PASTEL PINK PHOTO ALBUM,true
16202B,PASTEL BLUE PHOTO ALBUM,true
16202C,BEIGE PHOTO ALBUM,true
16202E,BLACK PHOTO ALBUM,true
16206B,RED PURSE WITH PINK HEART,true
16207A,PINK STRAWBERRY HANDBAG,true
16207B,PINK HEART RED HANDBAG,true
16210,,true
16212,FUNKY GIRLZ ASST MAGNETIC MEMO PAD,true
16215,FUNKY GIRLZ MAGNETIC TO DO LIST,true
16216,LETTER SHAPE PENCIL SHARPENER,true
16218,CARTOON  PENCIL SHARPENERS,true
16219,HOUSE SHAPE PENCIL SHARPENER,true
16222B,,true
16225,RATTLE SNAKE EGGS,true
16235,?,true
16236,KITTY PENCIL ERASERS,true
16237,SLEEPING CAT ERASERS,true
16238,PARTY TIME PENCIL ERASERS,true
16239,BALLERINA HEART DECORATION.,true
16240,,true
16243A,,true
16243B,BROWN COZY SQUARE PHOTO ALBUM,true
16244A,MAXWELL 2 TONE PINK 60 PAGE PHOTO A,true
16244B,MAXWELL 2 TONE BLUE 60 PAGE PHOTO A,true
16245A,PINK MINI STATIONERY SET W CASE,true
16245B,,true
16248A,,true
16248B,BLUE HOLE PUNCH,true
16249B,,true
16254,TRANSPARENT ACRYLIC TAPE DISPENSER,true
16255,,true
16256B,FLOWER PENCIL/RUBBER+5 MINI PENCILS,true
16256C,HEARTS PENCIL/RUBBER+5 MINI PENCILS,true
16258A,SWIRLY CIRCULAR RUBBERS IN BAG,true
16258B,DAISY ERASERS IN BAG,true
16259,PIECE OF CAMO STATIONERY SET,true
17001,HEAVENS SCENT FRAGRANCE OILS ASSTD,true
17003,BROCADE RING PURSE,true
17007B,S/3 POT POURI CUSHIONS BLUE COLOURS,true
17010S,,true
17011A,ORIGAMI VANILLA INCENSE+FLOWER,true
17011B,ORIGAMI JASMINE INCENSE+FLOWER,true
17011C,ORIGAMI LAVENDER INCENSE+FLOWER,true
17011D,ORIGAMI ROSE INCENSE+FLOWER,true
17011E,ORIGAMI OPIUM SCENT INCENSE+FLOWER,true
17011F,ORIGAMI SANDLEWOOD INCENSE+FLOWER,true
17012A,ORIGAMI VANILLA INCENSE/CANDLE SET,true
17012B,ORIGAMI JASMINE INCENSE/CANDLE SET,true
17012C,ORIGAMI LAVENDER INCENSE/CANDL SET,true
17012D,ORIGAMI ROSE INCENSE/CANDLE SET,true
17012E,ORIGAMI OPIUM INCENSE/CANDLE SET,true
17012F,ORIGAMI SANDLEWOOD INCENSE/CAND SET,true
17013A,,true
17013B,ORIGAMI JASMINE INCENSE IN TUBE,true
17013C,ORIGAMI LAVENDER INCENSE IN TUBE,true
17013D,ORIGAMI ROSE INCENSE IN TUBE,true
17013E,,true
17013F,ORIGAMI SANDLEWOOD INCENSE IN TUBE,true
17014A,ORIGAMI VANILLA INCENSE CONES,true
17014B,,true
17014C,ORIGAMI LAVENDER INCENSE CONES,true
17014D,ORIGAMI ROSE INCENSE CONES,true
17014E,ORIGAMI OPIUM INCENSE CONES,true
17014F,ORIGAMI SANDLEWOOD INCENSE CONES,true
17017,,true
17021,NAMASTE SWAGAT INCENSE,true
17027A,INCENSE BAZAAR CANNABIS,true
17028J,INCENSE BAZAAR PEACH,true
17033,"BROCADE PURSE,SMALL ARCH BUTTON",true
17038,PORCELAIN BUDAH INCENSE HOLDER,true
17039,INLAID WOOD INCENSE HOLDER,true
17061,ASSORTED SHAPED STENCIL FOR HENNA,true
17084A,TRANQUILITY MASALA INCENSE,true
17084F,,true
17084G,MOON INCENSE,true
17084J,LOVE POTION MASALA INCENSE,true
17084N,FAIRY DREAMS INCENSE,true
17084P,DRAGONS BLOOD INCENSE,true
17084R,ASSORTED INCENSE PACK,true
17090A,LAVENDER INCENSE 40 CONES IN TIN,true
17090D,VANILLA INCENSE 40 CONES IN TIN,true
17091A,LAVENDER INCENSE IN TIN,true
17091B,JASMINE TEA INCENSE IN TIN,true
17091F,SANDALWOOD INCENSE IN TIN,true
17091J,VANILLA INCENSE IN TIN,true
17096,ASSORTED LAQUERED INCENSE HOLDERS,true
17107D,FLOWER FAIRY 5 DRAWER LINERS,true
17108D,FLOWER FAIRY SUMMER BOUQUET SACHET,true
17109A,FLOWER FAIRY INCENSE LILY,true
17109B,FLOWER FAIRY INCENSE LAVENDER,true
17109C,FLOWER FAIRY INCENSE ROSE,true
17109D,Adjustment,true
17120,,true
17129C,SKY BLUE COLOUR GLASS GEMS IN BAG,true
17129D,CLEAR COLOUR GLASS GEMS IN BAG,true
17129F,17129c,true
17136A,BLUE STONES ON WIRE FOR CANDLE,true
17160,,true
17164B,ASS COL SMALL SAND GECKO P'WEIGHT,true
17164D,ASS COL SMALL SAND FROG P'WEIGHT,true
17165B,ASS COL LARGE SAND GECKO P'WEIGHT,true
17165D,ASS COL LARGE SAND FROG P'WEIGHT,true
17174,ASSTD RASTA KEY-CHAINS,true
17178,FLAT PALM T-LIGHT HOLDER,true
17181,CIRCLE OF FRIENDS CANDLE HOLDER,true
17191A,ROSE FLOWER CANDLE+INCENSE 16X16CM,true
18007,ESSENTIAL BALM 3.5g TIN IN ENVELOPE,true
18010,ASSORTED FRAGRANCE BATH CONFETTI,true
18033,,true
18094A,,true
18094C,WHITE AND BLUE CERAMIC OIL BURNER,true
18096B,,true
18096C,WHITE ROUND PORCELAIN TLIGHT HOLDER,true
18097A,PINK TALL PORCELAIN T-LIGHT HOLDER,true
18097B,BLUE TALL PORCELAIN T-LIGHT HOLDER,true
18097C,WHITE TALL PORCELAIN T-LIGHT HOLDER,true
18098A,PINK PORCELAIN B'FLY OIL BURNER,true
18098B,BLUE PORCELAIN B'FLY OIL BURNER,true
18098C,PORCELAIN BUTTERFLY OIL BURNER,true
20615,BLUE POLKADOT PASSPORT COVER,true
20616,CHERRY BLOSSOM PASSPORT COVER,true
20617,FIRST CLASS PASSPORT COVER,true
20618,QUEEN OF THE SKIES PASSPORT COVER,true
20619,TROPICAL PASSPORT COVER,true
20620,RED SPOTTY PASSPORT COVER,true
20621,ECONOMY PASSPORT COVER,true
20622,VIP PASSPORT COVER,true
20652,BLUE POLKADOT LUGGAGE TAG,true
20653,CHERRY BLOSSOM LUGGAGE TAG,true
20654,FIRST CLASS LUGGAGE TAG,true
20655,QUEEN OF SKIES LUGGAGE TAG,true
20657,TROPICAL LUGGAGE TAG,true
20658,RED RETROSPOT LUGGAGE TAG,true
20659,ECONOMY LUGGAGE TAG,true
20660,VIP LUGGAGE TAG,true
20661,BLUE POLKADOT PURSE,true
20662,FIRST CLASS HOLIDAY PURSE,true
20663,QUEEN OF THE SKIES HOLIDAY PURSE,true
20664,TROPICAL HOLIDAY PURSE,true
20665,RED RETROSPOT PURSE,true
20666,ECONOMY HOLIDAY PURSE,true
20667,CHERRY BLOSSOM PURSE,true
20668,DISCO BALL CHRISTMAS DECORATION,true
20669,RED HEART LUGGAGE TAG,true
20670,VIP HOLIDAY PURSE,true
20671,BLUE TEATIME PRINT BOWL,true
20672,PINK TEATIME PRINT BOWL,true
20673,STRAWBERRIES PRINT BOWL,true
20674,GREEN POLKADOT BOWL,true
20675,BLUE POLKADOT BOWL,true
20676,RED RETROSPOT BOWL,true
20677,PINK POLKADOT BOWL,true
20678,LARGE BLACK DIAMANTE HAIRSLIDE,true
20679,?,true
20680,PINK FLOWERS CHILDS UMBRELLA,true
20681,MIA,true
20682,RED RETROSPOT CHILDRENS UMBRELLA,true
20683,RAIN GIRL CHILDS UMBRELLA,true
20684,STRAWBERRY DREAM CHILDS UMBRELLA,true
20685,DOOR MAT RED SPOT,true
20686,DOLLY MIXTURE CHILDREN'S UMBRELLA,true
20688,BEAUTY SPEED EXPRESSO CUPS,true
20689,RETRO SISTERS EXPRESSO CUPS,true
20690,,true
20691,,true
20692,?,true
20693,FLORAL DINOSAUR GREEN,true
20694,?,true
20695,FLORAL BLUE MONSTER,true
20696,FLORAL SOFT CAR TOY,true
20697,LITTLE GREEN MONSTER SOFT TOY,true
20698,LITTLE PINK MONSTER SOFT TOY,true
20699,MOUSEY LONG LEGS SOFT TOY,true
20700,?,true
20701,PINK CAT FLORAL CUSHION COVER,true
20702,PINK PADDED MOBILE,true
20703,BLUE PADDED SOFT MOBILE,true
20704,MR ROBOT SOFT TOY,true
20705,MRS ROBOT SOFT TOY,true
20707,CRAZY DAISY HEART DECORATION,true
20710,,true
20711,JUMBO BAG TOYS,true
20712,JUMBO BAG WOODLAND ANIMALS,true
20713,Found,true
20714,POSY SHOPPER BAG,true
20715,LITTLE FLOWER SHOPPER BAG,true
20716,PARTY FOOD SHOPPER BAG,true
20717,STRAWBERRY SHOPPER BAG,true
20718,RED RETROSPOT SHOPPER BAG,true
20719,WOODLAND CHARLOTTE BAG,true
20720,,true
20721,OWLS CHARLOTTE BAG,true
20723,STRAWBERRY CHARLOTTE BAG,true
20724,RED RETROSPOT CHARLOTTE BAG,true
20725,LUNCH BAG RED RETROSPOT,true
20726,LUNCH BAG WOODLAND,true
20727,LUNCH BAG  BLACK SKULL.,true
20728,LUNCH BAG CARS BLUE,true
20729,RED SPOTTY CANDY BAG,true
20730,STRAWBERRY CANDY BAG,true
20731,POSY CANDY BAG,true
20733,GOLD MINI TAPE MEASURE,true
20734,SILVER MINI TAPE MEASURE,true
20735,BLACK MINI TAPE MEASURE,true
20736,PINK MINI TAPE MEASURE,true
20737,RED MINI TAPE MEASURE,true
20738,GREEN MINI TAPE MEASURE,true
20739,*USB Office Glitter Lamp,true
20743,,true
20747,PICCADILLY TEA SET,true
20748,Found,true
20749,ASSORTED COLOUR MINI CASES,true
20750,RED RETROSPOT MINI CASES,true
20751,FUNKY WASHING UP GLOVES ASSORTED,true
20752,BLUE POLKADOT WASHING UP GLOVES,true
20753,RETRO PINK SPOT WASHING UP GLOVES,true
20754,Found,true
20755,BLUE PAISLEY POCKET BOOK,true
20756,GREEN FERN POCKET BOOK,true
20757,RED DAISY POCKET BOOK,true
20758,ABSTRACT CIRCLES POCKET BOOK,true
20759,CHRYSANTHEMUM POCKET BOOK,true
20760,GARDEN PATH POCKET BOOK,true
20761,BLUE PAISLEY SKETCHBOOK,true
20762,GREEN FERN SKETCHBOOK,true
20763,DAISY SKETCHBOOK,true
20764,ABSTRACT CIRCLES SKETCHBOOK,true
20765,CHRYSANTHEMUM SKETCHBOOK,true
20766,GARDEN PATH SKETCHBOOK,true
20767,BLUE PAISLEY JOURNAL,true
20768,GREEN FERN JOURNAL,true
20769,DAISY JOURNAL,true
20770,ABSTRACT CIRCLE JOURNAL,true
20771,CHRYSANTHEMUM  JOURNAL,true
20772,GARDEN PATH JOURNAL,true
20773,BLUE PAISLEY NOTEBOOK,true
20774,GREEN FERN NOTEBOOK,true
20775,DAISY NOTEBOOK,true
20776,ABSTRACT CIRCLES NOTEBOOK,true
20777,CHRYSANTHEMUM NOTEBOOK,true
20778,GARDEN PATH NOTEBOOK,true
20779,PINK EAR MUFF HEADPHONES,true
20780,BLACK EAR MUFF HEADPHONES,true
20781,GOLD EAR MUFF HEADPHONES,true
20782,CAMOUFLAGE EAR MUFF HEADPHONES,true
20783,HEART EAR MUFF HEADPHONES,true
20784,RED RETRO BAR STOOL,true
20785,FUSCHIA RETRO BAR STOOL,true
20786,BLACK RETRO BAR STOOL,true
20787,BLUE RETRO BAR STOOL,true
20791,BLUE TILED SET OF 3 DRAWERS,true
20793,BLUE TILED TRAY,true
20794,BLUE  TILE HOOK,true
20795,LARGE BLUE PROVENCAL CERAMIC BALL,true
20796,SMALL BLUE PROVENCAL CERAMIC BALL,true
20798,CLEAR MILKSHAKE GLASS,true
20799,PINK MILKSHAKE GLASS,true
20800,LARGE GLASS SUNDAE DISH CLEAR,true
20801,LARGE PINK GLASS SUNDAE DISH,true
20802,SMALL GLASS SUNDAE DISH CLEAR,true
20803,SMALL PINK GLASS SUNDAE DISH,true
20804,GLASS CHICKEN BUTTER DISH,true
20812,EMBOSSED FLOWER TRELLIS PHOTO FRAME,true
20814,SILVER FINCH DECORATION,true
20816,GOLD FLOWER CUSHION COVER,true
20818,GOLD TEDDY BEAR,true
20819,SILVER TEDDY BEAR,true
20820,SILVER LOOKING MIRROR,true
20821,GOLDIE LOOKING MIRROR,true
20822,SILVER WINE GOBLET,true
20823,GOLD WINE GOBLET,true
20824,,true
20825,GOLD WINE GLASS,true
20826,SILVER APERITIF GLASS,true
20827,GOLD APERITIF GLASS,true
20828,GLITTER BUTTERFLY CLIPS,true
20829,GLITTER HANGING BUTTERFLY STRING,true
20830,SILVER PHOTO FRAME,true
20831,GOLD PHOTO FRAME,true
20832,RED FLOCK LOVE HEART PHOTO FRAME,true
20833,SHAKER THROW  QUILTED,true
20835,FRENCH LATTICE CUSHION COVER,true
20836,FRENCH PAISLEY CUSHION COVER,true
20837,FRENCH FLORAL CUSHION COVER,true
20838,FRENCH LATTICE CUSHION COVER,true
20839,FRENCH PAISLEY CUSHION COVER,true
20840,FRENCH FLORAL CUSHION COVER,true
20844,,true
20845,ZINC HEART LATTICE 2 WALL PLANTER,true
20846,ZINC HEART LATTICE T-LIGHT HOLDER,true
20847,ZINC HEART LATTICE CHARGER LARGE,true
20848,ZINC HEART LATTICE CHARGER SMALL,true
20849,ZINC HEART LATTICE DOUBLE PLANTER,true
20850,ZINC HEART LATTICE PLANTER BOWL,true
20851,ZINC HEART LATTICE TRAY OVAL,true
20852,Given away,true
20854,BLUE PATCH PURSE PINK HEART,true
20855,PINK PATCH PURSE BLUE HEART,true
20856,??,true
20857,BLUE ROSE PATCH PURSE PINK BUTTERFL,true
20858,SILVER PURSE GOLD PINK BUTTERFLY,true
20859,,true
20860,GOLD COSMETICS BAG WITH BUTTERFLY,true
20861,GOLD COSMETIC BAG PINK STAR,true
20862,PINK PATCH PENCIL CASE BLUE HEART,true
20863,BLUE PATCH PENCIL CASE PINK HEART,true
20864,DENIM PATCH PENCIL CASE BUTTERFLY,true
20865,PATCHWORK PENCIL CASE BUTTERFLY,true
20866,?,true
20867,?,true
20868,SILVER FABRIC MIRROR,true
20869,GOLD FABRIC MIRROR,true
20870,OPULENT VELVET CANDLE IN BOX,true
20871,OPULENT VELVET SET/3 CANDLES,true
20877,MODERN CHRISTMAS BAUBLE CANDLE,true
20878,SET/9 CHRISTMAS T-LIGHTS SCENTED,true
20879,TREE OF NOAH FESTIVE SCENTED CANDLE,true
20880,,true
20881,MODERN CHRISTMAS TREE CANDLE,true
20882,MODERN CHRISTMAS TREE CANDLE,true
20883,,true
20884,MODERN CHRISTMAS TREE CANDLE,true
20885,BOX OF 3 PEBBLE CANDLES,true
20886,BOX OF 9 PEBBLE CANDLES,true
20887,BOX OF 6 PEBBLE CANDLES,true
20888,SET 3 JARDIN DE FEMME SCENT CANDLES,true
20889,JARDIN DE FEMME SCENTED CANDLE,true
20890,SMALL GLASS ROSE SCENTED CANDLE,true
20891,LARGE GLASS ROSE SCENTED CANDLE,true
20892,SET/3 TALL GLASS CANDLE HOLDER PINK,true
20893,HANGING BAUBLE T-LIGHT HOLDER SMALL,true
20894,HANGING BAUBLE T-LIGHT HOLDER LARGE,true
20895,VINTAGE NOTEBOOK FRENCH LETTER,true
20896,VINTAGE NOTEBOOK PINK FLOWER,true
20897,VINTAGE NOTEBOOK PARIS DAYS,true
20898,VINTAGE NOTEBOOK TRAVELOGUE,true
20899,VINTAGE NOTEBOOK RED ROSE,true
20900,,true
20901,VINTAGE KEEPSAKE BOX PINK FLOWER,true
20902,VINTAGE KEEPSAKE BOX PARIS DAYS,true
20903,VINTAGE KEEPSAKE BOX TRAVELOGUE,true
20904,,true
20905,VINTAGE KEEPSAKE BOX BEAUTY GIRL,true
20906,VINTAGE NOTEBOOK BEAUTY GIRL,true
20910,VINTAGE PHOTO ALBUM PARIS DAYS,true
20911,,true
20913,SET/5 BLUE SPOTTY LID GLASS BOWLS,true
20914,SET/5 RED RETROSPOT LID GLASS BOWLS,true
20931,BLUE POT PLANT CANDLE,true
20932,PINK POT PLANT CANDLE,true
20933,YELLOW POT PLANT CANDLE,true
20934,SET/3 POT PLANT CANDLES,true
20935,ROUND CACTUS CANDLE,true
20936,FORKED CACTUS CANDLE,true
20937,,true
20938,,true
20939,ORANGE CANDLE,true
20940,SET/6 GARDEN GNOME T-LIGHT CANDLES,true
20941,FROG CANDLE,true
20942,SET/6 GINGERBREAD TREE T-LIGHTS,true
20943,SET/6 GINGERBREAD STAR T-LIGHTS,true
20944,,true
20946,,true
20950,SET/6  ANGEL T-LIGHTS WHITE/GOLD,true
20951,,true
20952,PORCELAIN CHERUB BELL SMALL,true
20953,PORCELAIN CHERUB BELL LARGE,true
20954,*USB Office Mirror Ball,true
20955,,true
20956,?,true
20957,PORCELAIN HANGING BELL SMALL,true
20958,PORCELAIN HANGING BELL LARGE,true
20959,,true
20960,WATERMELON BATH SPONGE,true
20961,STRAWBERRY BATH SPONGE,true
20963,APPLE BATH SPONGE,true
20964,POLYESTER FILLER PAD 60x40cm,true
20965,,true
20966,SANDWICH BATH SPONGE,true
20967,Amazon Adjustment,true
20968,GREEN FLORAL FELTCRAFT SHOULDER BAG,true
20969,RED FLORAL FELTCRAFT SHOULDER BAG,true
20970,PINK FLORAL FELTCRAFT SHOULDER BAG,true
20971,PINK BLUE FELT CRAFT TRINKET BOX,true
20972,PINK CREAM FELT CRAFT TRINKET BOX,true
20973,12 PENCIL SMALL TUBE WOODLAND,true
20974,12 PENCILS SMALL TUBE SKULL,true
20975,12 PENCILS SMALL TUBE RED RETROSPOT,true
20976,12 PENCILS SMALL TUBE POSY,true
20977,36 PENCILS TUBE WOODLAND,true
20978,36 PENCILS TUBE SKULLS,true
20979,36 PENCILS TUBE RED RETROSPOT,true
20980,36 PENCILS TUBE POSY,true
20981,12 PENCILS TALL TUBE WOODLAND,true
20982,12 PENCILS TALL TUBE SKULLS,true
20983,12 PENCILS TALL TUBE RED RETROSPOT,true
20984,12 PENCILS TALL TUBE POSY,true
20985,HEART CALCULATOR,true
20986,BLUE CALCULATOR RULER,true
20987,GEISHA GIRL CHOPSTICKS SET/5,true
20988,TRELLIS FLOWER CHOPSTICKS SET/5,true
20989,URBAN CHIC CHOPSTICKS SET/5,true
20990,SPRING FLOWER CHOPSTICKS SET/5,true
20991,JAZZ HEARTS MAGNETIC MEMO PAD,true
20992,JAZZ HEARTS PURSE NOTEBOOK,true
20993,JAZZ HEARTS MEMO PAD,true
20994,JAZZ HEARTS SPIRAL NOTEPAD,true
20995,,true
20996,JAZZ HEARTS ADDRESS BOOK,true
20997,ROSE DU SUD CUSHION COVER,true
20998,ROSE DU SUD OVEN GLOVE,true
21000,ROSE DU SUD COSMETICS BAG,true
21001,ROSE DU SUD WASHBAG,true
21002,ROSE DU SUD DRAWSTRING BAG,true
21003,ROSE DU SUD CUSHION COVER,true
21004,ROSE DU SUD CHILDRENS APRON,true
21005,,true
21007,ETCHED GLASS DROPLET DECORATION,true
21008,ETCHED GLASS HEART TREE DECORATION,true
21009,ETCHED GLASS STAR TREE DECORATION,true
21010,ETCHED GLASS BIRD TREE DECORATION,true
21011,GLITTER SNOW PEAR TREE DECORATION,true
21012,ANTIQUE ALL GLASS CANDLESTICK,true
21014,SWISS CHALET TREE DECORATION,true
21015,DARK BIRD HOUSE TREE DECORATION,true
21016,LIGHT BIRD HOUSE TREE DECORATION,true
21017,RED BIRD HOUSE TREE DECORATION,true
21018,BIRD BOX CHRISTMAS TREE DECORATION,true
21019,,true
21020,,true
21021,,true
21022,,true
21023,,true
21024,,true
21025,SPACE FROG,true
21026,SPACE OWL,true
21027,NINJA RABBIT PINK,true
21028,NINJA RABBIT BLACK,true
21029,,true
21030,SPACE CADET RED,true
21031,SPACE CADET BLACK,true
21032,SPACE CADET WHITE,true
21033,JUMBO BAG CHARLIE AND LOLA TOYS,true
21034,REX CASH+CARRY JUMBO SHOPPER,true
21035,SET/2 RED RETROSPOT TEA TOWELS,true
21036,SET/2 TEA TOWELS MODERN VINTAGE,true
21038,SET/4 MODERN VINTAGE COTTON NAPKINS,true
21039,RED RETROSPOT SHOPPING BAG,true
21040,MODERN VINTAGE COTTON SHOPPING BAG,true
21041,RED RETROSPOT OVEN GLOVE DOUBLE,true
21042,RED RETROSPOT APRON,true
21043,APRON MODERN VINTAGE COTTON,true
21047,,true
21048,,true
21051,?,true
21052,,true
21053,ZINC HEART HANGER WITH HOOKS,true
21054,NURSE'S BAG SOFT TOY,true
21055,TOOL BOX SOFT TOY,true
21056,DOCTOR'S BAG SOFT TOY,true
21057,,true
21058,PARTY INVITES WOODLAND,true
21059,PARTY INVITES DINOSAURS,true
21060,PARTY INVITES BALLOON GIRL,true
21061,PARTY INVITES FOOTBALL,true
21062,PARTY INVITES SPACEMAN,true
21063,PARTY INVITES JAZZ HEARTS,true
21064,BOOM BOX SPEAKER BOYS,true
21065,BOOM BOX SPEAKER GIRLS,true
21066,VINTAGE RED MUG,true
21067,VINTAGE RED TEATIME MUG,true
21068,VINTAGE BILLBOARD LOVE/HATE MUG,true
21069,VINTAGE BILLBOARD TEA MUG,true
21070,VINTAGE BILLBOARD MUG,true
21071,VINTAGE BILLBOARD DRINK ME MUG,true
21076,SET/20 COLLAGE PAPER NAPKIN,true
21077,SET/20 WOODLAND PAPER NAPKINS,true
21078,SET/20 STRAWBERRY PAPER NAPKINS,true
21080,SET/20 RED RETROSPOT PAPER NAPKINS,true
21081,SET/20 POSIES PAPER NAPKINS,true
21082,SET/20 FRUIT SALAD PAPER NAPKINS,true
21083,,true
21084,SET/6 COLLAGE PAPER CUPS,true
21085,SET/6 WOODLAND PAPER CUPS,true
21086,SET/6 RED SPOTTY PAPER CUPS,true
21087,SET/6 POSIES PAPER CUPS,true
21088,SET/6 FRUIT SALAD PAPER CUPS,true
21089,SET/6 GREEN SPRING PAPER CUPS,true
21090,SET/6 COLLAGE PAPER PLATES,true
21091,SET/6 WOODLAND PAPER PLATES,true
21092,SET/6 STRAWBERRY PAPER PLATES,true
21094,SET/6 RED SPOTTY PAPER PLATES,true
21095,SET/6 POSIES PAPER PLATES,true
21096,SET/6 FRUIT SALAD  PAPER PLATES,true
21097,SET/6 GREEN SPRING  PAPER PLATE,true
21098,CHRISTMAS TOILET ROLL,true
21099,SET/6 STRAWBERRY PAPER CUPS,true
21100,CHARLIE AND LOLA CHARLOTTE BAG,true
21102,"CANDLE IN JAR COLLAGE , VANILLA",true
21104,,true
21106,CREAM SLICE FLANNEL CHOCOLATE SPOT,true
21107,CREAM SLICE FLANNEL PINK SPOT,true
21108,FAIRY CAKE FLANNEL ASSORTED COLOUR,true
21109,LARGE CAKE TOWEL CHOCOLATE SPOTS,true
21110,LARGE CAKE TOWEL PINK SPOTS,true
21111,"SWISS ROLL TOWEL, CHOCOLATE  SPOTS",true
21112,SWISS ROLL TOWEL PINK  SPOTS,true
21113,,true
21114,LAVENDER SCENTED FABRIC HEART,true
21115,ROSE CARAVAN DOORSTOP,true
21116,OWL DOORSTOP,true
21117,BLOND DOLL DOORSTOP,true
21118,SHOPPING BAG DOORSTOP,true
21119,Glow In The Dark Shot Glasses,true
21120,*Boombox Ipod Classic,true
21121,SET/10 RED POLKADOT PARTY CANDLES,true
21122,SET/10 PINK POLKADOT PARTY CANDLES,true
21123,SET/10 IVORY POLKADOT PARTY CANDLES,true
21124,SET/10 BLUE POLKADOT PARTY CANDLES,true
21125,SET 6 FOOTBALL CELEBRATION CANDLES,true
21126,SET OF 6 GIRLS CELEBRATION CANDLES,true
21127,COLOURFUL FISHING GNOME,true
21128,GOLD FISHING GNOME,true
21129,SILVER FISHING GNOME,true
21130,COLOURFUL STANDING GNOME,true
21131,GOLD STANDING GNOME,true
21132,SILVER STANDING GNOME,true
21133,PAINTED BIRD ASSORTED CHRISTMAS,true
21134,VICTORIAN METAL POSTCARD CHRISTMAS,true
21135,VICTORIAN  METAL POSTCARD SPRING,true
21136,PAINTED METAL PEARS ASSORTED,true
21137,BLACK RECORD COVER FRAME,true
21143,ANTIQUE GLASS HEART DECORATION,true
21144,PINK POODLE HANGING DECORATION,true
21145,ANTIQUE GLASS PLACE SETTING,true
21146,ANTIQUE GLASS RIDGED HANGING BALL,true
21147,?,true
21148,,true
21153,RED SPOTTY TABLECLOTH,true
21154,?,true
21155,?,true
21156,RED SPOTTY CHILDS APRON,true
21157,RED RETROSPOT WASHBAG,true
21158,MOODY GIRL DOOR HANGER,true
21159,MOODY BOY  DOOR HANGER,true
21160,KEEP OUT GIRLS DOOR HANGER,true
21161,KEEP OUT BOYS DOOR HANGER,true
21162,TOXIC AREA  DOOR HANGER,true
21163,DO NOT TOUCH MY STUFF DOOR HANGER,true
21164,HOME SWEET HOME METAL SIGN,true
21165,BEWARE OF THE CAT METAL SIGN,true
21166,?,true
21167,WHITE SAGE INCENSE,true
21169,YOU'RE CONFUSING ME METAL SIGN,true
21170,,true
21171,BATHROOM METAL SIGN,true
21172,PARTY METAL SIGN,true
21173,LOO ROLL  METAL SIGN,true
21174,POTTERING IN THE SHED METAL SIGN,true
21175,GIN + TONIC DIET METAL SIGN,true
21176,,true
21177,,true
21179,NO JUNK MAIL METAL SIGN,true
21181,PLEASE ONE PERSON  METAL SIGN,true
21182,,true
21183,,true
21185,HOME SWEET HOME  BLACKBOARD,true
21186,WHITE DOVE HONEYCOMB PAPER GARLAND,true
21187,WHITE BELL HONEYCOMB PAPER GARLAND,true
21188,3D HEARTS  HONEYCOMB PAPER GARLAND,true
21189,WHITE HONEYCOMB PAPER GARLAND,true
21190,PINK HEARTS PAPER GARLAND,true
21191,LARGE WHITE HONEYCOMB PAPER BELL,true
21192,WHITE BELL HONEYCOMB PAPER,true
21193,WHITE HONEYCOMB PAPER FAN,true
21194,PINK  HONEYCOMB PAPER FAN,true
21195,PINK  HONEYCOMB PAPER BALL,true
21196,ROUND WHITE CONFETTI IN TUBE,true
21197,MULTICOLOUR  CONFETTI IN TUBE,true
21198,WHITE HEART CONFETTI IN TUBE,true
21199,PINK  HEART CONFETTI IN TUBE,true
21200,MULTICOLOUR HONEYCOMB PAPER GARLAND,true
21201,???,true
21202,DOLLY HONEYCOMB GARLAND,true
21203,BUTTERFLIES  HONEYCOMB GARLAND,true
21204,DAISIES  HONEYCOMB GARLAND,true
21205,MULTICOLOUR 3D BALLS GARLAND,true
21206,STRAWBERRY HONEYCOMB  GARLAND,true
21207,SKULL AND CROSSBONES  GARLAND,true
21208,PASTEL COLOUR HONEYCOMB FAN,true
21209,MULTICOLOUR HONEYCOMB FAN,true
21210,SET OF 72 RETRO SPOT PAPER  DOILIES,true
21211,SET OF 72 SKULL PAPER  DOILIES,true
21212,PACK OF 72 RETRO SPOT CAKE CASES,true
21213,PACK OF 72 SKULL CAKE CASES,true
21214,Came as green?,true
21215,IVORY PAPER CUP CAKE CASES,true
21216,"SET 3 RED SPOT TIN TEA,COFFEE,SUGAR",true
21217,RED RETROSPOT ROUND CAKE TINS,true
21218,RED SPOTTY BISCUIT TIN,true
21219,SET/4 BADGES BALLOON GIRL,true
21220,SET/4 BADGES DOGS,true
21221,SET/4 BADGES CUTE CREATURES,true
21222,SET/4 BADGES BEETLES,true
21223,SET/4 BADGES WOODLAND ANIMAL,true
21224,SET/4 SKULL BADGES,true
21225,POCKET MIRROR BUTTERFLY,true
21226,POCKET MIRROR WOODLAND,true
21227,,true
21228,"POCKET MIRROR ""GLAMOROUS""",true
21231,SWEETHEART CERAMIC TRINKET BOX,true
21232,STRAWBERRY CERAMIC TRINKET BOX,true
21236,,true
21238,RED RETROSPOT CUP,true
21239,PINK  POLKADOT CUP,true
21240,BLUE  SPOTTY CUP,true
21241,GREEN POLKADOT CUP,true
21242,RED RETROSPOT PLATE,true
21243,PINK  POLKADOT PLATE,true
21244,BLUE  SPOTTY PLATE,true
21245,GREEN  SPOTTY PLATE,true
21246,RED RETROSPOT BIG BOWL,true
21247,SET OF RED SALAD SERVERS,true
21248,DOOR HANGER  MUM + DADS ROOM,true
21249,WOOD ANIMALS HEIGHT CHART STICKERS,true
21250,SET OF SKULL WALL STICKERS,true
21251,DINOSAUR HEIGHT CHART STICKER SET,true
21252,SET OF MEADOW  FLOWER STICKERS,true
21253,SET OF PICTURE FRAME  STICKERS,true
21254,SET OF KITCHEN WALL  STICKERS,true
21255,"FRENCH BOTTLE , LAVENDER",true
21256,"FRENCH BOTTLE, BRASSERIE DES ARTIST",true
21257,?,true
21258,?,true
21259,VICTORIAN SEWING BOX SMALL,true
21260,FIRST AID TIN,true
21261,GREEN GOOSE FEATHER CHRISTMAS TREE,true
21262,WHITE GOOSE FEATHER CHRISTMAS TREE,true
21263,GREEN GOOSE FEATHER TREE 60CM,true
21264,WHITE GOOSE FEATHER TREE 60CM,true
21265,PINK GOOSE FEATHER TREE 60CM,true
21266,VINTAGE SILVER TINSEL REEL,true
21267,VINTAGE PINK TINSEL REEL,true
21268,VINTAGE BLUE TINSEL REEL,true
21269,ANTIQUE CREAM CUTLERY SHELF,true
21270,ANTIQUE CREAM CUTLERY CUPBOARD,true
21272,?,true
21273,,true
21274,EMBOSSED HEART 3 DRAWER SHELF,true
21275,?,true
21276,TWO EMBOSSED HEART MINI DRAWERS,true
21277,FRENCH STYLE EMBOSSED HEART CABINET,true
21278,VINTAGE KITCHEN PRINT PUDDINGS,true
21279,VINTAGE KITCHEN PRINT FRUITS,true
21280,VINTAGE KITCHEN PRINT VEGETABLES,true
21281,VINTAGE KITCHEN PRINT SEAFOOD,true
21282,NATURAL BARK CANDLE LARGE,true
21283,NATURAL BARK CANDLE SMALL,true
21284,RETRO SPOT CANDLE  SMALL,true
21285,RETRO SPOT CANDLE  MEDIUM,true
21286,RETRO SPOT CANDLE  LARGE,true
21287,SCENTED VELVET LOUNGE CANDLE,true
21288,STRIPEY CHOCOLATE NESTING BOXES,true
21289,LARGE STRIPES CHOCOLATE GIFT BAG,true
21290,LARGE SPOTTY CHOCOLATE GIFT BAG,true
21291,SMALL POLKADOT CHOCOLATE GIFT BAG,true
21292,SMALL STRIPES CHOCOLATE GIFT BAG,true
21293,MIRRORED DOVE WALL DECORATION,true
21294,ETCHED GLASS COASTER,true
21295,,true
21298,EDWARDIAN 2 DRAWER WALL CABINET,true
21299,EDWARDIAN TOILET ROLL UNIT,true
21300,ANTIQUE EDWARDIAN DRESSER,true
21301,,true
21303,FILIGREE WALL MIRROR  ANTIQUE WHITE,true
21304,ARCHED GREY MIRROR,true
21306,SET/4 DAISY MIRROR MAGNETS,true
21307,SET/4 BUTTERFLY MIRROR MAGNETS,true
21308,LOUVRE VANITY MIRROR,true
21309,LOUVRE CHALKBOARD,true
21310,CAPIZ CHANDELIER,true
21311,SET/4 BIRD MIRROR MAGNETS,true
21312,LARGE CHUNKY GLASS ROMAN BOWL,true
21313,GLASS HEART T-LIGHT HOLDER,true
21314,?,true
21315,LARGE GLASS HEART TRINKET POT,true
21316,SMALL CHUNKY GLASS ROMAN  BOWL,true
21317,GLASS SPHERE CANDLE STAND MEDIUM,true
21318,GLASS CHALICE BLUE SMALL,true
21319,GLASS CHALICE GREEN  SMALL,true
21320,GLASS CHALICE GREEN  LARGE,true
21321,GLASS CHALICE BLUE  LARGE,true
21322,GLASS SPHERE CANDLE STAND LARGE,true
21323,HANGING MEDINA LANTERN LARGE,true
21324,HANGING MEDINA LANTERN SMALL,true
21325,,true
21326,AGED GLASS SILVER T-LIGHT HOLDER,true
21327,SKULLS WRITING SET,true
21328,BALLOONS  WRITING SET,true
21329,DINOSAURS  WRITING SET,true
21330,?,true
21331,MOROCCAN BEATEN METAL DISH LARGE,true
21332,MOROCCAN BEATEN METAL MIRROR,true
21333,CLASSIC WHITE FRAME,true
21335,LIBRARY LAMP,true
21336,GOLD WASHBAG,true
21337,SILVER WASHBAG,true
21338,MARAKESH LANTERN SMALL,true
21339,MARAKESH LANTERN LARGE,true
21340,CLASSIC METAL BIRDCAGE PLANT HOLDER,true
21341,KASBAH LANTERN WITH GLASS,true
21342,,true
21343,GOLD JEWELERY BOX,true
21344,MOROCCAN BEATEN METAL DISH,true
21345,,true
21346,LARGE SILVER BALUSTRADE CANDLESTICK,true
21347,GOTHIC CARRIAGE LANTERN,true
21348,PINK SPOTS CHOCOLATE NESTING BOXES,true
21349,IVY HEART WREATH,true
21350,GINGHAM HEART WREATH,true
21351,CINAMMON & ORANGE WREATH,true
21352,EUCALYPTUS & PINECONE  WREATH,true
21353,SILVER SLEIGHBELL  WREATH,true
21354,TOAST ITS - BEST MUM,true
21355,TOAST ITS - I LOVE YOU,true
21356,TOAST ITS - FAIRY FLOWER,true
21357,TOAST ITS - DINOSAUR,true
21358,TOAST ITS - HAPPY BIRTHDAY,true
21359,RELAX LARGE WOOD LETTERS,true
21360,JOY LARGE WOOD LETTERS,true
21361,LOVE LARGE WOOD LETTERS,true
21362,,true
21363,HOME SMALL WOOD LETTERS,true
21364,PEACE SMALL WOOD LETTERS,true
21365,MIRRORED WALL ART STARS,true
21366,MIRRORED WALL ART PHOTO FRAMES,true
21367,MIRRORED WALL ART GENTS,true
21368,MIRRORED WALL ART LADIES,true
21369,MIRRORED WALL ART SPLODGES,true
21370,MIRRORED WALL ART FOXY,true
21371,MIRRORED WALL ART POPPIES,true
21372,MIRRORED WALL ART TABLE LAMP,true
21373,MIRRORED WALL ART SNOWFLAKES,true
21374,MIRRORED WALL ART SKULLS,true
21375,LARGE CAMPHOR WOOD FIELD MUSHROOM,true
21376,LARGE  TALL CAMPHOR WOOD TOADSTOOL,true
21377,SMALL CAMPHOR WOOD FIELD  MUSHROOM,true
21378,SMALL TALL CAMPHOR WOOD TOADSTOOL,true
21379,CAMPHOR WOOD PORTOBELLO MUSHROOM,true
21380,WOODEN HAPPY BIRTHDAY GARLAND,true
21381,MINI WOODEN HAPPY BIRTHDAY GARLAND,true
21382,SET/4 SPRING FLOWER DECORATION,true
21383,PACK OF 12 STICKY BUNNIES,true
21384,IVORY HANGING DECORATION  BUTTERFLY,true
21385,IVORY HANGING DECORATION  HEART,true
21386,IVORY HANGING DECORATION  EGG,true
21387,IVORY HANGING DECORATION  RABBIT,true
21388,IVORY HANGING DECORATION  CHICKEN,true
21389,IVORY HANGING DECORATION  BIRD,true
21390,FILIGRIS HEART WITH BUTTERFLY,true
21391,FRENCH EMROIDR LAVENDER SCENT HEART,true
21392,RED POLKADOT PUDDING BOWL,true
21393,BLUE  SPOTTY PUDDING BOWL,true
21394,RED POLKADOT BEAKER,true
21395,BLUE POLKADOT BEAKER,true
21396,RED SPOTTY EGG CUP,true
21397,BLUE  SPOTTY EGG CUP,true
21398,RED  SPOTTY COFFEE  MUG,true
21399,BLUE  SPOTTY  COFFEE MUG,true
21400,RED PUDDING SPOON,true
21401,BLUE PUDDING SPOON,true
21402,RED  EGG  SPOON,true
21403,BLUE EGG  SPOON,true
21406,SPOTTY CAT DOORSTOP,true
21407,BROWN CHECK CAT DOORSTOP,true
21408,SPOTTY PINK DUCK DOORSTOP,true
21409,SPOTTY COCKEREL DOORSTOP,true
21410,COUNTRY COTTAGE  DOORSTOP GREEN,true
21411,GINGHAM HEART  DOORSTOP RED,true
21412,VINTAGE GOLD TINSEL REEL,true
21413,PERIWINKLE T-LIGHT HOLDER,true
21414,SCALLOP SHELL SOAP DISH,true
21415,CLAM SHELL SMALL,true
21416,CLAM SHELL LARGE,true
21417,COCKLE SHELL DISH,true
21418,STARFISH SOAP DISH,true
21419,CONCH SHELL,true
21420,OYSTER TRINKET BOX,true
21421,PORCELAIN ROSE LARGE,true
21422,PORCELAIN ROSE SMALL,true
21424,WOODLAND STORAGE BOX LARGE,true
21425,SKULLS STORAGE BOX LARGE,true
21426,WOODLAND STORAGE BOX SMALL,true
21427,SKULLS STORAGE BOX SMALL,true
21428,SET3 BOOK BOX GREEN GINGHAM FLOWER,true
21429,RED GINGHAM ROSE JEWELLERY BOX,true
21430,SET/3 RED GINGHAM ROSE STORAGE BOX,true
21431,GREEN GINGHAM FLOWER JEWELLERY BOX,true
21432,SET OF 3 CASES WOODLAND DESIGN,true
21437,24 HANGING EASTER EGGS FLORAL TUB,true
21438,TUB 24 HANGING EASTER EGGS SPOTTY,true
21439,BASKET OF TOADSTOOLS,true
21440,12 MINI TOADSTOOL PEGS,true
21441,BLUE BIRDHOUSE DECORATION,true
21442,GREEN BIRDHOUSE DECORATION,true
21443,OLIVE CHALET BIRDFEEDER,true
21444,BLUE CHALET BIRDFEEDER,true
21445,12 PINK ROSE PEG PLACE SETTINGS,true
21446,12 RED ROSE PEG PLACE SETTINGS,true
21447,12 IVORY ROSE PEG PLACE SETTINGS,true
21448,12 DAISY PEGS IN WOOD BOX,true
21450,DISTRESSED CANDLE STICK WHITE,true
21452,TOADSTOOL MONEY BOX,true
21454,PAINTED PINK RABBIT,true
21455,PAINTED YELLOW WOODEN DAISY,true
21456,2 PICTURE BOOK EGGS EASTER CHICKS,true
21457,2 PICTURE BOOK EGGS EASTER DUCKS,true
21458,2 PICTURE BOOK EGGS EASTER BUNNY,true
21459,YELLOW EASTER EGG HUNT START POST,true
21460,GREEN EASTER EGG HUNT START POST,true
21461,BLUE EASTER EGG HUNT START POST,true
21462,"NURSERY A,B,C PAINTED LETTERS",true
21463,MIRRORED DISCO BALL,true
21464,DISCO BALL ROTATOR BATTERY OPERATED,true
21465,PINK FLOWER CROCHET FOOD COVER,true
21466,RED FLOWER CROCHET FOOD COVER,true
21467,CHERRY CROCHET FOOD COVER,true
21468,BUTTERFLY CROCHET FOOD COVER,true
21469,POLKA DOT RAFFIA FOOD COVER,true
21470,FLOWER VINE RAFFIA FOOD COVER,true
21471,STRAWBERRY RAFFIA FOOD COVER,true
21472,LADYBIRD + BEE RAFFIA FOOD COVER,true
21473,SWEETHEART CREAM STEEL TABLE RECT,true
21474,SWEETHEART CREAM STEEL FOLDIN BENCH,true
21475,SWEETHEART CREAM STEEL FOLDIN CHAIR,true
21476,STEEL SWEETHEART ROUND TABLE CREAM,true
21477,STRING OF 20 ROSE LIGHTS,true
21478,SILVER SKULL HOT WATER BOTTLE,true
21479,?,true
21480,PINK STRIPE HOT WATER BOTTLE,true
21481,FAWN BLUE HOT WATER BOTTLE,true
21482,MUSHROOM BLUE HOT WATER BOTTLE,true
21484,CHICK GREY HOT WATER BOTTLE,true
21485,RED SPOT HEART HOT WATER BOTTLE,true
21486,PINK HEART DOTS HOT WATER BOTTLE,true
21487,,true
21488,RED WHITE SCARF  HOT WATER BOTTLE,true
21489,BLUE WHITE SCARF HOT WATER BOTTLE,true
21490,SET OF THREE 50'S GIFT WRAPS,true
21491,SET OF THREE VINTAGE GIFT WRAPS,true
21492,,true
21493,VINTAGE DESIGN GIFT TAGS,true
21494,ROTATING LEAVES T-LIGHT HOLDER,true
21495,SKULLS AND CROSSBONES WRAP,true
21496,WOODLAND CREATURES  WRAP,true
21497,FANCY FONTS BIRTHDAY WRAP,true
21498,RED RETROSPOT WRAP,true
21499,BLUE POLKADOT WRAP,true
21500,PINK POLKADOT WRAP,true
21502,,true
21503,TOYBOX  WRAP,true
21504,SKULLS GREETING CARD,true
21505,,true
21506,"FANCY FONT BIRTHDAY CARD,",true
21507,ELEPHANT BIRTHDAY CARD,true
21508,VINTAGE KID DOLLY CARD,true
21509,COWBOYS AND INDIANS BIRTHDAY CARD,true
21510,,true
21511,VINTAGE COLLAGE  GREETING  CARD,true
21512,,true
21514,,true
21518,BANK ACCOUNT  GREETING  CARD,true
21519,GIN & TONIC DIET GREETING CARD,true
21520,BOOZE & WOMEN GREETING CARD,true
21523,DOOR MAT FANCY FONT HOME SWEET HOME,true
21524,DOOR MAT SPOTTY HOME SWEET HOME,true
21525,BEWARE OF THE CAT DOORMAT,true
21527,RED RETROSPOT TRADITIONAL TEAPOT,true
21528,DAIRY MAID TRADITIONAL TEAPOT,true
21529,RED RETROSPOT TOASTRACK,true
21530,DAIRY MAID CERAMIC TOASTRACK,true
21531,RED RETROSPOT SUGAR JAM BOWL,true
21532,DAIRY MAID SUGAR JAM BOWL,true
21533,RETRO SPOT LARGE MILK JUG,true
21534,DAIRY MAID LARGE MILK JUG,true
21535,RED RETROSPOT SMALL MILK JUG,true
21536,DAIRY MAID  SMALL  MILK JUG,true
21537,?,true
21538,DAIRY MAID  PUDDING BOWL,true
21539,RED RETROSPOT BUTTER DISH,true
21540,DAIRY MAID BUTTER DISH,true
21541,DINOSAURS WATER TRANSFER TATTOOS,true
21542,WOODLAND WATER TRANSFER TATTOOS,true
21543,BUTTERFLY WATER TRANSFER TATTOOS,true
21544,SKULLS  WATER TRANSFER TATTOOS,true
21545,CERAMIC BIRDHOUSE BUTTERFLY SMALL,true
21547,CERAMIC BIRDHOUSE CRESTED TIT SMALL,true
21548,CERAMIC BIRDHOUSE FINCH BLUE ROOF,true
21549,CERAMIC BIRDHOUSE RED ROOF SMALL,true
21550,CERAMIC BIRDHOUSE CRESTED TIT LARGE,true
21551,CERAMIC BIRDHOUSE BUTTERFLY LARGE,true
21552,CERAMIC BIRDHOUSE BLACK ROSE  LARGE,true
21553,CERAMIC BIRDHOUSE FINCH BLUE  LARGE,true
21554,CERAMIC BIRDHOUSE RED ROOF LARGE,true
21555,CERAMIC STRAWBERRY TRINKET TRAY,true
21556,CERAMIC STRAWBERRY MONEY BOX,true
21557,SET OF 6 FUNKY BEAKERS,true
21558,SKULL LUNCH BOX WITH CUTLERY,true
21559,STRAWBERRY LUNCH BOX WITH CUTLERY,true
21560,TOADSTOOL  LUNCHBOX WITH CUTLERY,true
21561,DINOSAUR LUNCH BOX WITH CUTLERY,true
21562,HAWAIIAN GRASS SKIRT,true
21563,RED HEART SHAPE LOVE BUCKET,true
21564,PINK  HEART SHAPE LOVE BUCKET,true
21576,LETS GO SHOPPING COTTON TOTE BAG,true
21577,SAVE THE PLANET COTTON TOTE BAG,true
21578,?,true
21579,LOLITA  DESIGN  COTTON TOTE BAG,true
21580,RABBIT  DESIGN  COTTON TOTE BAG,true
21581,SKULLS  DESIGN  COTTON TOTE BAG,true
21582,KINGS CHOICE SMALL TUBE MATCHES,true
21583,,true
21584,RETRO SPOT SMALL TUBE MATCHES,true
21585,SWALLOW SMALL TUBE MATCHES,true
21586,KINGS CHOICE GIANT TUBE MATCHES,true
21587,COSY HOUR GIANT TUBE MATCHES,true
21588,RETRO SPOT GIANT  TUBE MATCHES,true
21589,SWALLOW GIANT TUBE MATCHES,true
21590,KINGS CHOICE CIGAR BOX MATCHES,true
21591,COSY HOUR CIGAR BOX MATCHES,true
21592,RETRO SPOT  CIGAR BOX MATCHES,true
21593,SWALLOW CIGAR BOX MATCHES,true
21594,Dr. Jam's Arouzer Stress Ball,true
21595,Dad's Cab Electronic Meter,true
21596,Hypochondriac Pill Stress Ball,true
21601,,true
21602,,true
21609,SET 12 LAVENDER  BOTANICAL T-LIGHTS,true
21610,SET 12 PEAR BOTANICAL T-LIGHTS,true
21611,SET OF 12 LILY BOTANICAL T-LIGHTS,true
21612,SET 12 WILDFLOWER BOTANICAL T-LIGHT,true
21613,S/12 VANILLA  BOTANICAL T-LIGHTS,true
21614,SET OF 12 ROSE BOTANICAL T-LIGHTS,true
21615,4 LAVENDER BOTANICAL DINNER CANDLES,true
21616,4 PEAR BOTANICAL DINNER CANDLES,true
21617,4 LILY  BOTANICAL DINNER CANDLES,true
21618,4 WILDFLOWER BOTANICAL CANDLES,true
21619,4 VANILLA BOTANICAL CANDLES,true
21620,S/4 ROSE    BOTANICAL  CANDLE,true
21621,?,true
21622,POSSIBLE DAMAGES OR LOST?,true
21623,VINTAGE UNION JACK MEMOBOARD,true
21624,VINTAGE UNION JACK DOORSTOP,true
21625,?,true
21626,VINTAGE UNION JACK PENNANT,true
21627,ELEPHANT CARNIVAL POUFFE,true
21628,TRIANGULAR POUFFE VINTAGE,true
21629,SQUARE FLOOR CUSHION VINTAGE PINK,true
21630,FLOOR CUSHION ELEPHANT CARNIVAL,true
21631,HIPPY CHIC DECORATIVE PARASOL,true
21632,VINTAGE PINK DECORATIVE PARASOL,true
21633,SUNFLOWER DECORATIVE PARASOL,true
21634,ASSORTED MINI MADRAS NOTEBOOK,true
21635,MADRAS NOTEBOOK LARGE,true
21636,MADRAS NOTEBOOK MEDIUM,true
21637,ASSORTED SANSKRIT MINI NOTEBOOK,true
21638,ASSORTED TUTTI FRUTTI NOTEBOOK,true
21639,ASSORTED TUTTI FRUTTI KEYRING,true
21640,ASSORTED TUTTI FRUTTI  FOB NOTEBOOK,true
21641,ASSORTED TUTTI FRUTTI KEYRING BALL,true
21642,ASSORTED TUTTI FRUTTI PEN,true
21643,ASSORTED TUTTI FRUTTI MIRROR,true
21644,ASSORTED TUTTI FRUTTI HEART BOX,true
21645,ASSORTED TUTTI FRUTTI ROUND BOX,true
21646,,true
21647,ASSORTED TUTTI FRUTTI LARGE PURSE,true
21648,ASSORTED TUTTI FRUTTI SMALL PURSE,true
21649,ASSORTED TUTTI FRUTTI PHOTO FRAME,true
21650,ASSORTED TUTTI FRUTTI BRACELET,true
21651,HANGING GLASS ETCHED TEALIGHT,true
21652,GLASS ETCHED T-LIGHT HOLDER MEDIUM,true
21653,?,true
21654,Damaged,true
21655,HANGING RIDGE GLASS T-LIGHT HOLDER,true
21656,RIDGED GLASS POSY VASE,true
21657,MILK BOTTLE WITH GLASS STOPPER,true
21658,GLASS  BEURRE DISH,true
21659,GLASS CAKE STAND,true
21661,VINTAGE GLASS TEA CADDY,true
21662,VINTAGE GLASS COFFEE CADDY,true
21663,VINTAGE GLASS SUGAR CADDY,true
21664,RIDGED GLASS STORAGE JAR CREAM LID,true
21665,TRIANGULAR RIDGED GLASS POSY HOLDER,true
21666,RIDGED GLASS T-LIGHT HOLDER,true
21667,GLASS CAKE COVER AND PLATE,true
21668,RED STRIPE CERAMIC DRAWER KNOB,true
21669,BLUE STRIPE CERAMIC DRAWER KNOB,true
21670,BLUE SPOT CERAMIC DRAWER KNOB,true
21671,?,true
21672,WHITE SPOT RED CERAMIC DRAWER KNOB,true
21673,WHITE SPOT BLUE CERAMIC DRAWER KNOB,true
21674,RIDGED GLASS PENDANT LAMPSHADE,true
21675,BUTTERFLIES STICKERS,true
21676,FLOWERS  STICKERS,true
21677,HEARTS  STICKERS,true
21678,PAISLEY PATTERN  STICKERS,true
21679,SKULLS  STICKERS,true
21680,WOODLAND  STICKERS,true
21681,GIANT MEDINA STAMPED METAL BOWL,true
21682,?display?,true
21683,MEDIUM MEDINA STAMPED METAL BOWL,true
21684,SMALL MEDINA STAMPED METAL BOWL,true
21685,MEDINA STAMPED METAL TRAY,true
21686,MEDINA STAMPED METAL STOOL,true
21687,SILVER PLATE CANDLE BOWL LARGE,true
21688,SILVER PLATE CANDLE BOWL SMALL,true
21689,SILVER VANILLA  FLOWER CANDLE POT,true
21690,SILVER  CANDLEPOT JARDIN,true
21691,SILVER VANILLA FLOWER CANDLE POT,true
21692,SILVER LATTICE VANILLA CANDLE POT,true
21693,SMALL HAMMERED SILVER CANDLEPOT,true
21694,SMALL REGAL  SILVER CANDLEPOT,true
21695,SMALL SILVER FLOWER CANDLE POT,true
21696,SMALL SILVER TRELLIS CANDLEPOT,true
21697,SET 5 MINI DOUGHNUT FRIDGE MAGNET,true
21698,MOCK LOBSTER FRIDGE MAGNET,true
21699,SET 5 MINI CHOCOLATE FRIDGE MAGNETS,true
21700,BIG DOUGHNUT FRIDGE MAGNETS,true
21701,No Stock,true
21702,No Stock,true
21703,BAG 125g SWIRLY MARBLES,true
21704,BAG 250g SWIRLY MARBLES,true
21705,BAG 500g SWIRLY MARBLES,true
21706,"FOLDING UMBRELLA , RED/WHITE SPOT",true
21707,"FOLDING UMBRELLA , BLACK/BLUE  SPOT",true
21708,FOLDING UMBRELLA  CREAM/MULTI  SPOT,true
21709,FOLDING UMBRELLA  CHOC/WHITE  SPOT,true
21710,FOLDING UMBRELLA  PINK/WHITE  SPOT,true
21711,FOLDING UMBRELLA  WHITE/RED  SPOT,true
21713,CITRONELLA CANDLE FLOWERPOT,true
21714,CITRONELLA CANDLE GARDEN POT,true
21715,GIRLS VINTAGE TIN SEASIDE BUCKET,true
21716,BOYS VINTAGE TIN SEASIDE BUCKET,true
21717,EASTER TIN BUCKET,true
21718,RED METAL BEACH SPADE,true
21719,LOVELY BONBON STICKER SHEET,true
21720,CAKE SHOP  STICKER SHEET,true
21721,CANDY SHOP  STICKER SHEET,true
21722,SWEET PUDDING STICKER SHEET,true
21723,ALPHABET HEARTS STICKER SHEET,true
21724,PANDA AND BUNNIES STICKER SHEET,true
21725,SWEETIES  STICKERS,true
21726,MULTI HEARTS  STICKERS,true
21728,METAL MEDINA LANTERN,true
21729,SMALL MARAKESH METAL  LANTERN,true
21730,GLASS STAR FROSTED T-LIGHT HOLDER,true
21731,RED TOADSTOOL LED NIGHT LIGHT,true
21732,RED HANGING METAL STAR TLIGHT HLDR,true
21733,85123a mixed,true
21734,SMALL MARAKESH LANTERN ON STICK,true
21735,Damages,true
21736,Adjustment,true
21737,SET 3 WICKER LOG BASKETS,true
21738,COSY SLIPPER SHOES SMALL  RED,true
21739,COSY SLIPPER SHOES SMALL GREEN,true
21740,COSY SLIPPER SHOES LARGE RED,true
21741,COSY SLIPPER SHOES LARGE GREEN,true
21742,LARGE ROUND WICKER PLATTER,true
21743,STAR PORTABLE TABLE LIGHT,true
21744,SNOWFLAKE PORTABLE TABLE LIGHT,true
21745,GAOLERS KEYS DECORATIVE GARDEN,true
21746,SMALL RED RETROSPOT WINDMILL,true
21747,SMALL SKULL WINDMILL,true
21749,LARGE RED RETROSPOT WINDMILL,true
21750,LARGE SKULL WINDMILL,true
21752,GLASS CAKE STAND MIRRORED BASE,true
21753,,true
21754,HOME BUILDING BLOCK WORD,true
21755,LOVE BUILDING BLOCK WORD,true
21756,BATH BUILDING BLOCK WORD,true
21757,LIGHTHOUSE PRINTED METAL SIGN,true
21758,VINTAGE SHELLS PRINT,true
21759,METAL WALL SHELF UNIT WITH HOOKS,true
21760,FRENCH STYLE WALL DRESSER,true
21761,WOOD AND GLASS MEDICINE CABINET,true
21763,VINTAGE WOODEN BAR STOOL,true
21764,VINTAGE WOODEN PLATE RACK,true
21765,HANGING METAL BIRD BATH,true
21766,VINTAGE WOOD ORGANISER,true
21767,FRENCH STYLE WIRE DOOR CABINET,true
21768,WALL MOUNTED VINTAGE ORGANISER,true
21769,VINTAGE POST OFFICE CABINET,true
21770,OPEN CLOSED METAL SIGN,true
21772,VINTAGE METAL CAKE STAND CREAM,true
21773,DECORATIVE ROSE BATHROOM BOTTLE,true
21774,DECORATIVE CATS BATHROOM BOTTLE,true
21775,DECORATIVE FLORE BATHROOM BOTTLE,true
21776,,true
21777,RECIPE BOX WITH METAL HEART,true
21778,,true
21779,MA CAMPAGNE MINI WOODEN CHEST,true
21780,MA CAMPAGNE 4 DRAWER WALL SHELF,true
21781,MA CAMPAGNE CUTLERY BOX,true
21784,SHOE SHINE BOX,true
21785,RAIN PONCHO,true
21786,POLKADOT RAIN HAT,true
21787,RAIN PONCHO RETROSPOT,true
21788,KIDS RAIN MAC BLUE,true
21789,KIDS RAIN MAC PINK,true
21790,VINTAGE SNAP CARDS,true
21791,VINTAGE HEADS AND TAILS CARD GAME,true
21792,CLASSIC FRENCH STYLE BASKET GREEN,true
21793,CLASSIC FRENCH STYLE BASKET BROWN,true
21794,CLASSIC FRENCH STYLE BASKET NATURAL,true
21795,SET OF 3 BLUE STRIPE BASKET,true
21796,SET OF 3 RED STRIPE BASKETS,true
21801,CHRISTMAS TREE DECORATION WITH BELL,true
21802,CHRISTMAS TREE HEART DECORATION,true
21803,CHRISTMAS TREE STAR DECORATION,true
21804,WHITE CHRISTMAS GARLAND STARS TREES,true
21805,WHITE CHRISTMAS TREE DECORATION,true
21806,WHITE CHRISTMAS HEART DECORATION,true
21807,WHITE CHRISTMAS STAR DECORATION,true
21808,"CHRISTMAS GARLAND STARS,TREES",true
21809,CHRISTMAS HANGING TREE WITH BELL,true
21810,CHRISTMAS HANGING STAR WITH BELL,true
21811,CHRISTMAS HANGING HEART WITH BELL,true
21812,GARLAND WITH HEARTS AND BELLS,true
21813,GARLAND WITH STARS AND BELLS,true
21814,HEART T-LIGHT HOLDER,true
21815,?,true
21816,CHRISTMAS TREE T-LIGHT HOLDER,true
21817,GLITTER CHRISTMAS TREE,true
21818,GLITTER CHRISTMAS HEART,true
21819,GLITTER CHRISTMAS STAR,true
21820,GLITTER HEART GARLAND WITH BELLS,true
21821,GLITTER STAR GARLAND WITH BELLS,true
21822,GLITTER CHRISTMAS TREE WITH BELLS,true
21823,PAINTED METAL HEART WITH HOLLY BELL,true
21824,PAINTED METAL STAR WITH HOLLY BELLS,true
21825,PAINTED METAL TREE WITH HOLLY BELLS,true
21826,EIGHT PIECE DINOSAUR SET,true
21827,EIGHT PIECE CREEPY CRAWLIE SET,true
21828,EIGHT PIECE SNAKE  SET,true
21829,?missing,true
21830,?,true
21832,CHOCOLATE CALCULATOR,true
21833,CAMOUFLAGE LED TORCH,true
21835,,true
21836,GINGHAM OVEN GLOVE RED HEART,true
21837,CROSS STITCH ALPHABET CUSHION COVER,true
21838,DADDY MOUSE RED GINGHAM BOW TIE,true
21839,MUMMY MOUSE RED GINGHAM RIBBON,true
21841,BABY MOUSE RED GINGHAM DRESS,true
21842,PINK HEART CANDY BUTTON CALCULATOR,true
21843,RED RETROSPOT CAKE STAND,true
21844,RED RETROSPOT MUG,true
21845,DAIRY MAID STRIPE MUG,true
21846,PINK DIAMANTE PEN IN GIFT BOX,true
21847,GREEN  DIAMANTE PEN IN GIFT BOX,true
21849,SILVER DIAMANTE PEN IN GIFT BOX,true
21850,BLUE  DIAMANTE PEN IN GIFT BOX,true
21851,LILAC DIAMANTE PEN IN GIFT BOX,true
21852,EMPIRE TEDDY,true
21853,GUMBALL CUSTOM CARS TOP TRUMPS GAME,true
21854,EURO FOOTBALL STARS TOP TRUMPS GAME,true
21855,,true
21857,STAR WARS TOP TRUMPS GAME,true
21858,HIGH SCHOOL MUSICAL 3 TOP TRUMPS,true
21859,,true
21860,DR WHO TOP TRUMPS GAME,true
21862,,true
21863,,true
21864,UNION JACK FLAG PASSPORT COVER,true
21865,PINK UNION JACK  PASSPORT COVER,true
21866,UNION JACK FLAG LUGGAGE TAG,true
21867,PINK UNION JACK  LUGGAGE TAG,true
21868,Amazon,true
21869,POTTING SHED COFFEE MUG,true
21870,I CAN ONLY PLEASE ONE PERSON MUG,true
21871,SAVE THE PLANET MUG,true
21872,GLAMOROUS  MUG,true
21873,IF YOU CAN'T STAND THE HEAT MUG,true
21874,GIN AND TONIC MUG,true
21875,KINGS CHOICE MUG,true
21876,POTTERING MUG,true
21877,HOME SWEET HOME MUG,true
21878,PACK OF 6 SANDCASTLE FLAGS ASSORTED,true
21879,HEARTS GIFT TAPE,true
21880,RED AND WHITE SPOT TAPE,true
21881,CUTE CATS TAPE,true
21882,SKULLS TAPE,true
21883,STARS GIFT TAPE,true
21884,CAKES AND BOWS GIFT  TAPE,true
21888,Amazon,true
21889,WOODEN BOX OF DOMINOES,true
21890,S/6 WOODEN SKITTLES IN COTTON BAG,true
21891,TRADITIONAL WOODEN SKIPPING ROPE,true
21892,TRADITIONAL WOODEN CATCH CUP GAME,true
21893,POTTING SHED SEED TIN,true
21894,POTTING SHED SEED ENVELOPES,true
21895,POTTING SHED SOW 'N' GROW SET,true
21896,POTTING SHED TWINE,true
21897,POTTING SHED CANDLE CITRONELLA,true
21898,POTTING SHED ROSE CANDLE,true
21899,GARAGE KEY FOB,true
21900,?,true
21901,"KEY FOB , BACK DOOR",true
21902,"KEY FOB , FRONT  DOOR",true
21903,MAN FLU METAL SIGN,true
21904,HOUSE WRECKING METAL SIGN,true
21905,MORE BUTTER METAL SIGN,true
21906,PHARMACIE FIRST AID TIN,true
21907,I'M ON HOLIDAY METAL SIGN,true
21908,CHOCOLATE THIS WAY METAL SIGN,true
21909,,true
21910,WAY OUT METAL SIGN,true
21911,GARDEN METAL SIGN,true
21912,VINTAGE SNAKES & LADDERS,true
21913,VINTAGE SEASIDE JIGSAW PUZZLES,true
21914,BLUE HARMONICA IN BOX,true
21915,John Lewis,true
21916,SET 12 RETRO WHITE CHALK STICKS,true
21917,SET 12 KIDS  WHITE CHALK STICKS,true
21918,SET 12 KIDS COLOUR  CHALK STICKS,true
21919,Electronic Talking Breath-A-Loser,true
21920,,true
21922,UNION STRIPE WITH FRINGE  HAMMOCK,true
21923,RED/CREAM STRIPE FRINGE HAMMOCK,true
21924,BLUE/CREAM STRIPE FRINGE HAMMOCK,true
21925,UNION STRIPE CUSHION COVER,true
21926,RED/CREAM STRIPE CUSHION COVER,true
21927,BLUE/CREAM STRIPE CUSHION COVER,true
21928,JUMBO BAG SCANDINAVIAN BLUE PAISLEY,true
21929,?,true
21930,JUMBO STORAGE BAG SKULLS,true
21931,JUMBO STORAGE BAG SUKI,true
21932,SCANDINAVIAN PAISLEY PICNIC BAG,true
21933,PINK VINTAGE PAISLEY PICNIC BAG,true
21934,SKULL SHOULDER BAG,true
21935,SUKI  SHOULDER BAG,true
21936,RED RETROSPOT PICNIC BAG,true
21937,?,true
21942,SKULLS DESIGN FLANNEL,true
21943,CAKES AND RABBITS DESIGN FLANNEL,true
21944,KITTENS DESIGN FLANNEL,true
21945,STRAWBERRIES  DESIGN FLANNEL,true
21946,PARTY TIME DESIGN FLANNEL,true
21947,SET OF 6 HEART CHOPSTICKS,true
21948,SET OF 6 CAKE CHOPSTICKS,true
21949,SET OF 6 STRAWBERRY CHOPSTICKS,true
21950,SET OF 6 DOTS CHOPSTICKS,true
21955,DOOR MAT UNION JACK GUNS AND ROSES,true
21967,MIA,true
21972,SET OF 36 DINOSAUR PAPER DOILIES,true
21973,SET OF 36 MUSHROOM PAPER DOILIES,true
21974,SET OF 36 PAISLEY FLOWER DOILIES,true
21975,PACK OF 60 DINOSAUR CAKE CASES,true
21976,PACK OF 60 MUSHROOM CAKE CASES,true
21977,PACK OF 60 PINK PAISLEY CAKE CASES,true
21980,PACK OF 12 RED RETROSPOT TISSUES,true
21981,PACK OF 12 WOODLAND TISSUES,true
21982,PACK OF 12 SUKI TISSUES,true
21983,PACK OF 12 BLUE PAISLEY TISSUES,true
21984,PACK OF 12 PINK PAISLEY TISSUES,true
21985,PACK OF 12 HEARTS DESIGN TISSUES,true
21986,PACK OF 12 PINK POLKADOT TISSUES,true
21987,PACK OF 6 SKULL PAPER CUPS,true
21988,PACK OF 6 SKULL PAPER PLATES,true
21989,PACK OF 20 SKULL PAPER NAPKINS,true
21990,MODERN FLORAL STATIONERY SET,true
21991,BOHEMIAN COLLAGE STATIONERY SET,true
21992,VINTAGE PAISLEY STATIONERY SET,true
21993,FLORAL FOLK STATIONERY SET,true
22003,VINTAGE BLUE VACUUM FLASK 0.5L,true
22016,Dotcomgiftshop Gift Voucher £100.00,true
22021,BLUE FELT EASTER EGG BASKET,true
22022,,true
22023,EMPIRE BIRTHDAY CARD,true
22024,RAINY LADIES BIRTHDAY CARD,true
22025,RING OF ROSES BIRTHDAY CARD,true
22026,BANQUET BIRTHDAY  CARD,true
22027,TEA PARTY BIRTHDAY CARD,true
22028,PENNY FARTHING BIRTHDAY CARD,true
22029,SPACE BOY BIRTHDAY CARD,true
22030,??,true
22031,BOTANICAL LAVENDER BIRTHDAY CARD,true
22032,BOTANICAL LILY GREETING CARD,true
22033,BOTANICAL ROSE GREETING CARD,true
22034,ROBIN CHRISTMAS CARD,true
22035,VINTAGE CARAVAN GREETING CARD,true
22036,DINOSAUR BIRTHDAY CARD,true
22037,ROBOT BIRTHDAY CARD,true
22038,BOTANICAL LAVENDER GIFT WRAP,true
22039,BOTANICAL LILY GIFT WRAP,true
22040,BOTANICAL ROSE GIFT WRAP,true
22041,"RECORD FRAME 7"" SINGLE SIZE",true
22042,CHRISTMAS CARD SINGING ANGEL,true
22043,CHRISTMAS CARD SCREEN PRINT,true
22044,CHRISTMAS CARD STACK OF PRESENTS,true
22045,SPACE BOY GIFT WRAP,true
22046,TEA PARTY  WRAPPING PAPER,true
22047,EMPIRE GIFT WRAP,true
22048,BIRTHDAY BANQUET GIFT WRAP,true
22049,WRAP CHRISTMAS SCREEN PRINT,true
22050,PINK PAISLEY ROSE GIFT WRAP,true
22051,?,true
22052,VINTAGE CARAVAN GIFT WRAP,true
22053,EMPIRE DESIGN ROSETTE,true
22054,MINI CAKE STAND HANGING HEARTS,true
22055,MINI CAKE STAND  HANGING STRAWBERY,true
22056,CERAMIC PLATE LOVE HEART DESIGN,true
22057,CERAMIC PLATE STRAWBERRY DESIGN,true
22058,CERAMIC LOVE HEARTS DESIGN MUG,true
22059,CERAMIC STRAWBERRY DESIGN MUG,true
22060,LARGE CAKE STAND HANGING HEARTS,true
22061,LARGE CAKE STAND  HANGING STRAWBERY,true
22062,CERAMIC BOWL WITH LOVE HEART DESIGN,true
22063,CERAMIC BOWL WITH STRAWBERRY DESIGN,true
22064,PINK DOUGHNUT TRINKET POT,true
22065,CHRISTMAS PUDDING TRINKET POT,true
22066,LOVE HEART TRINKET POT,true
22067,CHOC TRUFFLE GOLD TRINKET POT,true
22068,BLACK PIRATE TREASURE CHEST,true
22069,BROWN  PIRATE TREASURE CHEST,true
22070,SMALL RED RETROSPOT MUG IN BOX,true
22071,SMALL RETRO SPOT MUG IN BOX  WHITE,true
22072,RED RETROSPOT TEA CUP AND SAUCER,true
22073,RED RETROSPOT STORAGE JAR,true
22074,6 RIBBONS SHIMMERING PINKS,true
22075,6 RIBBONS ELEGANT CHRISTMAS,true
22076,6 RIBBONS EMPIRE,true
22077,6 RIBBONS RUSTIC CHARM,true
22078,RIBBON REEL LACE DESIGN,true
22079,RIBBON REEL HEARTS DESIGN,true
22080,?,true
22081,RIBBON REEL FLORA + FAUNA,true
22082,RIBBON REEL STRIPES DESIGN,true
22083,PAPER CHAIN KIT RETRO SPOT,true
22084,PAPER CHAIN KIT EMPIRE,true
22085,PAPER CHAIN KIT SKULLS,true
22086,PAPER CHAIN KIT 50'S CHRISTMAS,true
22087,Amazon,true
22088,PAPER BUNTING COLOURED LACE,true
22089,PAPER BUNTING VINTAGE PAISLEY,true
22090,PAPER BUNTING RETRO SPOTS,true
22091,EMPIRE TISSUE BOX,true
22092,BLUE PAISLEY TISSUE BOX,true
22093,MOTORING TISSUE BOX,true
22094,RED POLKA DOT TISSUE BOX,true
22095,LADS ONLY TISSUE BOX,true
22096,PINK PAISLEY SQUARE TISSUE BOX,true
22097,SWALLOW SQUARE TISSUE BOX,true
22098,BOUDOIR SQUARE TISSUE BOX,true
22099,CARAVAN SQUARE TISSUE BOX,true
22100,SKULLS SQUARE TISSUE BOX,true
22101,MIRROR MOSAIC VOTIVE HOLDER,true
22102,MIRROR MOSAIC T-LIGHT HOLDER,true
22103,MIRROR MOSAIC T-LIGHT HOLDER ROUND,true
22104,MIRROR MOSAIC CANDLE PLATE,true
22105,MIRROR MOSAIC GOBLET CANDLE HOLDER,true
22106,MIRROR MOSAIC HURRICANE LAMP,true
22107,PIZZA PLATE IN BOX,true
22108,PING! MICROWAVE PLATE,true
22109,FULL ENGLISH BREAKFAST PLATE,true
22110,BIRD HOUSE HOT WATER BOTTLE,true
22111,SCOTTIE DOG HOT WATER BOTTLE,true
22112,CHOCOLATE HOT WATER BOTTLE,true
22113,GREY HEART HOT WATER BOTTLE,true
22114,HOT WATER BOTTLE TEA AND SYMPATHY,true
22115,METAL SIGN EMPIRE TEA,true
22116,METAL SIGN HIS DINNER IS SERVED,true
22117,METAL SIGN HER DINNER IS SERVED,true
22118,JOY WOODEN BLOCK LETTERS,true
22119,PEACE WOODEN BLOCK LETTERS,true
22120,WELCOME  WOODEN BLOCK LETTERS,true
22121,?,true
22122,SET OF 2 FANCY FONT TEA TOWELS,true
22123,PING MICROWAVE APRON,true
22124,SET OF 2 TEA TOWELS PING MICROWAVE,true
22125,UNION JACK HOT WATER BOTTLE,true
22126,given away,true
22127,Dotcom sold in 6's,true
22128,PARTY CONES CANDY ASSORTED,true
22129,PARTY CONES CANDY DECORATION,true
22130,PARTY CONE CHRISTMAS DECORATION,true
22131,FOOD CONTAINER SET 3 LOVE HEART,true
22132,RED LOVE HEART SHAPE CUP,true
22133,PINK LOVE HEART SHAPE CUP,true
22134,LADLE LOVE HEART RED,true
22135,LADLE LOVE HEART PINK,true
22136,LOVE HEART SOCK HANGER,true
22137,BATHROOM SET LOVE HEART DESIGN,true
22138,BAKING SET 9 PIECE RETROSPOT,true
22139,11 PC CERAMIC TEA SET POLKADOT,true
22141,CHRISTMAS CRAFT TREE TOP ANGEL,true
22142,CHRISTMAS CRAFT WHITE FAIRY,true
22143,CHRISTMAS CRAFT HEART DECORATIONS,true
22144,CHRISTMAS CRAFT LITTLE FRIENDS,true
22145,CHRISTMAS CRAFT HEART STOCKING,true
22146,EASTER CRAFT IVY WREATH WITH CHICK,true
22147,FELTCRAFT BUTTERFLY HEARTS,true
22148,EASTER CRAFT 4 CHICKS,true
22149,FELTCRAFT 6 FLOWER FRIENDS,true
22150,3 STRIPEY MICE FELTCRAFT,true
22151,PLACE SETTING WHITE HEART,true
22152,PLACE SETTING WHITE STAR,true
22153,ANGEL DECORATION STARS ON DRESS,true
22154,ANGEL DECORATION 3 BUTTONS,true
22155,STAR DECORATION RUSTIC,true
22156,HEART DECORATION WITH PEARLS,true
22157,ANGEL DECORATION WITH LACE PADDED,true
22158,3 HEARTS HANGING DECORATION RUSTIC,true
22161,HEART DECORATION RUSTIC HANGING,true
22162,HEART GARLAND RUSTIC PADDED,true
22163,HEART STRING MEMO HOLDER HANGING,true
22164,STRING OF STARS CARD HOLDER,true
22165,"DIAMANTE HEART SHAPED WALL MIRROR,",true
22166,"WALL MIRROR , RECT DIAMANTE, PINK/",true
22167,OVAL WALL MIRROR DIAMANTE,true
22168,Damages,true
22169,FAMILY ALBUM WHITE PICTURE FRAME,true
22170,PICTURE FRAME WOOD TRIPLE PORTRAIT,true
22171,3 HOOK PHOTO SHELF ANTIQUE WHITE,true
22172,METAL SHELF WITH RAIL,true
22173,METAL 4 HOOK HANGER FRENCH CHATEAU,true
22174,PHOTO CUBE,true
22175,PINK OWL DECORATION,true
22176,BLUE OWL DECORATION,true
22177,5 HOOK BLACKBOARD ORGANISER,true
22178,VICTORIAN GLASS HANGING T-LIGHT,true
22179,SET 10 LIGHTS NIGHT OWL,true
22180,RETRO SPOT LAMP,true
22181,SNOWSTORM PHOTO FRAME FRIDGE MAGNET,true
22182,CAKE STAND VICTORIAN FILIGREE SMALL,true
22183,CAKE STAND VICTORIAN FILIGREE MED,true
22184,CAKE STAND VICTORIAN FILIGREE LARGE,true
22185,SLATE TILE NATURAL HANGING,true
22186,RED STAR CARD HOLDER,true
22187,GREEN CHRISTMAS TREE CARD HOLDER,true
22188,BLACK HEART CARD HOLDER,true
22189,CREAM HEART CARD HOLDER,true
22190,LOCAL CAFE MUG,true
22191,EAU DE NIL DINER WALL CLOCK,true
22192,BLUE DINER WALL CLOCK,true
22193,RED DINER WALL CLOCK,true
22194,BLACK DINER WALL CLOCK,true
22195,HEART MEASURING SPOONS LARGE,true
22196,HEART MEASURING SPOONS SMALL,true
22197,POPCORN HOLDER,true
22198,LARGE POPCORN HOLDER,true
22199,FRYING PAN RED POLKADOT,true
22200,FRYING PAN PINK POLKADOT,true
22201,FRYING PAN BLUE POLKADOT,true
22202,MILK PAN PINK POLKADOT,true
22203,MILK PAN RED RETROSPOT,true
22204,MILK PAN BLUE POLKADOT,true
22206,"MUG , DOTCOMGIFTSHOP.COM",true
22207,FRYING PAN UNION FLAG,true
22208,WOOD STAMP SET THANK YOU,true
22209,WOOD STAMP SET HAPPY BIRTHDAY,true
22210,WOOD STAMP SET BEST WISHES,true
22211,WOOD STAMP SET FLOWERS,true
22212,FOUR HOOK  WHITE LOVEBIRDS,true
22213,,true
22214,CANDLE PLATE LACE WHITE,true
22215,CAKE STAND WHITE TWO TIER LACE,true
22216,T-LIGHT HOLDER WHITE LACE,true
22217,T-LIGHT HOLDER HANGING LACE,true
22218,CAKE STAND LACE WHITE,true
22219,???lost,true
22220,CAKE STAND LOVEBIRD 2 TIER WHITE,true
22221,CAKE STAND LOVEBIRD 2 TIER PINK,true
22222,CAKE PLATE LOVEBIRD WHITE,true
22223,CAKE PLATE LOVEBIRD PINK,true
22224,WHITE LOVEBIRD LANTERN,true
22227,"DECORATION, HANGING HEART+MIRROR",true
22228,BUNNY WOODEN PAINTED WITH BIRD,true
22229,BUNNY WOODEN PAINTED WITH FLOWER,true
22230,JIGSAW TREE WITH WATERING CAN,true
22231,JIGSAW TREE WITH BIRDHOUSE,true
22232,3 PIECE JIGSAW TOADSTOOLS,true
22233,JIGSAW RABBIT AND BIRDHOUSE,true
22236,CAKE STAND 3 TIER MAGIC GARDEN,true
22241,"GARLAND , WOODEN  "" HAPPY EASTER""",true
22242,5 HOOK HANGER MAGIC TOADSTOOL,true
22243,5 HOOK HANGER RED MAGIC TOADSTOOL,true
22244,3 HOOK HANGER MAGIC GARDEN,true
22245,"HOOK, 1 HANGER ,MAGIC GARDEN",true
22246,"GARLAND, MAGIC GARDEN 1.8M",true
22247,BUNNY DECORATION MAGIC GARDEN,true
22248,DECORATION  PINK CHICK MAGIC GARDEN,true
22249,DECORATION WHITE CHICK MAGIC GARDEN,true
22250,DECORATION  BUTTERFLY  MAGIC GARDEN,true
22251,BIRDHOUSE DECORATION MAGIC GARDEN,true
22252,BIRDCAGE DECORATION MAGIC GARDEN,true
22253,6 CROCHET STRAWBERRIES,true
22254,FELT TOADSTOOL LARGE,true
22255,FELT TOADSTOOL  SMALL,true
22256,FELT FARM ANIMAL CHICKEN,true
22257,FELT FARM ANIMAL SHEEP,true
22258,FELT FARM ANIMAL RABBIT,true
22259,FELT FARM ANIMAL HEN,true
22260,FELT EGG COSY BLUE RABBIT,true
22261,FELT EGG COSY WHITE RABBIT,true
22262,FELT EGG COSY CHICKEN,true
22263,FELT EGG COSY LADYBIRD,true
22264,FELT FARM ANIMAL WHITE BUNNY,true
22265,EASTER DECORATION NATURAL CHICK,true
22266,EASTER DECORATION HANGING BUNNY,true
22267,EASTER DECORATION EGG BUNNY,true
22268,DECORATION SITTING BUNNY,true
22269,EGG CUP NATURAL CHICKEN,true
22270,HAPPY EASTER HANGING DECORATION,true
22271,FELTCRAFT DOLL ROSIE,true
22272,Damaged,true
22273,FELTCRAFT DOLL MOLLY,true
22274,FELTCRAFT DOLL EMILY,true
22275,WEEKEND BAG VINTAGE ROSE PAISLEY,true
22276,WASH BAG VINTAGE ROSE PAISLEY,true
22277,COSMETIC BAG VINTAGE ROSE PAISLEY,true
22278,OVERNIGHT BAG VINTAGE ROSE PAISLEY,true
22279,POCKET BAG BLUE PAISLEY RED SPOT,true
22280,POCKET BAG PINK PAISELY BROWN SPOT,true
22281,EASTER TREE YELLOW BIRDS,true
22282,12 EGG HOUSE PAINTED WOOD,true
22283,6 EGG HOUSE PAINTED WOOD,true
22284,HEN HOUSE DECORATION,true
22285,"DECORATION HEN ON NEST, HANGING",true
22286,"DECORATION , WOBBLY RABBIT , METAL",true
22287,"DECORATION , WOBBLY CHICKEN, METAL",true
22288,"DECORATION , HANGING METAL RABBIT",true
22289,"DECORATION , HANGING METAL CHICKEN",true
22290,STANDING METAL RABBIT WITH EGG,true
22291,HANGING CHICK CREAM DECORATION,true
22292,HANGING CHICK  YELLOW DECORATION,true
22293,HANGING CHICK GREEN DECORATION,true
22294,HEART FILIGREE DOVE  SMALL,true
22295,HEART FILIGREE DOVE LARGE,true
22296,HEART IVORY TRELLIS LARGE,true
22297,HEART IVORY TRELLIS SMALL,true
22299,PIG KEYRING WITH LIGHT & SOUND,true
22300,COFFEE MUG DOG + BALL DESIGN,true
22301,COFFEE MUG CAT + BIRD DESIGN,true
22302,COFFEE MUG PEARS  DESIGN,true
22303,COFFEE MUG APPLES DESIGN,true
22304,COFFEE MUG BLUE PAISLEY DESIGN,true
22305,COFFEE MUG PINK PAISLEY DESIGN,true
22306,SILVER MUG BONE CHINA TREE OF LIFE,true
22307,GOLD MUG BONE CHINA TREE OF LIFE,true
22308,TEA COSY BLUE STRIPE,true
22309,TEA COSY RED  STRIPE,true
22310,IVORY KNITTED MUG COSY,true
22311,OFFICE MUG WARMER BLACK+SILVER,true
22312,OFFICE MUG WARMER POLKADOT,true
22313,OFFICE MUG WARMER PINK,true
22314,OFFICE MUG WARMER CHOC+BLUE,true
22315,200 RED + WHITE BENDY STRAWS,true
22316,200 BENDY SKULL STRAWS,true
22317,FIVE CATS HANGING DECORATION,true
22318,FIVE HEART HANGING DECORATION,true
22319,HAIRCLIPS FORTIES FABRIC ASSORTED,true
22320,BIRDS MOBILE VINTAGE DESIGN,true
22321,BIRD DECORATION RED RETROSPOT,true
22322,BIRD DECORATION GREEN  SPOT,true
22323,BAG FOR CHILDREN VINTAGE PINK,true
22324,BAG FOR CHILDREN VINTAGE BLUE,true
22325,MOBILE VINTAGE HEARTS,true
22326,"ROUND SNACK BOXES ,SET4, WOODLAND",true
22327,ROUND SNACK BOXES SET OF 4 SKULLS,true
22328,"ROUND SNACK BOXES ,SET 4, FRUITS",true
22329,ROUND CONTAINER SET OF 5 RETROSPOT,true
22330,72 ROUND PINK DOILIES,true
22331,WOODLAND PARTY BAG + STICKER SET,true
22332,SKULLS PARTY BAG + STICKER SET,true
22333,RETRO SPORT PARTY BAG + STICKER SET,true
22334,DINOSAUR PARTY BAG + STICKER SET,true
22335,HEART DECORATION PAINTED ZINC,true
22336,DOVE DECORATION PAINTED ZINC,true
22337,ANGEL DECORATION PAINTED ZINC,true
22338,STAR DECORATION PAINTED ZINC,true
22339,CHRISTMAS TREE PAINTED ZINC,true
22340,NOEL GARLAND PAINTED ZINC,true
22341,LOVE GARLAND PAINTED ZINC,true
22342,HOME GARLAND PAINTED ZINC,true
22343,PARTY PIZZA DISH RED RETROSPOT,true
22344,PARTY PIZZA DISH PINK POLKADOT,true
22345,PARTY PIZZA DISH BLUE POLKADOT,true
22346,PARTY PIZZA DISH GREEN POLKADOT,true
22347,PIZZA DISH SLICE,true
22348,TEA BAG PLATE RED RETROSPOT,true
22349,"DOG BOWL , CHASING BALL DESIGN",true
22350,CAT BOWL,true
22351,DOTCOMGIFTSHOP TEA TOWEL,true
22352,LUNCH BOX WITH CUTLERY RETROSPOT,true
22353,LUNCH BOX WITH CUTLERY FAIRY CAKES,true
22354,RETRO SPOT PADDED SEAT CUSHION,true
22355,"CHARLOTTE BAG , SUKI DESIGN",true
22356,"CHARLOTTE BAG , PINK/WHITE SPOTS",true
22357,KINGS CHOICE BISCUIT TIN,true
22358,KINGS CHOICE TEA CADDY,true
22359,GLASS JAR KINGS CHOICE,true
22360,GLASS JAR ENGLISH CONFECTIONERY,true
22361,GLASS JAR DAISY FRESH COTTON WOOL,true
22362,GLASS JAR PEACOCK BATH SALTS,true
22363,GLASS JAR MARMALADE,true
22364,GLASS JAR DIGESTIVE BISCUITS,true
22365,DOOR MAT RESPECTABLE HOUSE,true
22366,DOOR MAT AIRMAIL,true
22367,CHILDRENS APRON SPACEBOY DESIGN,true
22371,AIRLINE BAG VINTAGE TOKYO 78,true
22372,AIRLINE BAG VINTAGE WORLD CHAMPION,true
22374,AIRLINE BAG VINTAGE JET SET RED,true
22375,AIRLINE BAG VINTAGE JET SET BROWN,true
22376,AIRLINE BAG VINTAGE JET SET WHITE,true
22377,BOTTLE BAG RETROSPOT,true
22378,WALL TIDY RETROSPOT,true
22379,RECYCLING BAG RETROSPOT,true
22380,TOY TIDY SPACEBOY,true
22381,TOY TIDY PINK POLKADOT,true
22382,LUNCH BAG SPACEBOY DESIGN,true
22383,LUNCH BAG SUKI  DESIGN,true
22384,LUNCH BAG PINK POLKADOT,true
22385,JUMBO BAG SPACEBOY DESIGN,true
22386,JUMBO BAG PINK POLKADOT,true
22389,PAPERWEIGHT SAVE THE PLANET,true
22390,PAPERWEIGHT CHILDHOOD MEMORIES,true
22391,PAPERWEIGHT HOME SWEET HOME,true
22393,PAPERWEIGHT VINTAGE COLLAGE,true
22394,PAPERWEIGHT KINGS CHOICE,true
22395,PAPERWEIGHT VINTAGE PAISLEY,true
22396,MAGNETS PACK OF 4 RETRO PHOTO,true
22398,MAGNETS PACK OF 4 SWALLOWS,true
22399,MAGNETS PACK OF 4 CHILDHOOD MEMORY,true
22400,MAGNETS PACK OF 4 HOME SWEET HOME,true
22402,MAGNETS PACK OF 4 VINTAGE COLLAGE,true
22403,MAGNETS PACK OF 4 VINTAGE LABELS,true
22405,MONEY BOX POCKET MONEY DESIGN,true
22406,MONEY BOX KINGS CHOICE DESIGN,true
22407,MONEY BOX FIRST ADE DESIGN,true
22408,MONEY BOX CONFECTIONERY DESIGN,true
22409,MONEY BOX BISCUITS DESIGN,true
22410,MONEY BOX HOUSEKEEPING DESIGN,true
22411,JUMBO SHOPPER VINTAGE RED PAISLEY,true
22412,METAL SIGN NEIGHBOURHOOD WITCH,true
22413,METAL SIGN TAKE IT OR LEAVE IT,true
22414,DOOR MAT NEIGHBOURHOOD WITCH,true
22415,WHITE TISSUE REAM,true
22416,36 DOILIES SPACEBOY DESIGN,true
22417,PACK OF 60 SPACEBOY CAKE CASES,true
22418,10 COLOUR SPACEBOY PEN,true
22419,LIPSTICK PEN RED,true
22420,LIPSTICK PEN BABY PINK,true
22421,LIPSTICK PEN FUSCHIA,true
22422,TOOTHPASTE TUBE PEN,true
22423,REGENCY CAKESTAND 3 TIER,true
22424,ENAMEL BREAD BIN CREAM,true
22425,ENAMEL COLANDER CREAM,true
22426,ENAMEL WASH BOWL CREAM,true
22427,ENAMEL FLOWER JUG CREAM,true
22428,ENAMEL FIRE BUCKET CREAM,true
22429,ENAMEL MEASURING JUG CREAM,true
22430,ENAMEL WATERING CAN CREAM,true
22431,WATERING CAN BLUE ELEPHANT,true
22432,WATERING CAN GREEN DINOSAUR,true
22433,WATERING CAN GREEN DINOSAUR,true
22434,BALLOON PUMP WITH 10 BALLOONS,true
22435,?missing,true
22436,12 COLOURED PARTY BALLOONS,true
22437,SET OF 9 BLACK SKULL BALLOONS,true
22438,BALLOON ART MAKE YOUR OWN FLOWERS,true
22439,6 ROCKET BALLOONS,true
22440,BALLOON WATER BOMB PACK OF 35,true
22441,GROW YOUR OWN BASIL IN ENAMEL MUG,true
22442,GROW YOUR OWN FLOWERS SET OF 3,true
22443,GROW YOUR OWN HERBS SET OF 3,true
22444,GROW YOUR OWN PLANT IN A CAN,true
22445,PENCIL CASE GINGHAM FOREST,true
22446,PIN CUSHION BABUSHKA PINK,true
22447,PIN CUSHION BABUSHKA BLUE,true
22448,PIN CUSHION BABUSHKA RED,true
22449,SILK PURSE BABUSHKA PINK,true
22450,SILK PURSE BABUSHKA BLUE,true
22451,SILK PURSE BABUSHKA RED,true
22452,MEASURING TAPE BABUSHKA PINK,true
22453,MEASURING TAPE BABUSHKA BLUE,true
22454,MEASURING TAPE BABUSHKA RED,true
22456,NATURAL SLATE CHALKBOARD LARGE,true
22457,NATURAL SLATE HEART CHALKBOARD,true
22458,CAST IRON HOOK GARDEN FORK,true
22459,?lost,true
22460,EMBOSSED GLASS TEALIGHT HOLDER,true
22461,SAVOY ART DECO CLOCK,true
22464,HANGING METAL HEART LANTERN,true
22465,HANGING METAL STAR LANTERN,true
22466,FAIRY TALE COTTAGE NIGHT LIGHT,true
22467,22719,true
22468,BABUSHKA LIGHTS STRING OF 10,true
22469,HEART OF WICKER SMALL,true
22470,HEART OF WICKER LARGE,true
22471,TV DINNER TRAY AIR HOSTESS,true
22472,"TRAY FOR TV DINNER , DOLLY GIRL",true
22473,TV DINNER TRAY VINTAGE PAISLEY,true
22474,SPACEBOY TV DINNER TRAY,true
22475,SKULL DESIGN TV DINNER TRAY,true
22476,EMPIRE UNION JACK TV DINNER TRAY,true
22477,WATERING CAN GARDEN MARKER,true
22478,BIRDHOUSE GARDEN MARKER,true
22479,DAISY GARDEN MARKER,true
22480,RED TEA TOWEL CLASSIC DESIGN,true
22481,BLACK TEA TOWEL CLASSIC DESIGN,true
22482,BLUE TEA TOWEL CLASSIC DESIGN,true
22483,RED GINGHAM TEDDY BEAR,true
22485,SET OF 2 WOODEN MARKET CRATES,true
22486,PLASMATRONIC LAMP,true
22487,WHITE WOOD GARDEN PLANT LADDER,true
22488,NATURAL SLATE RECTANGLE CHALKBOARD,true
22489,PACK OF 12 TRADITIONAL CRAYONS,true
22491,PACK OF 12 COLOURED PENCILS,true
22492,MINI PAINT SET VINTAGE,true
22493,PAINT YOUR OWN CANVAS SET,true
22494,EMERGENCY FIRST AID TIN,true
22495,SET OF 2 ROUND TINS CAMEMBERT,true
22496,SET OF 2 ROUND TINS DUTCH CHEESE,true
22497,SET OF 2 TINS VINTAGE BATHROOM,true
22498,WOODEN REGATTA BUNTING,true
22499,?,true
22500,SET OF 2 TINS JARDIN DE PROVENCE,true
22501,Found,true
22502,Donated to The Food Chain charity,true
22503,CABIN BAG VINTAGE PAISLEY,true
22504,CABIN BAG VINTAGE RETROSPOT,true
22505,MEMO BOARD COTTAGE DESIGN,true
22507,MEMO BOARD RETROSPOT  DESIGN,true
22508,DOORSTOP RETROSPOT HEART,true
22509,SEWING BOX RETROSPOT DESIGN,true
22510,DOORSTOP RUSSIAN DOLL GINGHAM,true
22511,DOORSTOP RUSSIAN DOLL RETROSPOT,true
22512,DOORSTOP RACING CAR DESIGN,true
22513,DOORSTOP FOOTBALL DESIGN,true
22514,CHILDS GARDEN SPADE BLUE,true
22515,CHILDS GARDEN SPADE PINK,true
22516,CHILDS GARDEN RAKE BLUE,true
22517,CHILDS GARDEN RAKE PINK,true
22518,CHILDS GARDEN BRUSH BLUE,true
22519,CHILDS GARDEN BRUSH PINK,true
22520,CHILDS GARDEN TROWEL BLUE,true
22521,CHILDS GARDEN TROWEL PINK,true
22522,CHILDS GARDEN FORK BLUE,true
22523,?,true
22524,CHILDRENS GARDEN GLOVES BLUE,true
22525,CHILDRENS GARDEN GLOVES PINK,true
22526,WHEELBARROW FOR CHILDREN,true
22528,GARDENERS KNEELING PAD,true
22529,MAGIC DRAWING SLATE GO TO THE FAIR,true
22530,MAGIC DRAWING SLATE DOLLY GIRL,true
22531,MAGIC DRAWING SLATE CIRCUS PARADE,true
22532,MAGIC DRAWING SLATE LEAP FROG,true
22533,MAGIC DRAWING SLATE BAKE A CAKE,true
22534,MAGIC DRAWING SLATE SPACEBOY,true
22535,MAGIC DRAWING SLATE BUNNIES,true
22536,MAGIC DRAWING SLATE FIDO,true
22537,MAGIC DRAWING SLATE DINOSAUR,true
22538,MINI JIGSAW GO TO THE FAIR,true
22539,MINI JIGSAW DOLLY GIRL,true
22540,MINI JIGSAW CIRCUS PARADE,true
22541,MINI JIGSAW LEAP FROG,true
22543,MINI JIGSAW BAKE A CAKE,true
22544,MINI JIGSAW SPACEBOY,true
22545,MINI JIGSAW BUNNIES,true
22546,MINI JIGSAW FIDO,true
22547,MINI JIGSAW DINOSAUR,true
22548,HEADS AND TAILS SPORTING FUN,true
22549,PICTURE DOMINOES,true
22550,HOLIDAY FUN LUDO,true
22551,PLASTERS IN TIN SPACEBOY,true
22553,PLASTERS IN TIN SKULLS,true
22554,PLASTERS IN TIN WOODLAND ANIMALS,true
22555,PLASTERS IN TIN MR STRONG,true
22556,PLASTERS IN TIN CIRCUS PARADE,true
22557,PLASTERS IN TIN VINTAGE PAISLEY,true
22558,CLOTHES PEGS RETROSPOT PACK 24,true
22559,SEASIDE FLYING DISC,true
22560,TRADITIONAL MODELLING CLAY,true
22561,WOODEN SCHOOL COLOURING SET,true
22562,MONSTERS STENCIL CRAFT,true
22563,HAPPY STENCIL CRAFT,true
22564,ALPHABET STENCIL CRAFT,true
22565,FELTCRAFT HAIRBANDS PINK + WHITE,true
22566,FELTCRAFT HAIRBAND PINK AND PURPLE,true
22567,20 DOLLY PEGS RETROSPOT,true
22568,?? missing,true
22569,?,true
22570,?,true
22571,ROCKING HORSE RED CHRISTMAS,true
22572,??,true
22573,STAR WOODEN CHRISTMAS DECORATION,true
22574,HEART WOODEN CHRISTMAS DECORATION,true
22575,METAL MERRY CHRISTMAS WREATH,true
22576,SWALLOW WOODEN CHRISTMAS DECORATION,true
22577,WOODEN HEART CHRISTMAS SCANDINAVIAN,true
22578,WOODEN STAR CHRISTMAS SCANDINAVIAN,true
22579,WOODEN TREE CHRISTMAS SCANDINAVIAN,true
22580,ADVENT CALENDAR GINGHAM SACK,true
22581,WOOD STOCKING CHRISTMAS SCANDISPOT,true
22582,PACK OF 6 SWEETIE GIFT BOXES,true
22583,PACK OF 6 HANDBAG GIFT BOXES,true
22584,PACK OF 6 PANETTONE GIFT BOXES,true
22585,PACK OF 6 BIRDY GIFT TAGS,true
22586,FELTCRAFT HAIRBAND PINK AND BLUE,true
22587,FELTCRAFT HAIRBAND RED AND BLUE,true
22588,CARD HOLDER GINGHAM HEART,true
22589,CARDHOLDER GINGHAM STAR,true
22591,CARDHOLDER GINGHAM CHRISTMAS TREE,true
22592,CARDHOLDER HOLLY WREATH METAL,true
22593,CHRISTMAS GINGHAM STAR,true
22594,CHRISTMAS GINGHAM TREE,true
22595,CHRISTMAS GINGHAM HEART,true
22596,CHRISTMAS STAR WISH LIST CHALKBOARD,true
22597,CHRISTMAS MUSICAL ZINC HEART,true
22598,CHRISTMAS MUSICAL ZINC TREE,true
22599,CHRISTMAS MUSICAL ZINC STAR,true
22600,CHRISTMAS RETROSPOT STAR WOOD,true
22601,CHRISTMAS RETROSPOT ANGEL WOOD,true
22602,CHRISTMAS RETROSPOT HEART WOOD,true
22603,CHRISTMAS RETROSPOT TREE WOOD,true
22604,SET OF 4 NAPKIN CHARM CUTLERY,true
22605,WOODEN CROQUET GARDEN SET,true
22606,WOODEN SKITTLES GARDEN SET,true
22607,WOODEN ROUNDERS GARDEN SET,true
22608,PENS ASSORTED FUNKY JEWELED,true
22609,PENS ASSORTED SPACEBALL,true
22610,PENS ASSORTED FUNNY FACE,true
22611,VINTAGE UNION JACK SHOPPING BAG,true
22612,TEA COSY VINTAGE UNION JACK,true
22613,PACK OF 20 SPACEBOY NAPKINS,true
22614,PACK OF 12 SPACEBOY TISSUES,true
22615,PACK OF 12 CIRCUS PARADE TISSUES,true
22616,PACK OF 12 LONDON TISSUES,true
22617,BAKING SET SPACEBOY DESIGN,true
22618,COOKING SET RETROSPOT,true
22619,SET OF 6 SOLDIER SKITTLES,true
22620,4 TRADITIONAL SPINNING TOPS,true
22621,?,true
22622,BOX OF VINTAGE ALPHABET BLOCKS,true
22623,BOX OF VINTAGE JIGSAW BLOCKS,true
22624,IVORY KITCHEN SCALES,true
22625,RED KITCHEN SCALES,true
22626,BLACK KITCHEN SCALES,true
22627,MINT KITCHEN SCALES,true
22628,PICNIC BOXES SET OF 3 RETROSPOT,true
22629,SPACEBOY LUNCH BOX,true
22630,DOLLY GIRL LUNCH BOX,true
22631,CIRCUS PARADE LUNCH BOX,true
22632,HAND WARMER RED POLKA DOT,true
22633,HAND WARMER UNION JACK,true
22634,CHILDS BREAKFAST SET SPACEBOY,true
22635,CHILDS BREAKFAST SET DOLLY GIRL,true
22636,CHILDS BREAKFAST SET CIRCUS PARADE,true
22637,PIGGY BANK RETROSPOT,true
22638,SET OF 4 NAPKIN CHARMS CROWNS,true
22639,SET OF 4 NAPKIN CHARMS HEARTS,true
22640,SET OF 4 NAPKIN CHARMS 3 KEYS,true
22641,SET OF 4 NAPKIN CHARMS INSTRUMENT,true
22642,SET OF 4 NAPKIN CHARMS STARS,true
22643,SET OF 4 NAPKIN CHARMS LEAVES,true
22644,CERAMIC CHERRY CAKE MONEY BANK,true
22645,CERAMIC HEART CAKE MONEY BANK,true
22646,CERAMIC STRAWBERRY CAKE MONEY BANK,true
22647,CERAMIC LOVE HEART MONEY BANK,true
22649,STRAWBERRY CAKE TEAPOT,true
22650,CERAMIC PIRATE CHEST MONEY BANK,true
22651,GENTLEMAN SHIRT REPAIR KIT,true
22652,TRAVEL SEWING KIT,true
22653,BUTTON BOX,true
22654,DELUXE SEWING KIT,true
22655,VINTAGE RED KITCHEN CABINET,true
22656,VINTAGE BLUE KITCHEN CABINET,true
22657,HEN & 2 CHICKS IN BASKET,true
22659,LUNCH BOX I LOVE LONDON,true
22660,DOORMAT I LOVE LONDON,true
22661,CHARLOTTE BAG DOLLY GIRL DESIGN,true
22662,LUNCH BAG DOLLY GIRL DESIGN,true
22663,JUMBO BAG DOLLY GIRL DESIGN,true
22664,TOY TIDY DOLLY GIRL DESIGN,true
22665,RECIPE BOX BLUE SKETCHBOOK DESIGN,true
22666,RECIPE BOX PANTRY YELLOW DESIGN,true
22667,RECIPE BOX RETRO SPOT DESIGN,true
22668,PINK BABY BUNTING,true
22669,RED BABY BUNTING,true
22670,FRENCH WC SIGN BLUE METAL,true
22671,FRENCH LAUNDRY SIGN BLUE METAL,true
22672,FRENCH BATHROOM SIGN BLUE METAL,true
22673,FRENCH GARDEN SIGN BLUE METAL,true
22674,FRENCH TOILET SIGN BLUE METAL,true
22675,FRENCH KITCHEN SIGN BLUE METAL,true
22676,FRENCH BLUE METAL DOOR SIGN 1,true
22677,FRENCH BLUE METAL DOOR SIGN 2,true
22678,FRENCH BLUE METAL DOOR SIGN 3,true
22679,FRENCH BLUE METAL DOOR SIGN 4,true
22680,FRENCH BLUE METAL DOOR SIGN 5,true
22681,FRENCH BLUE METAL DOOR SIGN 6,true
22682,FRENCH BLUE METAL DOOR SIGN 7,true
22683,FRENCH BLUE METAL DOOR SIGN 8,true
22684,FRENCH BLUE METAL DOOR SIGN 9,true
22685,FRENCH BLUE METAL DOOR SIGN 0,true
22686,FRENCH BLUE METAL DOOR SIGN No,true
22687,DOORMAT CHRISTMAS VILLAGE,true
22688,DOORMAT PEACE ON EARTH BLUE,true
22689,?,true
22690,DOORMAT HOME SWEET HOME BLUE,true
22691,DOORMAT WELCOME SUNRISE,true
22692,DOORMAT WELCOME TO OUR HOME,true
22693,GROW A FLYTRAP OR SUNFLOWER IN TIN,true
22694,WICKER STAR,true
22695,WICKER WREATH SMALL,true
22696,WICKER WREATH LARGE,true
22697,GREEN REGENCY TEACUP AND SAUCER,true
22698,PINK REGENCY TEACUP AND SAUCER,true
22699,ROSES REGENCY TEACUP AND SAUCER,true
22700,BLACK AND WHITE DOG BOWL,true
22701,PINK DOG BOWL,true
22702,BLACK AND WHITE CAT BOWL,true
22703,PINK CAT BOWL,true
22704,WRAP RED APPLES,true
22705,WRAP GREEN PEARS,true
22706,WRAP COWBOYS,true
22707,WRAP MONSTER FUN,true
22708,WRAP DOLLY GIRL,true
22709,WRAP WEDDING DAY,true
22710,WRAP I LOVE LONDON,true
22711,WRAP CIRCUS PARADE,true
22712,CARD DOLLY GIRL,true
22713,CARD I LOVE LONDON,true
22714,CARD BIRTHDAY COWBOY,true
22715,CARD WEDDING DAY,true
22716,CARD CIRCUS PARADE,true
22717,CARD DOG AND BALL,true
22718,CARD CAT AND TREE,true
22719,22467,true
22720,SET OF 3 CAKE TINS PANTRY DESIGN,true
22721,SET OF 3 CAKE TINS SKETCHBOOK,true
22722,SET OF 6 SPICE TINS PANTRY DESIGN,true
22723,SET OF 6 HERB TINS SKETCHBOOK,true
22725,ALARM CLOCK BAKELIKE CHOCOLATE,true
22726,ALARM CLOCK BAKELIKE GREEN,true
22727,ALARM CLOCK BAKELIKE RED,true
22728,ALARM CLOCK BAKELIKE PINK,true
22729,ALARM CLOCK BAKELIKE ORANGE,true
22730,ALARM CLOCK BAKELIKE IVORY,true
22731,3D CHRISTMAS STAMPS STICKERS,true
22732,3D STICKERS VINTAGE CHRISTMAS,true
22733,3D STICKERS TRADITIONAL CHRISTMAS,true
22734,Carton qnty was 216 not 144 as stat,true
22735,RIBBON REEL SOCKS AND MITTENS,true
22736,RIBBON REEL MAKING SNOWMEN,true
22737,RIBBON REEL CHRISTMAS PRESENT,true
22738,RIBBON REEL SNOWY VILLAGE,true
22739,RIBBON REEL CHRISTMAS SOCK BAUBLE,true
22740,?,true
22741,FUNKY DIVA PEN,true
22742,MAKE YOUR OWN PLAYTIME CARD KIT,true
22743,MAKE YOUR OWN FLOWERPOWER CARD KIT,true
22744,MAKE YOUR OWN MONSOON CARD KIT,true
22745,POPPY'S PLAYHOUSE BEDROOM,true
22746,POPPY'S PLAYHOUSE LIVINGROOM,true
22747,POPPY'S PLAYHOUSE BATHROOM,true
22748,POPPY'S PLAYHOUSE KITCHEN,true
22749,FELTCRAFT PRINCESS CHARLOTTE DOLL,true
22750,FELTCRAFT PRINCESS LOLA DOLL,true
22751,FELTCRAFT PRINCESS OLIVIA DOLL,true
22752,SET 7 BABUSHKA NESTING BOXES,true
22753,SMALL YELLOW BABUSHKA NOTEBOOK,true
22754,SMALL RED BABUSHKA NOTEBOOK,true
22755,SMALL PURPLE BABUSHKA NOTEBOOK,true
22756,LARGE YELLOW BABUSHKA NOTEBOOK,true
22757,LARGE RED BABUSHKA NOTEBOOK,true
22758,LARGE PURPLE BABUSHKA NOTEBOOK,true
22759,SET OF 3 NOTEBOOKS IN PARCEL,true
22760,"TRAY, BREAKFAST IN BED",true
22761,CHEST 7 DRAWER MA CAMPAGNE,true
22762,CUPBOARD 3 DRAWER MA CAMPAGNE,true
22763,KEY CABINET MA CAMPAGNE,true
22764,"RUSTIC WOODEN CABINET, GLASS DOORS",true
22765,NEWSPAPER STAND,true
22766,PHOTO FRAME CORNICE,true
22767,TRIPLE PHOTO FRAME CORNICE,true
22768,FAMILY PHOTO FRAME CORNICE,true
22769,CHALKBOARD KITCHEN ORGANISER,true
22770,MIRROR CORNICE,true
22771,CLEAR DRAWER KNOB ACRYLIC EDWARDIAN,true
22772,DRAWER KNOB ACRYLIC EDWARDIAN PINK,true
22773,DRAWER KNOB ACRYLIC EDWARDIAN GREEN,true
22774,RED DRAWER KNOB ACRYLIC EDWARDIAN,true
22775,DRAWERKNOB ACRYLIC EDWARDIAN PURPLE,true
22776,"CAKESTAND, 3 TIER, LOVEHEART",true
22777,GLASS BELL JAR LARGE,true
22778,GLASS BELL JAR SMALL,true
22779,WOODEN OWLS LIGHT GARLAND,true
22780,LIGHT GARLAND BUTTERFILES PINK,true
22781,GUMBALL MAGAZINE RACK,true
22782,SET 3 WICKER STORAGE BASKETS,true
22783,SET 3 WICKER OVAL BASKETS W LIDS,true
22784,Incorrectly entered. should be 2279,true
22785,CUSHION COVER PINK UNION FLAG,true
22786,CUSHION COVER PINK UNION JACK,true
22788,BROCANTE COAT RACK,true
22789,T-LIGHT HOLDER SWEETHEART HANGING,true
22790,"MIRROR, ARCHED GEORGIAN",true
22791,T-LIGHT GLASS FLUTED ANTIQUE,true
22792,FLUTED ANTIQUE CANDLE HOLDER,true
22794,SWEETHEART WIRE MAGAZINE RACK,true
22795,SWEETHEART RECIPE BOOK STAND,true
22796,Not rcvd in 10/11/2010 delivery,true
22797,CHEST OF DRAWERS GINGHAM HEART,true
22798,ANTIQUE GLASS DRESSING TABLE POT,true
22799,SWEETHEART WIRE FRUIT BOWL,true
22800,ANTIQUE TALL SWIRLGLASS TRINKET POT,true
22801,ANTIQUE GLASS PEDESTAL BOWL,true
22802,FAUX FUR CHOCOLATE THROW,true
22803,IVORY EMBROIDERED QUILT,true
22804,CANDLEHOLDER PINK HANGING HEART,true
22805,BLUE DRAWER KNOB ACRYLIC EDWARDIAN,true
22806,SET OF 6 T-LIGHTS WEDDING CAKE,true
22807,SET OF 6 T-LIGHTS TOADSTOOLS,true
22808,SET OF 6 T-LIGHTS EASTER CHICKS,true
22809,SET OF 6 T-LIGHTS SANTA,true
22810,SET OF 6 T-LIGHTS SNOWMEN,true
22811,SET OF 6 T-LIGHTS CACTI,true
22812,?,true
22813,PACK 3 BOXES BIRD PANETTONE,true
22814,CARD PARTY GAMES,true
22815,CARD PSYCHEDELIC APPLES,true
22816,CARD MOTORBIKE SANTA,true
22817,CARD SUKI BIRTHDAY,true
22818,CARD CHRISTMAS VILLAGE,true
22819,"BIRTHDAY CARD, RETRO SPOT",true
22820,GIFT BAG BIRTHDAY,true
22821,GIFT BAG PSYCHEDELIC APPLES,true
22822,CREAM WALL PLANTER HEART SHAPED,true
22823,CHEST NATURAL WOOD 20 DRAWERS,true
22824,3 TIER SWEETHEART GARDEN SHELF,true
22825,DECORATIVE PLANT POT WITH FRIEZE,true
22826,LOVE SEAT ANTIQUE WHITE METAL,true
22827,GIANT SEVENTEEN DRAWER SIDEBOARD,true
22828,REGENCY MIRROR WITH SHUTTERS,true
22829,BROCANTE SHELF WITH HOOKS,true
22830,UTILTY CABINET WITH HOOKS,true
22831,WHITE BROCANTE SOAP DISH,true
22832,BROCANTE SHELF WITH HOOKS,true
22833,HALL CABINET WITH 3 DRAWERS,true
22834,HAND WARMER BABUSHKA DESIGN,true
22835,HOT WATER BOTTLE I AM SO POORLY,true
22837,?,true
22838,3 TIER CAKE TIN RED AND CREAM,true
22839,3 TIER CAKE TIN GREEN AND CREAM,true
22840,"CAKE TIN, ROUND, VINTAGE RED,CREAM",true
22841,"CAKE TIN, ROUND, VINTAGE MINT,IVORY",true
22842,BISCUIT TIN VINTAGE RED,true
22843,BISCUIT TIN VINTAGE GREEN,true
22844,"DOG FOOD CONTAINER , VINTAGE",true
22845,"CAT FOOD CONTAINER , VINTAGE",true
22846,BREAD BIN DINER STYLE RED,true
22847,BREAD BIN DINER STYLE IVORY,true
22848,AMAZON,true
22849,BREAD BIN DINER STYLE MINT,true
22850,BREAD BIN DINER STYLE BLACK,true
22851,SET 20 NAPKINS FAIRY CAKES DESIGN,true
22852,DOG BOWL VINTAGE CREAM,true
22853,CAT BOWL VINTAGE CREAM,true
22854,CREAM SWEETHEART EGG HOLDER,true
22855,FINE WICKER HEART,true
22856,ASSORTED EASTER DECORATIONS  BELLS,true
22857,ASSORTED EASTER GIFT TAGS,true
22858,EASTER TIN KEEPSAKE,true
22859,EASTER TIN BUNNY BOUQUET,true
22860,EASTER TIN CHICKS PINK DAISY,true
22861,EASTER TIN CHICKS IN GARDEN,true
22862,LOVE HEART NAPKIN BOX,true
22863,SOAP DISH BROCANTE,true
22864,Found,true
22865,HAND WARMER OWL DESIGN,true
22866,HAND WARMER SCOTTY DOG DESIGN,true
22867,HAND WARMER BIRD DESIGN,true
22868,NUMBER TILE COTTAGE GARDEN 0,true
22869,NUMBER TILE COTTAGE GARDEN 1,true
22870,NUMBER TILE COTTAGE GARDEN 2,true
22871,NUMBER TILE COTTAGE GARDEN 3,true
22872,NUMBER TILE COTTAGE GARDEN 4,true
22873,NUMBER TILE COTTAGE GARDEN 5,true
22874,NUMBER TILE COTTAGE GARDEN 6,true
22875,NUMBER TILE COTTAGE GARDEN 7,true
22876,NUMBER TILE COTTAGE GARDEN 8,true
22877,NUMBER TILE COTTAGE GARDEN 9,true
22878,NUMBER TILE COTTAGE GARDEN No,true
22879,NUMBER TILE VINTAGE FONT 0,true
22880,NUMBER TILE VINTAGE FONT 1,true
22881,NUMBER TILE VINTAGE FONT 2,true
22882,NUMBER TILE VINTAGE FONT 3,true
22883,NUMBER TILE VINTAGE FONT 4,true
22884,NUMBER TILE VINTAGE FONT 5,true
22885,NUMBER TILE VINTAGE FONT 6,true
22886,NUMBER TILE VINTAGE FONT 7,true
22887,NUMBER TILE VINTAGE FONT 8,true
22888,NUMBER TILE VINTAGE FONT 9,true
22889,NUMBER TILE VINTAGE FONT No,true
22890,NOVELTY BISCUITS CAKE STAND 3 TIER,true
22891,TEA FOR ONE POLKADOT,true
22892,SALT AND PEPPER SHAKERS TOADSTOOLS,true
22893,MINI CAKE STAND T-LIGHT HOLDER,true
22894,TABLECLOTH RED APPLES DESIGN,true
22895,SET OF 2 TEA TOWELS APPLE AND PEARS,true
22896,PEG BAG APPLE DESIGN,true
22897,OVEN MITT APPLE DESIGN,true
22898,CHILDRENS APRON APPLE DESIGN,true
22899,CHILDREN'S APRON DOLLY GIRL,true
22900,SET 2 TEA TOWELS I LOVE LONDON,true
22902,TOTE BAG I LOVE LONDON,true
22903,CALENDAR FAMILY FAVORITES,true
22904,CALENDAR PAPER CUT DESIGN,true
22905,CALENDAR IN SEASON DESIGN,true
22906,12 MESSAGE CARDS WITH ENVELOPES,true
22907,PACK OF 20 NAPKINS PANTRY DESIGN,true
22908,PACK OF 20 NAPKINS RED APPLES,true
22909,SET OF 20 VINTAGE CHRISTMAS NAPKINS,true
22910,PAPER CHAIN KIT VINTAGE CHRISTMAS,true
22911,PAPER CHAIN KIT LONDON,true
22912,YELLOW COAT RACK PARIS FASHION,true
22913,RED COAT RACK PARIS FASHION,true
22914,BLUE COAT RACK PARIS FASHION,true
22915,ASSORTED BOTTLE TOP  MAGNETS,true
22916,HERB MARKER THYME,true
22917,HERB MARKER ROSEMARY,true
22918,HERB MARKER PARSLEY,true
22919,HERB MARKER MINT,true
22920,HERB MARKER BASIL,true
22921,HERB MARKER CHIVES,true
22922,FRIDGE MAGNETS US DINER ASSORTED,true
22923,FRIDGE MAGNETS LES ENFANTS ASSORTED,true
22924,FRIDGE MAGNETS LA VIE EN ROSE,true
22925,AMAZON,true
22926,IVORY GIANT GARDEN THERMOMETER,true
22927,?,true
22928,YELLOW GIANT GARDEN THERMOMETER,true
22929,SCHOOL DESK AND CHAIR,true
22930,BAKING MOULD HEART MILK CHOCOLATE,true
22931,BAKING MOULD HEART WHITE CHOCOLATE,true
22932,BAKING MOULD TOFFEE CUP  CHOCOLATE,true
22933,BAKING MOULD EASTER EGG MILK CHOC,true
22934,BAKING MOULD EASTER EGG WHITE CHOC,true
22935,BAKING MOULD ROSE MILK CHOCOLATE,true
22936,BAKING MOULD ROSE WHITE CHOCOLATE,true
22937,BAKING MOULD CHOCOLATE CUP CAKES,true
22938,CUPCAKE LACE PAPER SET 6,true
22939,ADULT APRON APPLE DELIGHT,true
22940,FELTCRAFT CHRISTMAS FAIRY,true
22941,CHRISTMAS LIGHTS 10 REINDEER,true
22942,CHRISTMAS LIGHTS 10 SANTAS,true
22943,CHRISTMAS LIGHTS 10 VINTAGE BAUBLES,true
22944,CHRISTMAS METAL POSTCARD WITH BELLS,true
22945,CHRISTMAS METAL TAGS ASSORTED,true
22946,WOODEN ADVENT CALENDAR CREAM,true
22947,WOODEN ADVENT CALENDAR RED,true
22948,METAL DECORATION NAUGHTY CHILDREN,true
22949,36 DOILIES DOLLY GIRL,true
22950,36 DOILIES VINTAGE CHRISTMAS,true
22951,60 CAKE CASES DOLLY GIRL DESIGN,true
22952,60 CAKE CASES VINTAGE CHRISTMAS,true
22953,BIRTHDAY BANNER TAPE,true
22954,HEN PARTY BANNER TAPE,true
22955,36 FOIL STAR CAKE CASES,true
22956,36 FOIL HEART CAKE CASES,true
22957,SET 3 PAPER VINTAGE CHICK PAPER EGG,true
22959,WRAP CHRISTMAS VILLAGE,true
22960,JAM MAKING SET WITH JARS,true
22961,JAM MAKING SET PRINTED,true
22962,JAM JAR WITH PINK LID,true
22963,JAM JAR WITH BLUE LID,true
22964,3 PIECE SPACEBOY COOKIE CUTTER SET,true
22965,3 TRADITIONAL COOKIE CUTTERS  SET,true
22966,GINGERBREAD MAN COOKIE CUTTER,true
22967,SET 3 SONG BIRD PAPER EGGS ASSORTED,true
22968,ROSE COTTAGE KEEPSAKE BOX,true
22969,HOMEMADE JAM SCENTED CANDLES,true
22970,LONDON BUS COFFEE MUG,true
22971,QUEENS GUARD COFFEE MUG,true
22972,CHILDREN'S SPACEBOY MUG,true
22973,CHILDREN'S CIRCUS PARADE MUG,true
22974,CHILDRENS DOLLY GIRL MUG,true
22975,SPACEBOY CHILDRENS EGG CUP,true
22976,CIRCUS PARADE CHILDRENS EGG CUP,true
22977,DOLLY GIRL CHILDRENS EGG CUP,true
22978,PANTRY ROLLING PIN,true
22979,PANTRY WASHING UP BRUSH,true
22980,PANTRY SCRUBBING BRUSH,true
22981,PANTRY APPLE CORER,true
22982,PANTRY PASTRY BRUSH,true
22983,CARD BILLBOARD FONT,true
22984,CARD GINGHAM ROSE,true
22985,WRAP BILLBOARD FONTS DESIGN,true
22986,GINGHAM ROSE WRAP,true
22987,"WRAP , SUMMER ROSE DESIGN",true
22988,SOLDIERS EGG CUP,true
22989,SET 2 PANTRY DESIGN TEA TOWELS,true
22990,COTTON APRON PANTRY DESIGN,true
22991,GIRAFFE WOODEN RULER,true
22992,REVOLVER WOODEN RULER,true
22993,SET OF 4 PANTRY JELLY MOULDS,true
22994,TRAVEL CARD WALLET RETROSPOT,true
22995,TRAVEL CARD WALLET SUKI,true
22996,TRAVEL CARD WALLET VINTAGE TICKET,true
22997,TRAVEL CARD WALLET UNION JACK,true
22998,TRAVEL CARD WALLET KEEP CALM,true
22999,TRAVEL CARD WALLET RETRO PETALS,true
23000,TRAVEL CARD WALLET TRANSPORT,true
23001,TRAVEL CARD WALLET DOTCOMGIFTSHOP,true
23002,TRAVEL CARD WALLET SKULLS,true
23003,Printing smudges/thrown away,true
23004,TRAVEL CARD WALLET PANTRY,true
23005,TRAVEL CARD WALLET I LOVE LONDON,true
23006,TRAVEL CARD WALLET FLOWER MEADOW,true
23007,SPACEBOY BABY GIFT SET,true
23008,DOLLY GIRL BABY GIFT SET,true
23009,I LOVE LONDON BABY GIFT SET,true
23010,CIRCUS PARADE BABY GIFT SET,true
23012,GLASS APOTHECARY BOTTLE PERFUME,true
23013,GLASS APOTHECARY BOTTLE TONIC,true
23014,GLASS APOTHECARY BOTTLE ELIXIR,true
23015,CORDIAL GLASS JUG,true
23016,GLASS TWIST BON BON JAR,true
23017,APOTHECARY MEASURING JAR,true
23018,LARGE APOTHECARY MEASURING JAR,true
23019,SMALL APOTHECARY MEASURING JAR,true
23020,GLASS  SONGBIRD STORAGE JAR,true
23021,GLASS BONNE JAM JAR,true
23022,SMALL BONNE JAM JAR  T-LIGHT HOLDER,true
23023,RIDGED BONNE JAM JAR T-LIGHT HOLDER,true
23024,LARGE BONNE JAM JAR  T-LIGHT HOLDER,true
23025,DRAWER KNOB VINTAGE GLASS BALL,true
23026,DRAWER KNOB VINTAGE GLASS STAR,true
23027,DRAWER KNOB VINTAGE GLASS HEXAGON,true
23028,DOORKNOB CRACKED GLAZE BLUE,true
23029,DOORKNOB CRACKED GLAZE GREEN,true
23031,DOORKNOB CRACKED GLAZE PINK,true
23032,DOORKNOB CRACKED GLAZE IVORY,true
23033,DRAWER KNOB CERAMIC RED,true
23034,DRAWER KNOB CERAMIC BLACK,true
23035,DOORKNOB CERAMIC IVORY,true
23036,T-LIGHT HOLDER SILVER PETIT FOUR,true
23037,CANDLE HOLDER SILVER MADELINE,true
23038,T-LIGHT HOLDER SILVER SAUCER,true
23039,T-LIGHT HOLDER SILVER HEART HANDLE,true
23040,PAPER LANTERN 9 POINT SNOW STAR,true
23041,PAPER LANTERN 6 POINT SNOW STAR,true
23042,PAPER LANTERN 7 POINT SNOW STAR,true
23043,PAPER LANTERN 9 POINT HOLLY STAR 40,true
23044,PAPER LANTERN 9 POINT HOLLY STAR 23,true
23045,PAPER LANTERN 5 POINT STAR MOON,true
23046,PAPER LANTERN 9 POINT DELUXE STAR,true
23047,PAPER LANTERN 5 POINT SEQUIN STAR,true
23048,SET OF 10 LANTERNS FAIRY LIGHT STAR,true
23049,RECYCLED ACAPULCO MAT RED,true
23050,RECYCLED ACAPULCO MAT GREEN,true
23051,RECYCLED ACAPULCO MAT BLUE,true
23052,RECYCLED ACAPULCO MAT TURQUOISE,true
23053,RECYCLED ACAPULCO MAT PINK,true
23054,RECYCLED ACAPULCO MAT LAVENDER,true
23055,IVORY CHANDELIER T-LIGHT HOLDER,true
23056,CRYSTAL CHANDELIER T-LIGHT HOLDER,true
23057,BEADED CHANDELIER T-LIGHT HOLDER,true
23058,CHRISTMAS HANGING SNOWFLAKE,true
23059,Thrown away-rusty,true
23060,HEART BEADED TRELLIS DECORATION,true
23061,VINTAGE EMBOSSED HEART,true
23064,CINDERELLA CHANDELIER,true
23065,LARGE DECO JEWELLERY STAND,true
23066,SMALL DECO JEWELLERY STAND,true
23067,HANGING ENGRAVED METAL HEART,true
23068,ALUMINIUM HEART,true
23069,EDWARDIAN PHOTO FRAME,true
23070,EDWARDIAN HEART PHOTO FRAME,true
23071,MARIE ANTOIENETT TRINKET BOX GOLD,true
23072,MARIE ANTOINETTE TRINKET BOX SILVER,true
23073,GEORGIAN TRINKET BOX,true
23074,EMBOSSED HEART TRINKET BOX,true
23075,DOUBLE CERAMIC PARLOUR HOOK,true
23076,ICE CREAM SUNDAE LIP GLOSS,true
23077,DOUGHNUT LIP GLOSS,true
23078,ICE CREAM PEN LIP GLOSS,true
23079,TOADSTOOL BEDSIDE LIGHT,true
23080,RED METAL BOX TOP SECRET,true
23081,GREEN METAL BOX ARMY SUPPLIES,true
23082,SET 6 PAPER TABLE LANTERN HEARTS,true
23083,SET 6 PAPER TABLE LANTERN STARS,true
23084,Amazon,true
23085,ANTIQUE SILVER BAUBLE LAMP,true
23086,ZINC  STAR T-LIGHT HOLDER,true
23087,ZINC  HEART T-LIGHT HOLDER,true
23088,ZINC HEART FLOWER T-LIGHT HOLDER,true
23089,GLASS BON BON JAR,true
23090,VINTAGE GLASS T-LIGHT HOLDER,true
23091,METAL HERB GERDEN CONTAINER,true
23092,LARGE ANTIQUE WHITE PHOTO FRAME,true
23093,SMALL PARISIENNE HEART PHOTO FRAME,true
23094,LE GRAND TRAY CHIC SET,true
23096,PETIT TRAY CHIC,true
23099,FRENCH CARRIAGE LANTERN,true
23100,SILVER BELLS TABLE DECORATION,true
23101,SILVER STARS TABLE DECORATION,true
23102,SILVER HEARTS TABLE DECORATION,true
23103,BELL HEART DECORATION,true
23104,IVORY CAFE HANGING LAMP,true
23106,ZINC HEARTS PLANT POT HOLDER,true
23107,WHITE HEARTS WIRE PLANT POT HOLDER,true
23108,SET OF 10 LED DOLLY LIGHTS,true
23109,LED TEA LIGHTS,true
23110,PARISIENNE KEY CABINET,true
23111,PARISIENNE SEWING BOX,true
23112,PARISIENNE CURIO CABINET,true
23113,Damaged,true
23114,Damaged,true
23115,Damaged,true
23116,Damaged,true
23117,Damaged,true
23118,Breakages,true
23119,PACK OF 6 LARGE FRUIT STRAWS,true
23120,PACK OF 6 SMALL FRUIT STRAWS,true
23121,PACK OF 6 COCKTAIL PARASOL STRAWS,true
23122,PARTY CHARMS 50 PIECES,true
23123,COCKTAIL SWORDS 50 PIECES,true
23124,18PC WOODEN CUTLERY SET DISPOSABLE,true
23125,6PC WOOD PLATE SET DISPOSABLE,true
23126,DOLLCRAFT GIRL AMELIE,true
23127,DOLLCRAFT GIRL NICOLE,true
23128,DOLLCRAFT BOY JEAN-PAUL,true
23129,HEART SHAPED HOLLY WREATH,true
23130,MISELTOE HEART WREATH,true
23131,?,true
23132,SMALL IVORY HEART WALL ORGANISER,true
23133,LARGE IVORY HEART WALL ORGANISER,true
23134,LARGE ZINC HEART WALL ORGANISER,true
23135,?,true
23136,IVORY WIRE SWEETHEART LETTER TRAY,true
23137,ZINC WIRE SWEETHEART LETTER TRAY,true
23138,SINGLE WIRE HOOK IVORY HEART,true
23139,SINGLE WIRE HOOK PINK HEART,true
23140,TRIPLE WIRE HOOK IVORY HEART,true
23141,TRIPLE WIRE HOOK PINK HEART,true
23142,IVORY WIRE KITCHEN ORGANISER,true
23143,ZINC WIRE KITCHEN ORGANISER,true
23144,ZINC T-LIGHT HOLDER STARS SMALL,true
23145,ZINC T-LIGHT HOLDER STAR LARGE,true
23146,TRIPLE HOOK ANTIQUE IVORY ROSE,true
23147,SINGLE ANTIQUE ROSE HOOK IVORY,true
23148,MINIATURE ANTIQUE ROSE HOOK IVORY,true
23149,ANTIQUE IVORY WIRE BOWL SMALL,true
23150,IVORY SWEETHEART SOAP DISH,true
23151,ZINC SWEETHEART SOAP DISH,true
23152,IVORY SWEETHEART WIRE LETTER RACK,true
23153,ZINC SWEETHEART WIRE LETTER RACK,true
23154,SET OF 4 JAM JAR MAGNETS,true
23155,KNICKERBOCKERGLORY MAGNET ASSORTED,true
23156,SET OF 5 MINI GROCERY MAGNETS,true
23157,SET OF 6 NATIVITY MAGNETS,true
23158,SET OF 5 LUCKY CAT MAGNETS,true
23159,SET OF 5 PANCAKE DAY MAGNETS,true
23160,REGENCY TEA SPOON,true
23161,REGENCY CAKE FORK,true
23162,REGENCY TEA STRAINER,true
23163,REGENCY SUGAR TONGS,true
23164,REGENCY CAKE SLICE,true
23165,LARGE CERAMIC TOP STORAGE JAR,true
23166,MEDIUM CERAMIC TOP STORAGE JAR,true
23167,SMALL CERAMIC TOP STORAGE JAR,true
23168,CLASSIC CAFE SUGAR DISPENSER,true
23169,CLASSIC GLASS COOKIE JAR,true
23170,REGENCY TEA PLATE ROSES,true
23171,REGENCY TEA PLATE GREEN,true
23172,REGENCY TEA PLATE PINK,true
23173,REGENCY TEAPOT ROSES,true
23174,REGENCY SUGAR BOWL GREEN,true
23175,REGENCY MILK JUG PINK,true
23176,ABC TREASURE BOOK BOX,true
23177,TREASURE ISLAND BOOK BOX,true
23178,JAM CLOCK MAGNET,true
23179,CLOCK MAGNET MUM'S KITCHEN,true
23180,MUM'S KITCHEN CLOCK,true
23181,BULL DOG BOTTLE TOP WALL CLOCK,true
23182,TOILET SIGN OCCUPIED OR VACANT,true
23183,MOTHER'S KITCHEN SPOON REST,true
23184,BULL DOG BOTTLE OPENER,true
23185,FRENCH STYLE STORAGE JAR JAM,true
23186,FRENCH STYLE STORAGE JAR CAFE,true
23187,FRENCH STYLE STORAGE JAR BONBONS,true
23188,VINTAGE  2 METER FOLDING RULER,true
23189,SET OF 12 FORK CANDLES,true
23190,BUNDLE OF 3 SCHOOL EXERCISE BOOKS,true
23191,BUNDLE OF 3 RETRO EXERCISE BOOKS,true
23192,BUNDLE OF 3 ALPHABET EXERCISE BOOKS,true
23193,BUFFALO BILL TREASURE BOOK BOX,true
23194,GYMKHANA TREASURE BOOK BOX,true
23196,LEAVES MAGNETIC  SHOPPING LIST,true
23197,SKETCHBOOK MAGNETIC SHOPPING LIST,true
23198,PANTRY MAGNETIC  SHOPPING LIST,true
23199,JUMBO BAG APPLES,true
23200,JUMBO BAG PEARS,true
23201,JUMBO BAG ALPHABET,true
23202,JUMBO BAG VINTAGE LEAF,true
23203,JUMBO BAG DOILEY PATTERNS,true
23204,CHARLOTTE BAG APPLES DESIGN,true
23205,CHARLOTTE BAG ALPHABET  DESIGN,true
23206,LUNCH BAG APPLE DESIGN,true
23207,LUNCH BAG ALPHABET DESIGN,true
23208,LUNCH BAG VINTAGE LEAF DESIGN,true
23209,LUNCH BAG DOILEY PATTERN,true
23210,WHITE ROCKING HORSE HAND PAINTED,true
23211,RED ROCKING HORSE HAND PAINTED,true
23212,HEART WREATH DECORATION WITH BELL,true
23213,STAR WREATH DECORATION WITH BELL,true
23214,BELL HEART ANTIQUE GOLD,true
23215,JINGLE BELL HEART ANTIQUE SILVER,true
23216,LAUREL HEART ANTIQUE GOLD,true
23217,LAUREL HEART ANTIQUE SILVER,true
23218,LAUREL STAR ANTIQUE GOLD,true
23219,LAUREL STAR ANTIQUE SILVER,true
23220,REINDEER HEART DECORATION GOLD,true
23221,REINDEER HEART DECORATION SILVER,true
23222,CHRISTMAS TREE HANGING GOLD,true
23223,CHRISTMAS TREE HANGING SILVER,true
23224,CHERUB HEART DECORATION GOLD,true
23225,CHERUB HEART DECORATION SILVER,true
23226,FILIGREE HEART DAISY WHITE,true
23227,FILIGREE HEART BUTTERFLY WHITE,true
23228,FILIGREE HEART BIRD WHITE,true
23229,DONKEY TAIL GAME,true
23230,WRAP ALPHABET DESIGN,true
23231,WRAP  VINTAGE DOILEY,true
23232,WRAP VINTAGE LEAF DESIGN,true
23233,WRAP POPPIES  DESIGN,true
23234,BISCUIT TIN VINTAGE CHRISTMAS,true
23235,BISCUIT TIN VINTAGE LEAF,true
23236,DOILEY BISCUIT TIN,true
23237,SET OF 4 KNICK KNACK TINS LEAF,true
23238,SET OF 4 KNICK KNACK TINS LONDON,true
23239,SET OF 4 KNICK KNACK TINS POPPIES,true
23240,SET OF 4 KNICK KNACK TINS  DOILEY,true
23241,TREASURE TIN GYMKHANA DESIGN,true
23242,TREASURE TIN BUFFALO BILL,true
23243,SET OF TEA COFFEE SUGAR TINS PANTRY,true
23244,CANNISTER VINTAGE LEAF DESIGN,true
23245,SET OF 3 REGENCY CAKE TINS,true
23247,BISCUIT TIN 50'S CHRISTMAS,true
23249,ENAMEL DINNER PLATE PANTRY,true
23250,ENAMEL BOWL PANTRY,true
23251,ENAMEL MUG PANTRY,true
23252,ENAMEL JUG PANTRY,true
23253,16 PC CUTLERY SET PANTRY DESIGN,true
23254,CHILDRENS CUTLERY DOLLY GIRL,true
23255,CHILDRENS CUTLERY CIRCUS PARADE,true
23256,CHILDRENS CUTLERY SPACEBOY,true
23263,SET OF 3 WOODEN HEART DECORATIONS,true
23264,SET OF 3 WOODEN SLEIGH DECORATIONS,true
23265,SET OF 3 WOODEN TREE DECORATIONS,true
23266,SET OF 3 WOODEN STOCKING DECORATION,true
23267,SET OF 4 SANTA PLACE SETTINGS,true
23268,Incorrect stock entry.,true
23269,SET OF 2 CERAMIC CHRISTMAS TREES,true
23270,SET OF 2 CERAMIC PAINTED HEARTS,true
23271,CHRISTMAS TABLE CANDLE SILVER SPIKE,true
23272,TREE T-LIGHT HOLDER WILLIE WINKIE,true
23273,HEART T-LIGHT HOLDER WILLIE WINKIE,true
23274,STAR T-LIGHT HOLDER WILLIE WINKIE,true
23275,SET OF 3 HANGING OWLS OLLIE BEAK,true
23280,FOLDING BUTTERFLY MIRROR HOT PINK,true
23281,FOLDING BUTTERFLY MIRROR RED,true
23282,FOLDING BUTTERFLY MIRROR IVORY,true
23283,DOORMAT VINTAGE LEAF,true
23284,DOORMAT KEEP CALM AND COME IN,true
23285,PINK VINTAGE SPOT BEAKER,true
23286,BLUE VINTAGE SPOT BEAKER,true
23287,RED VINTAGE SPOT BEAKER,true
23288,GREEN VINTAGE SPOT BEAKER,true
23289,DOLLY GIRL CHILDRENS BOWL,true
23290,SPACEBOY CHILDRENS BOWL,true
23291,DOLLY GIRL CHILDRENS CUP,true
23292,SPACE BOY CHILDRENS CUP,true
23293,SET OF 12 FAIRY CAKE BAKING CASES,true
23294,SET OF 6 SNACK LOAF BAKING CASES,true
23295,SET OF 12 MINI LOAF BAKING CASES,true
23296,SET OF 6 TEA TIME BAKING CASES,true
23297,SET 40 HEART SHAPE PETIT FOUR CASES,true
23298,"BUNTING , SPOTTY",true
23299,"FOOD COVER WITH BEADS , SET 2 SIZES",true
23300,GARDENERS KNEELING PAD CUP OF TEA,true
23301,GARDENERS KNEELING PAD KEEP CALM,true
23302,KNEELING MAT HOUSEWORK  DESIGN,true
23303,SET 4 PICNIC CUTLERY FONDANT,true
23304,SET 4 PICNIC CUTLERY CHERRY,true
23305,SET 4 PICNIC CUTLERY BLUEBERRY,true
23306,SET OF 36 DOILIES PANTRY DESIGN,true
23307,SET OF 60 PANTRY DESIGN CAKE CASES,true
23308,SET OF 60 VINTAGE LEAF CAKE CASES,true
23309,SET OF 60 I LOVE LONDON CAKE CASES,true
23310,BUBBLEGUM RING ASSORTED,true
23311,VINTAGE CHRISTMAS STOCKING,true
23312,VINTAGE CHRISTMAS GIFT SACK,true
23313,VINTAGE CHRISTMAS BUNTING,true
23314,VINTAGE CHRISTMAS TABLECLOTH,true
23315,IVORY REFECTORY CLOCK,true
23316,RED REFECTORY CLOCK,true
23317,BLUE REFECTORY CLOCK,true
23318,BOX OF 6 MINI VINTAGE CRACKERS,true
23319,BOX OF 6 MINI 50'S CRACKERS,true
23320,GIANT 50'S CHRISTMAS CRACKER,true
23321,SMALL WHITE HEART OF WICKER,true
23322,LARGE WHITE HEART OF WICKER,true
23323,WHITE WICKER STAR,true
23324,RUSTIC STRAWBERRY JAM POT LARGE,true
23325,RUSTIC STRAWBERRY JAM POT SMALL,true
23326,HANGING MINI COLOURED BOTTLES,true
23327,HANGING CLEAR MINI BOTTLE,true
23328,SET 6 SCHOOL MILK BOTTLES IN CRATE,true
23329,DECORATIVE WICKER HEART LARGE,true
23330,DECORATIVE WICKER HEART MEDIUM,true
23331,DECORATIVE WICKER HEART SMALL,true
23332,IVORY WICKER HEART LARGE,true
23333,IVORY WICKER HEART MEDIUM,true
23334,IVORY WICKER HEART SMALL,true
23335,EGG FRYING PAN IVORY,true
23336,EGG FRYING PAN PINK,true
23337,EGG FRYING PAN MINT,true
23338,EGG FRYING PAN RED,true
23339,EGG FRYING PAN BLUE,true
23340,VINTAGE CHRISTMAS CAKE FRILL,true
23341,PINK DINER WALL CLOCK,true
23342,MINT DINER CLOCK,true
23343,20713,true
23344,JUMBO BAG 50'S CHRISTMAS,true
23345,DOLLY GIRL BEAKER,true
23346,SPACEBOY BEAKER,true
23347,I LOVE LONDON BEAKER,true
23348,CHILDRENS TOY COOKING UTENSIL SET,true
23349,ROLL WRAP VINTAGE CHRISTMAS,true
23350,ROLL WRAP VINTAGE SPOT,true
23351,ROLL WRAP 50'S CHRISTMAS,true
23352,ROLL WRAP 50'S RED CHRISTMAS,true
23353,6 GIFT TAGS VINTAGE CHRISTMAS,true
23354,6 GIFT TAGS 50'S CHRISTMAS,true
23355,HOT WATER BOTTLE KEEP CALM,true
23356,LOVE HOT WATER BOTTLE,true
23357,HOT WATER BOTTLE SEX BOMB,true
23358,HOT STUFF HOT WATER BOTTLE,true
23359,SET OF 12 T-LIGHTS VINTAGE DOILEY,true
23360,SET 8 CANDLES VINTAGE DOILEY,true
23365,SET 12 COLOUR PENCILS LOVE LONDON,true
23366,SET 12 COLOUR PENCILS DOILEY,true
23367,SET 12 COLOUR PENCILS SPACEBOY,true
23368,SET 12 COLOUR PENCILS DOLLY GIRL,true
23369,SET 36 COLOUR PENCILS LOVE LONDON,true
23370,SET 36 COLOUR PENCILS DOILEY,true
23371,SET 36 COLOUR PENCILS SPACEBOY,true
23372,SET 36 COLOUR PENCILS DOLLY GIRL,true
23373,VINTAGE CHRISTMAS PAPER GIFT BAG,true
23374,RED SPOT PAPER GIFT BAG,true
23375,50'S CHRISTMAS PAPER GIFT BAG,true
23376,PACK OF 12 VINTAGE CHRISTMAS TISSUE,true
23377,PACK OF 12 DOLLY GIRL TISSUES,true
23378,PACK OF 12 50'S CHRISTMAS TISSUES,true
23379,PACK OF 12 RED APPLE TISSUES,true
23380,PACK OF 12 DOILEY TISSUES,true
23381,PACK OF 12 VINTAGE LEAF TISSUES,true
23382,BOX OF 6 CHRISTMAS CAKE DECORATIONS,true
23388,WOODLAND MINI BACKPACK,true
23389,SPACEBOY MINI BACKPACK,true
23390,DOLLY GIRL MINI BACKPACK,true
23391,I LOVE LONDON MINI BACKPACK,true
23392,SPACEBOY ROCKET LOLLY MAKERS,true
23393,HOME SWEET HOME CUSHION COVER,true
23394,POSTE FRANCE CUSHION COVER,true
23395,BELLE JARDINIERE CUSHION COVER,true
23396,BUTTERFLY CUSHION COVER,true
23397,FOOT STOOL HOME SWEET HOME,true
23398,HANGING HEART BONHEUR,true
23399,HOME SWEET HOME HANGING HEART,true
23400,SHELF WITH 4 HOOKS HOME SWEET HOME,true
23401,RUSTIC MIRROR WITH LACE HEART,true
23402,HOME SWEEET HOME 3 PEG HANGER,true
23403,LETTER HOLDER HOME SWEET HOME,true
23404,HOME SWEET HOME BLACKBOARD,true
23405,HOME SWEET HOME 2 DRAWER CABINET,true
23406,CHECK,true
23407,SET OF 2 TRAYS HOME SWEET HOME,true
23408,PHOTO FRAME LINEN AND LACE SMALL,true
23409,PHOTO FRAME LINEN AND LACE LARGE,true
23410,CURIO CABINET LINEN AND LACE,true
23411,TRELLIS COAT RACK,true
23412,?,true
23413,DECORATIVE VINTAGE COFFEE  BOX,true
23414,ZINC BOX SIGN HOME,true
23415,HOME SWEET HOME HOOK,true
23416,CHAMBRE HOOK,true
23417,BATHROOM HOOK,true
23418,LAVENDER TOILETTE BOTTLE,true
23419,HOME SWEET HOME BOTTLE,true
23420,PANTRY HOOK TEA STRAINER,true
23421,PANTRY HOOK SPATULA,true
23422,PANTRY HOOK BALLOON WHISK,true
23423,PANTRY 3 HOOK ROLLING PIN HANGER,true
23424,GINGHAM RECIPE BOOK BOX,true
23425,STORAGE TIN HOME SWEET HOME,true
23426,METAL SIGN DROP YOUR PANTS,true
23427,STOOL HOME SWEET HOME,true
23428,IVORY RETRO KITCHEN WALL CLOCK,true
23429,RED RETRO KITCHEN WALL CLOCK,true
23430,BLUE RETRO KITCHEN WALL CLOCK,true
23431,NATURAL HANGING QUILTED HEARTS,true
23432,PRETTY HANGING QUILTED HEARTS,true
23433,HANGING QUILTED PATCHWORK APPLES,true
23434,3 RAFFIA RIBBONS 50'S CHRISTMAS,true
23435,3 RAFFIA RIBBONS VINTAGE CHRISTMAS,true
23436,GIFT BAG LARGE VINTAGE CHRISTMAS,true
23437,50'S CHRISTMAS GIFT BAG LARGE,true
23438,GIFT BAG LARGE SPOT,true
23439,HAND WARMER RED LOVE HEART,true
23440,PAINT YOUR OWN EGGS IN CRATE,true
23441,HAND PAINTED HANGING EASTER EGG,true
23442,12 HANGING EGGS HAND PAINTED,true
23444,Next Day Carriage,true
23445,ICE CREAM BUBBLES,true
23446,BLUE BUNNY EASTER EGG BASKET,true
23447,PINK BUNNY EASTER EGG BASKET,true
23448,CREAM BUNNY EASTER EGG BASKET,true
23449,SET OF 6 EASTER RAINBOW CHICKS,true
23451,SQUARE MINI PORTRAIT FRAME,true
23452,HEART MINI PORTRAIT FRAME,true
23453,OVAL  MINI PORTRAIT FRAME,true
23454,SET OF 3 MINI HANGING PORTRAITS,true
23455,SMALL PARLOUR FRAME,true
23456,MEDIUM PARLOUR FRAME,true
23457,LARGE PARLOUR FRAME,true
23458,DOLLY CABINET 3 DRAWERS,true
23459,DOLLY CABINET 2 DRAWERS,true
23460,SWEETHEART WALL TIDY,true
23461,SWEETHEART BIRD HOUSE,true
23462,ROCOCO WALL MIROR,true
23463,VINTAGE ZINC WATERING CAN,true
23464,VINTAGE ZINC WATERING CAN SMALL,true
23465,TUSCAN VILLA BIRD FEEDER,true
23466,TUSCAN VILLA DOVECOTE,true
23467,VINTAGE ZINC PLANTER,true
23468,TUSCAN VILLA BIRD TABLE,true
23469,CARD HOLDER LOVE BIRD SMALL,true
23470,CARD HOLDER LOVE BIRD LARGE,true
23471,SIX DRAWER OFFICE TIDY,true
23472,NINE DRAWER OFFICE TIDY,true
23473,WOODLAND SMALL RED FELT HEART,true
23474,WOODLAND SMALL BLUE FELT HEART,true
23475,WOODLAND SMALL PINK FELT HEART,true
23476,WOODLAND LARGE RED FELT HEART,true
23477,WOODLAND LARGE BLUE FELT HEART,true
23478,WOODLAND LARGE PINK FELT HEART,true
23479,WIRE EGG BASKET,true
23480,MINI LIGHTS WOODLAND MUSHROOMS,true
23481,PEARLISED IVORY HEART SMALL,true
23482,PEARLISED IVORY HEART LARGE,true
23483,HANGING  BUTTERFLY T-LIGHT HOLDER,true
23484,HEART TRELLIS TRIPLE T-LIGHT HOLDER,true
23485,BOTANICAL GARDENS WALL CLOCK,true
23486,ANTIQUE HEART SHELF UNIT,true
23487,SWEET HEART CAKE CARRIER,true
23489,"GARLAND, VINTAGE BELLS",true
23490,T-LIGHT HOLDER HANGING LOVE BIRD,true
23491,VINTAGE JINGLE BELLS HEART,true
23492,VINTAGE JINGLE BELLS WREATH,true
23493,VINTAGE DOILY TRAVEL SEWING KIT,true
23494,VINTAGE DOILY DELUXE SEWING KIT,true
23495,SET OF 3 PANTRY WOODEN SPOONS,true
23496,PANTRY KITCHEN THERMOMETER,true
23497,CLASSIC CHROME BICYCLE BELL,true
23498,CLASSIC BICYCLE CLIPS,true
23499,SET 12 VINTAGE DOILY CHALK,true
23500,KEY RING BASEBALL BOOT ASSORTED,true
23501,KEY RING BASEBALL BOOT UNION JACK,true
23502,PLAYING CARDS VINTAGE DOILEY,true
23503,PLAYING CARDS KEEP CALM & CARRY ON,true
23504,PLAYING CARDS JUBILEE UNION JACK,true
23505,PLAYING CARDS I LOVE LONDON,true
23506,MINI PLAYING CARDS SPACEBOY,true
23507,MINI PLAYING CARDS BUFFALO BILL,true
23508,MINI PLAYING CARDS DOLLY GIRL,true
23509,MINI PLAYING CARDS FUN FAIR,true
23510,MINI PLAYING CARDS GYMKHANA,true
23511,EMBROIDERED RIBBON REEL EMILY,true
23512,EMBROIDERED RIBBON REEL ROSIE,true
23513,EMBROIDERED RIBBON REEL SUSIE,true
23514,EMBROIDERED RIBBON REEL SALLY,true
23515,EMBROIDERED RIBBON REEL DAISY,true
23516,EMBROIDERED RIBBON REEL SOPHIE,true
23517,EMBROIDERED RIBBON REEL REBECCA,true
23518,EMBROIDERED RIBBON REEL RACHEL,true
23519,EMBROIDERED RIBBON REEL CLAIRE,true
23520,EMBROIDERED RIBBON REEL RUBY,true
23521,CAT AND BIRD WALL ART,true
23522,DOG AND BALL WALL ART,true
23523,TREASURE AHOY WALL ART,true
23524,HORSE & PONY WALL ART,true
23525,BUFFALO BILL WALL ART,true
23526,DOG LICENCE WALL ART,true
23527,ANIMALS AND NATURE WALL ART,true
23528,SPACEBOY WALL ART,true
23529,DOLLY GIRL WALL ART,true
23530,WALL ART ONLY ONE PERSON,true
23531,WALL ART BIG LOVE,true
23532,WALL ART WORK REST AND PLAY,true
23533,WALL ART GARDEN HAVEN,true
23534,STOP FOR TEA WALL ART,true
23535,BICYCLE SAFTEY WALL ART,true
23536,VILLAGE SHOW WALL ART,true
23537,I LOVE LONDON WALL ART,true
23538,WALL ART VINTAGE HEART,true
23539,"WALL ART , LOVES' SECRET",true
23540,"WALL ART , THE MAGIC FOREST",true
23541,"WALL ART ,PUDDINGS",true
23542,70'S ALPHABET WALL ART,true
23543,KEEP CALM WALL ART,true
23544,WALL ART MID CENTURY MODERN,true
23545,WRAP RED DOILEY,true
23546,WRAP PAISLEY PARK,true
23547,WRAP FLOWER SHOP,true
23548,WRAP MAGIC FOREST,true
23549,WRAP BIRD GARDEN,true
23550,WRAP ALPHABET POSTER,true
23551,PACK OF 12 PAISLEY PARK TISSUES,true
23552,BICYCLE PUNCTURE REPAIR KIT,true
23553,LANDMARK FRAME CAMDEN TOWN,true
23554,LANDMARK FRAME OXFORD STREET,true
23555,LANDMARK FRAME NOTTING HILL,true
23556,LANDMARK FRAME COVENT GARDEN,true
23557,LANDMARK FRAME BAKER STREET,true
23558,LANDMARK FRAME LONDON BRIDGE,true
23559,WOODLAND BUNNIES LOLLY MAKERS,true
23560,SET OF 6 RIBBONS COUNTRY STYLE,true
23561,SET OF 6 RIBBONS PARTY,true
23562,SET OF 6 RIBBONS PERFECTLY PRETTY,true
23564,EGG CUP MILKMAID INGRID,true
23565,EGG CUP MILKMAID HELGA,true
23566,EGG CUP MILKMAID HEIDI,true
23567,EGG CUP HENRIETTA HEN PINK,true
23568,EGG CUP HENRIETTA HEN CREAM,true
23569,TRADTIONAL ALPHABET STAMP SET,true
23570,TRADITIONAL PICK UP STICKS GAME,true
23571,TRADITIONAL NAUGHTS & CROSSES,true
23574,PACKING CHARGE,true
23575,SNACK TRAY PAISLEY PARK,true
23576,SNACK TRAY RED VINTAGE DOILY,true
23578,SNACK TRAY RED GINGHAM,true
23579,SNACK TRAY I LOVE LONDON,true
23580,SNACK TRAY HAPPY FOREST,true
23581,JUMBO BAG PAISLEY PARK,true
23582,VINTAGE DOILY JUMBO BAG RED,true
23583,LUNCH BAG PAISLEY PARK,true
23595,adjustment,true
23597,PAPER BUNTING PAISLEY PARK,true
23598,PAPER BUNTING VINTAGE PARTY,true
23601,SET 10 CARDS SNOWY SNOWDROPS  17100,true
23602,SET 10 CARDS 3 WISE MEN 17107,true
23603,SET 10 CARD KRAFT REINDEER 17084,true
23604,SET 10 MINI SANTA & SNOWMAN  17087,true
23605,SET 10 CARDS 12 DAYS OF XMAS 17059,true
23607,SET 10 CARDS HATS & STOCKINGS 17081,true
23608,SET 10 CARDS RUDOLPHS NOSE 17097,true
23609,SET 10 CARDS SNOWY ROBIN 17099,true
23610,SET 10 CARDS CHRISTMAS ROBIN 17095,true
23611,SET 10 CARDS RED RIDING HOOD 17214,true
23612,SET 10 MINICARDS CUTE SNOWMAN 17071,true
23613,SET 10 XMAS CARDS & BADGES 17070,true
23614,SET 10 CARDS 12 DAYS WRAP  17058,true
23615,SET 10 CARDS PRINTED GRAPHIC 17219,true
23616,SET 10 CARDS JINGLE BELLS 17217,true
23617,SET 10 CARDS SWIRLY XMAS TREE 17104,true
23619,SET 10 CARDS POINSETTIA 17093,true
23620,SET 10 CARDS PERFECT POST 17090,true
23621,SET 10 CARDS DAVID'S MADONNA 17074,true
23623,SET 10 CARD CHRISTMAS WELCOME 17112,true
23624,SET 10 CARD PERFECT NATIVITY 17089,true
23625,SET 6 CARDS SPARKLY REINDEER 17262,true
23626,SET 10 CARDS DINKY TREE 17076,true
23627,SET 10 CARDS XMAS GRAPHIC  17218,true
23628,SET 10 CARDS TRIANGLE ICONS  17220,true
23629,SET 10 CARDS DRESSING UP 17077,true
23630,SET 10 CARDS HANGING BAUBLES 17080,true
23632,SET 10 CARDS CHEERFUL ROBIN 17065,true
23633,SET 10 CARDS WORLD CHILDREN 17067,true
23634,SET 10 CARDS XMAS CHOIR 17068,true
23635,SET 10 CARDS CHRISTMAS HOLLY  17259,true
23636,SET 10 CARDS WISHING TREE 17116,true
23637,SET 10 CARDS OUT OF ORDER 17216,true
23638,SET 10 CARDS ROBIN WATERPUMP  17096,true
23639,SET 10 CARDS MAGICAL TREE 17086,true
23640,SET 10 CARDS SCOTTIE DOG 17211,true
23643,SET 10 CARDS CHRISTMAS BAUBLE 16954,true
23644,SET 10 CARDS CHRISTMAS TREE 16955,true
23645,SET 10 CHRISTMAS CARDS HOHOHO 16956,true
23646,SET 10 CARDS JINGLE BELLS 16957,true
23649,SET 10 CARDS DECK THE HALLS 16960,true
23650,SET 10 CARDS FILIGREE BAUBLE 16961,true
23652,SET 10 CARD CHRISTMAS STAMPS 16963,true
23654,SET 10 CARD SNOWMAN 16965,true
23660,HENRIETTA HEN MUG,true
23661,MILK MAIDS MUG,true
23664,FLOWER SHOP DESIGN MUG,true
23681,LUNCH BAG RED VINTAGE DOILY,true
23691,KEEP CALM BIRTHDAY WRAP,true
23692,WRAP A PRETTY THANK YOU,true
23694,PAISLEY PARK CARD,true
23695,DOILY THANK YOU CARD,true
23697,A PRETTY THANK YOU CARD,true
23702,High Resolution Image,true
23843,"PAPER CRAFT , LITTLE BIRDIE",true
30086C,ASSORTED FRUIT STRAWS,true
35001B,HAND OPEN SHAPE BLACK,true
35001C,HAND OPEN SHAPE CHROME,true
35001G,HAND OPEN SHAPE GOLD,true
35001P,HAND OPEN SHAPE PINK,true
35001W,HAND OPEN SHAPE DECO.WHITE,true
35004B,?,true
35004C,SET OF 3 COLOURED  FLYING DUCKS,true
35004G,SET OF 3 GOLD FLYING DUCKS,true
35004P,SET OF 3 PINK FLYING DUCKS,true
35004S,SET OF 3 SILVER FLYING DUCKS,true
35015,JACOBS LADDER SMALL,true
35051B,PINK BEADED CONE CHRISTMAS,true
35071,ASSORTED SANTA CHRISTMAS DECORATION,true
35085E,IVORY ROSE LAMPSHADE,true
35095A,BLUE VICTORIAN FABRIC OVAL BOX,true
35095B,RED VICTORIAN FABRIC OVAL BOX,true
35096A,BLUE VICTORIAN FABRIC HEART BOX,true
35096B,RED VICTORIAN FABRIC HEART BOX,true
35160,BUDDHA INCENSE HOLDER ASSORTED,true
35232,,true
35233,PASTA ENAMEL/BRASS CONTAINER,true
35240,ENAMEL BLUE RIM OVAL TRAY SET/2,true
35241,ENAMEL BLUE RIM BISCUIT BIN,true
35265,COLOURFUL FLOWER FRUIT BOWL,true
35271S,GOLD PRINT PAPER BAG,true
35400,WOODEN BOX ADVENT CALENDAR,true
35442,,true
35443,RASTA IN BATH W SPLIFF ASHTRAY,true
35471A,SET OF 3 BIRD L.BLUE FEATHER,true
35471B,,true
35471D,SET OF 3 BIRD LIGHT PINK FEATHER,true
35473,,true
35537,CANDLE RING W/CLEAR BEADS,true
35591G,,true
35591T,TURQUOISE CHRISTMAS TREE,true
35592T,,true
35594,WOODEN CHRISTMAS TREE 3 HANGING,true
35596,WOOD XMAS TREE 9 FIG SHELVES,true
35597A,DUSTY PINK CHRISTMAS TREE 30CM,true
35597B,BLACKCHRISTMAS TREE 30CM,true
35597D,PINK/WHITE CHRISTMAS TREE 30CM,true
35598A,DUSTY PINK CHRISTMAS TREE 60CM,true
35598B,BLACK CHRISTMAS TREE 60CM,true
35598C,WHITE CHRISTMAS TREE 60CM,true
35598D,PINK/WHITE CHRISTMAS TREE 60CM,true
35599B,BLACK CHRISTMAS TREE 120CM,true
35599D,PINK AND WHITE CHRISTMAS TREE 120CM,true
35600A,Found by jackie,true
35600D,PINK AND WHITE CHRISTMAS TREE 180CM,true
35603B,S/16 BLACK SHINY/MAT BAUBLES,true
35603C,SET/16 WHITE SHINY & MATT BAUBLES,true
35604B,,true
35605A,damages,true
35607A,PINK FLUFFY CHRISTMAS DECORATION,true
35607B,BLACK FEATHER CHRISTMAS DECORATION,true
35608A,,true
35608C,,true
35609A,PINK FEATHER CHRISTMAS DECORATION,true
35610A,PINK CHRISTMAS FLOCK DROPLET,true
35610B,BLACK CHRISTMAS FLOCK DROPLET,true
35610C,Thrown away.,true
35611B,BLACK ASSORTED DROPLET DECORATION,true
35630B,,true
35631A,,true
35631B,BLUE GREEN CHRISTMAS HANGING BALL,true
35632A,,true
35633B,BLUE TINSEL GARLAND,true
35637A,IVORY STRING CURTAIN WITH POLE,true
35637C,PINK STRING CURTAIN WITH POLE,true
35638A,PINK AND BLACK STRING CURTAIN,true
35638B,PINK/BLUE STRING CURTAIN,true
35643,?,true
35644,PAIR PINK/BLACK COATHANGERS,true
35645,VINTAGE BEAD PINK JEWEL BOX,true
35646,VINTAGE BEAD PINK EVENING BAG,true
35647,VINTAGE BEAD PINK SHADE,true
35648,VINTAGE BEAD PINK PURSE,true
35649,VINTAGE BEAD COSMETIC BAG,true
35650,VINTAGE BEAD PINK JEWEL STAND,true
35651,VINTAGE BEAD PINK SCARF,true
35652,VINTAGE BEAD CHAISE LONG JEWEL BOX,true
35653,VINTAGE BEAD NOTEBOOK,true
35654,VINTAGE BEAD FILLED PINK CUSHION,true
35751A,,true
35751C,PURPLE CURRENT CANDLE RING,true
35751D,PINK CURRENT CANDLE RING,true
35763,,true
35793,S/3 PUPPIES CHRISTMAS DECORATIONS,true
35794,,true
35809A,ENAMEL PINK TEA CONTAINER,true
35809B,ENAMEL BLUE RIM TEA CONTAINER,true
35810A,ENAMEL PINK COFFEE CONTAINER,true
35810B,ENAMEL BLUE RIM COFFEE CONTAINER,true
35811A,ENAMEL PINK SUGAR CONTAINER,true
35813A,,true
35815B,"ACRYLIC JEWEL SNOWFLAKE,BLUE",true
35815P,"ACRYLIC JEWEL SNOWFLAKE, PINK",true
35816B,"ACRYLIC JEWEL ANGEL,BLUE",true
35816P,"ACRYLIC JEWEL ANGEL,PINK",true
35817B,"ACRYLIC JEWEL SNOWFLAKE,BLUE",true
35817P,"ACRYLIC JEWEL SNOWFLAKE,PINK",true
35818B,"ACRYLIC JEWEL ICICLE, BLUE",true
35818C,"ACRYLIC JEWEL ICICLE, CLEAR",true
35818P,"ACRYLIC JEWEL ICICLE, PINK",true
35819B,"ACRYLIC HANGING JEWEL,BLUE",true
35819P,"ACRYLIC HANGING JEWEL,PINK",true
35821B,"JEWELLED DECORATION,BLUE",true
35821P,"JEWELLED DECORATION,PINK",true
35822B,"ACRYLIC BEAD CHAIN, BLUE",true
35822P,"ACRYLIC BEAD CHAIN, PINK",true
35823P,"ACRYLIC BEAD GARLAND,PINK",true
35824B,"HANGING FLOWERS+MIRROR,BLUE",true
35824C,"HANGING FLOWERS+MIRROR,CLEAR",true
35824P,"HANGING FLOWERS+MIRROR,PINK",true
35832,WOOLLY HAT SOCK GLOVE ADVENT STRING,true
35833G,4 GOLD FLOCK CHRISTMAS BALLS,true
35833P,4 PINK FLOCK CHRISTMAS BALLS,true
35837,SET OF SIX SILVER+RED FLOCK BAUBLES,true
35838A,S/6 MULTICOLOUR ORNAMENETAL CANDLE,true
35838B,S/6 SILVER ORNAMENETAL CANDLE,true
35839,,true
35840,FLAT GLASS  BAUBLE WHITE FLOCK,true
35900,,true
35908C,,true
35909A,RABBIT EASTER DECORATION,true
35909B,PINK FLOWERS RABBIT EASTER,true
35910A,MULTICOLOUR EASTER RABBIT,true
35910B,PINK FLOWERS RABBIT EASTER,true
35911A,MULTICOLOUR RABBIT EGG WARMER,true
35911B,PINK/FLOWER RABBIT EGG WARMER,true
35912B,WHITE/PINK CHICK DECORATION,true
35913B,WHITE/PINK CHICK EASTER DECORATION,true
35914,PINK CHICK EGG WARMER + EGG CUP,true
35915A,CREAM KNITTED HEN,true
35915B,BLUE KNITTED HEN,true
35915C,PEACH KNITTED HEN,true
35916A,YELLOW FELT HANGING HEART W FLOWER,true
35916B,BLUE FELT HANGING HEART W FLOWER,true
35916C,PINK FELT HANGING HEART W FLOWER,true
35918B,BLUE FLORIBUNDA EGG WARMER,true
35920,FOUR RABBIT EASTER DECORATIONS,true
35921,EASTER BUNNY HANGING GARLAND,true
35922,EASTER BUNNY WREATH,true
35923,CANDY HEART HANGING DECORATION,true
35924,HANGING FAIRY CAKE DECORATION,true
35925,,true
35926,,true
35930,PINK HEART CHRISTMAS DECORATION,true
35931,PINK STAR CHRISTMAS DECORATION,true
35932,PINK CHRISTMAS TREE DECORATION,true
35933,PINK STOCKING CHRISTMAS DECORATION,true
35935,,true
35936,CERISE+GOLD CHRISTMAS TREE DEC,true
35937,CERISE+GOLD CHRISTMAS STOCKING DEC,true
35940,,true
35941,,true
35945,GOLD CHRISTMAS STOCKING DECORATION,true
35948,,true
35949,,true
35950,FOLKART HEART CHRISTMAS DECORATIONS,true
35951,FOLKART BAUBLE CHRISTMAS DECORATION,true
35953,FOLKART STAR CHRISTMAS DECORATIONS,true
35954,SMALL FOLKART STAR CHRISTMAS DEC,true
35955,SMALL FOLKART CHRISTMAS TREE DEC,true
35956,lost,true
35957,SMALLFOLKART BAUBLE CHRISTMAS DEC,true
35958,FOLKART ZINC STAR CHRISTMAS DEC,true
35960,,true
35961,FOLKART ZINC HEART CHRISTMAS DEC,true
35962,12 ASS ZINC CHRISTMAS DECORATIONS,true
35963,FOLKART ZINC CLIP ON ANGEL WINGS,true
35964,FOLKART CLIP ON STARS,true
35965,FOLKART HEART NAPKIN RINGS,true
35966,FOLKART CHRISTMAS TREE T-LIGHT HOLD,true
35967,FOLK ART METAL STAR T-LIGHT HOLDER,true
35968,FOLK ART METAL HEART T-LIGHT HOLDER,true
35969,FOLKART CROWN TABLE DECORATIONS,true
35970,ZINC FOLKART SLEIGH BELLS,true
35971,ROSE FOLKART HEART DECORATIONS,true
35972,DAISY FOLKART HEART DECORATION,true
35973,GERANIUM FOLKART HEART DECORATION,true
35974,S/6 CHRISTMAS TREE PLACE SETTING,true
35975A,,true
35975B,,true
35976B,WHITE SCANDINAVIAN HEART CHRISTMAS,true
35977B,,true
35978,damages,true
35979,SIX STRING SCANDINAVIAN HEART DECS,true
35980A,,true
35980B,RED TOP SCANDINAVIAN HEART,true
35980C,REDWHITE STRIPE SCANDINAVIAN HEART,true
35981C,WHITE SNOW SCANDINAVIAN STOCKING,true
35983,,true
35990,,true
35991,SET/6 BLACK SNOWFLAKE T-LIGHTS,true
35992,,true
35993,,true
35994,,true
35995,SET/6 BLACK GLITTER REINDEER CANDLE,true
35999,S/6 SCANDINAVIAN HEART T-LIGHT,true
37112,YELLOW BIRDS FELT DES FOODCOVER,true
37326,FAIRY DESIGN MUGS,true
37327,ASSTD MULTICOLOUR CIRCLES MUG,true
37330,BIG POLKADOT MUG,true
37333,"RETRO ""TEA FOR ONE""",true
37340,MULTICOLOUR SPRING FLOWER MUG,true
37342,POLKADOT COFFEE CUP & SAUCER PINK,true
37343,POLKADOT MUG PINK,true
37345,ASSTD HEARTS DESIGN MUGS,true
37348,SET OF 4 PASTEL STACKING MUGS,true
37350,,true
37351,ORANGE FLOWER MUG,true
37352,BIRD IN TREE MUG,true
37353,,true
37365Y,,true
37370,RETRO COFFEE MUGS ASSORTED,true
37379A,PINK CHERRY BLOSSOM CUP & SAUCER,true
37379B,BLUE CHERRY BLOSSOM CUP & SAUCER,true
37399,"ASS RETROSPOOF MUGS,SPORTS",true
37408,ASSORTED DESIGN GEISHA GIRL MUGS,true
37409,ASSORTED DESIGN FLOWER MUGS,true
37410,BLACK AND WHITE PAISLEY FLOWER MUG,true
37413,ICON MUG REVOLUTIONARY,true
37422,WHITE WITH BLACK CATS BOWL,true
37423,WHITE WITH BLACK CATS PLATE,true
37424,WHITE WITH BLACK CATS MUG,true
37432,MUG PINK AND PURPLE ARABIC DESIGN,true
37438,FUNKY FLOWER COFFEE POT,true
37441,ASSORTED WHITE EMBOSSED CHINA MUGS,true
37444A,YELLOW BREAKFAST CUP AND SAUCER,true
37444B,BLUE BREAKFAST CUP AND SAUCER,true
37444C,PINK BREAKFAST CUP AND SAUCER,true
37445A,,true
37445C,,true
37445D,,true
37446,MINI CAKE STAND WITH HANGING CAKES,true
37447,CERAMIC CAKE DESIGN SPOTTED PLATE,true
37448,CERAMIC CAKE DESIGN SPOTTED MUG,true
37449,CERAMIC CAKE STAND + HANGING CAKES,true
37450,CERAMIC CAKE BOWL + HANGING CAKES,true
37451,CERAMIC CAKE TEAPOT WITH CHERRY,true
37452A,,true
37452B,,true
37461,FUNKY MONKEY MUG,true
37462B,"PET MUG, BUDGIE",true
37462E,"PET MUG, GOLDFISH",true
37464,ROBOT MUG IN DISPLAY BOX,true
37467,PIG MUG IN TWO COLOUR DESIGNS,true
37468,HARDMAN MUG 3 ASSORTED,true
37471,MULTICOLOUR DOTS PLATE,true
37474,SET/4 2 TONE EGG SHAPE MIXING BOWLS,true
37475,SET/4 COLOURFUL MIXING BOWLS,true
37476,CONDIMENT TRAY 4 BOWLS AND 4 SPOONS,true
37477B,"FLOWER FAIRY MUG+COASTER,LAVENDER",true
37477C,"FLOWER FAIRY MUG+COASTER,ROSE",true
37477D,,true
37479B,CUBIC MUG FLOCK BLUE ON BROWN,true
37479P,??,true
37481,CUBIC MUG TEATIME CAKES,true
37482B,CUBIC MUG BLUE POLKA DOT,true
37482P,CUBIC MUG PINK POLKA DOT,true
37483,ENGLISH ROSE MUG IN GIFT BOX,true
37484,ENGLISH ROSE TEA FOR ONE GIFT BOX,true
37485,ENGLISH ROSE TEA SET IN GIFT BOX,true
37487B,Damaged,true
37488A,YELLOW PINK FLOWER DESIGN BIG BOWL,true
37489A,YELLOW/PINK FLOWER DESIGN BIG MUG,true
37489B,BLUE/YELLOW FLOWER DESIGN BIG MUG,true
37489C,GREEN/BLUE FLOWER DESIGN BIG MUG,true
37489D,PINK/GREEN FLOWER DESIGN BIG MUG,true
37490C,,true
37490D,,true
37491A,YELLOW/PINK CERAMIC CANDLE HOLDER,true
37491B,BLUE/YELLOW CERAMIC CANDLE HOLDER,true
37491C,GREEN/BLUE CERAMIC CANDLE HOLDER,true
37491D,PURPLE/BLUE CERAMIC CANDLE HOLDER,true
37492A,YELLOW RED FLOWER PIGGY BANK,true
37492B,BLUE YELLOW FLOWER PIGGY BANK,true
37492C,GREEN BLUE FLOWER PIGGY BANK,true
37492D,PURPLE GREEN FLOWER PIGGY BANK,true
37493B,,true
37493C,,true
37493D,,true
37494A,FAIRY CAKE CERAMIC BUTTER DISH,true
37495,FAIRY CAKE BIRTHDAY CANDLE SET,true
37500,TEA TIME TEAPOT IN GIFT BOX,true
37501,TEA TIME TEA SET IN GIFT BOX,true
37502,TEA TIME MUG IN GIFT BOX,true
37503,TEA TIME CAKE STAND IN GIFT BOX,true
37504,,true
37506,NEW ENGLAND MILK JUG W GIFT BOX,true
37508,NEW ENGLAND CERAMIC CAKE SERVER,true
37509,NEW ENGLAND MUG W GIFT BOX,true
40001,WHITE BAMBOO RIBS LAMPSHADE,true
40002,WHITE BAMBOO RIBS LAMPSHADE,true
40003,?,true
40005B,BLUE ORGANDY ROUND LAMPSHADE W BEA,true
40016,?,true
40018E,TEA TIME PAPER LANTERNS,true
40018F,CHERRY DESIGN PAPERLANTERNS,true
40046A,RED DAISY PAPER LAMPSHADE,true
40046C,PINK BUTTERFLY PAPER LAMPSHADE,true
44089A,PINK GAUZE BUTTERFLY LAMPSHADE,true
44089C,LILAC GAUZE BUTTERFLY LAMPSHADE,true
44091A,BLUE CRUSOE CHECK LAMPSHADE,true
44091C,MULTICOLOUR CRUSOE CHECK LAMPSHADE,true
44092B,BLUE WHITE PLASTIC RINGS LAMPSHADE,true
44092C,PURPLE/COPPER HANGING LAMPSHADE,true
44217M,MULTICOLOUR FEATHERS CURTAIN,true
44228,CANNABIS LEAF BEAD CURTAIN,true
44230,SQUARE MIRROR CURTAIN,true
44234,ASSORTED CIRCULAR MOBILE,true
44235,ASS COL CIRCLE MOBILE,true
44236,PINK/PURPLE CIRCLE CURTAIN,true
44241C,BLUE BUTTERFLY ON SPRING,true
44242A,LILAC FEATHERS CURTAIN,true
44242B,PINK FEATHERS CURTAIN,true
44242C,,true
44265,M/COLOUR POM-POM CURTAIN,true
44266F,,true
44276,,true
45007B,,true
45008C,DECORATIVE NET CANOPY CREAM,true
45008L,,true
45013,FOLDING SHOE TIDY,true
45014,FOLDING SHIRT TIDY,true
45016,DECORATIVE NET CANOPY LEOPARD,true
46000M,Dotcom,true
46000P,POLYESTER FILLER PAD 65CMx65CM,true
46000R,POLYESTER FILLER PAD 45x30cm,true
46000S,Dotcom,true
46000U,POLYESTER FILLER PAD 30CMx30CM,true
46037A,PINK CANVAS DES CUSHION COVER,true
46115B,GREEN POP ART MAO CUSHION COVER,true
46118,FUNKY MONKEY CUSHION COVER,true
46126A,ELVIS WALLHANGING / CURTAIN,true
46137D,GREEN CHENILLE SHAGGY RUG,true
46138B,BLUE CHENILLE SHAGGY CUSHION COVER,true
46138D,GREEN CHENILLE SHAGGY C/COVER,true
46307,ROSES BLUE BASE CUSHION COVER,true
46775A,BUBBLE GUM CHUNKY KNITTED THROW,true
46775B,BERRIES CHUNKY KNITTED THROW,true
46775D,SUNSET COLOUR CHUNKY KNITTED THROW,true
46775E,CANDY POP CHUNKY KNITTED THROW,true
46776A,WOVEN BUBBLE GUM CUSHION COVER,true
46776B,WOVEN BERRIES CUSHION COVER,true
46776C,WOVEN FROST CUSHION COVER,true
46776D,WOVEN SUNSET CUSHION COVER,true
46776E,WOVEN CANDY CUSHION COVER,true
46776F,WOVEN ROSE GARDEN CUSHION COVER,true
47009,,true
47013A,WINE BOTTLE DRESSING LT.BLUE,true
47013C,WINE BOTTLE DRESSING DARK BLUE,true
47016,LIGHT DECORATION BATTERY OPERATED,true
47021G,SET/6 BEAD COASTERS GAUZE BAG GOLD,true
47284V,,true
47285B,,true
47310M,SMALL POP BOX FUNKY MONKEY,true
47340A,,true
47340B,,true
47341A,FUSCHIA TABLE RUN FLOWER,true
47341B,BLUE TABLE RUN FLOWER,true
47343A,FUSCHIA FLOWER PURSE WITH BEADS,true
47344B,BLUE FLOWER DES PURSE,true
47347A,,true
47347B,BLUE FLOWER T-LIGHT HOLDER,true
47348A,FUSCHIA VOILE POINTY SHOE DEC,true
47351B,BLUE  VOILE LAMPSHADE,true
47361,,true
47367B,PAIR PADDED HANGERS PINK CHECK,true
47369A,PINK GREEN EMBROIDERY COSMETIC BAG,true
47369B,BLUE GREEN EMBROIDERY COSMETIC BAG,true
47420,?,true
47421,ASSORTED COLOUR LIZARD SUCTION HOOK,true
47422,ASSORTED MONKEY SUCTION CUP HOOK,true
47469,ASSORTED SHAPES PHOTO CLIP SILVER,true
47471,RAINBOW PEGS PHOTO CLIP STRING,true
47480,HANGING PHOTO CLIP ROPE LADDER,true
47481,50CM METAL STRING WITH  7 CLIPS,true
47502,POLKADOT CUTLERY 24 PCS IN TRAY,true
47503A,ASS FLORAL PRINT MULTI SCREWDRIVER,true
47503E,ASS FLORAL PRINT SCISSORS,true
47503F,ASS FLORAL PRINT TORCH,true
47503G,ASS FLORAL PRINT TAPE MEASURE,true
47503H,ASS FLORAL PRINT SPIRIT LEVEL,true
47503J,SET/3 FLORAL GARDEN TOOLS IN BAG,true
47503K,ASSORTED FLORAL SECATEURS,true
47504E,ENGLISH ROSE SCISSORS,true
47504F,ENGLISH ROSE TORCH,true
47504G,ENGLISH ROSE TAPE MEASURE,true
47504H,ENGLISH ROSE SPIRIT LEVEL,true
47504J,ENGLISH ROSE SET/3 GARDEN TOOLS,true
47504K,ENGLISH ROSE GARDEN SECATEURS,true
47505,Damp and rusty,true
47518F,ICON PLACEMAT POP ART ELVIS,true
47552A,DOTS IRONING BOARD COVER,true
47554,S/3 COLOURS FLOCK TEA TOWELS,true
47556,SET/2 SPOTTY + ROSE TEA TOWELS,true
47556B,TEA TIME TEA TOWELS,true
47559,,true
47559B,TEA TIME OVEN GLOVE,true
47562,ENGLISH ROSE IRONING BOARD COVER,true
47563A,RETRO LONGBOARD IRONING BOARD COVER,true
47563B,WAVELINE SURF IRONING BOARD COVER,true
47565,,true
47566,?,true
47566B,TEA TIME PARTY BUNTING,true
47567,ENGLISH ROSE DESIGN KITCHEN APRON,true
47567B,TEA TIME KITCHEN APRON,true
47568,?,true
47569,ENGLISH ROSE DESIGN SHOPPING BAG,true
47570,ENGLISH ROSE TABLE CLOTH,true
47570B,TEA TIME TABLE CLOTH,true
47574A,ENGLISH ROSE SCENTED HANGING FLOWER,true
47574B,ENGLISH ROSE SCENTED HANGING HEART,true
47578A,ENGLISH ROSE SMALL SCENTED FLOWER,true
47579,TEA TIME BREAKFAST BASKET,true
47580,TEA TIME DES TEA COSY,true
47581A,,true
47581B,FAIRY CAKE WICKER PICNIC BASKET,true
47583A,SET OF 3 WICKER BASKET ROSE,true
47583B,SET OF 3 WICKER BASKET TEA AND CAKE,true
47585A,PINK FAIRY CAKE CUSHION COVER,true
47586A,PINK FAIRY CAKE CUSHION COVER,true
47587A,12'S SOLD AS 1?,true
47589,CONGRATULATIONS BUNTING,true
47590A,BLUE HAPPY BIRTHDAY BUNTING,true
47590B,PINK HAPPY BIRTHDAY BUNTING,true
47591A,CAROUSEL CHILDRENS APRON,true
47591B,SCOTTIES CHILDRENS APRON,true
47591C,BLUE FAIRY CAKE CHILD'S APRON,true
47591D,PINK FAIRY CAKE CHILDRENS APRON,true
47592A,CAROUSEL CHILDRENS OVERALL,true
47592B,SCOTTIE DOGS CHILDRENS OVERALL,true
47593A,CAROUSEL DESIGN BABY BIB,true
47593B,SCOTTIE DOGS BABY BIB,true
47594A,CAROUSEL DESIGN WASHBAG,true
47594B,SCOTTIES DESIGN WASHBAG,true
47595B,,true
47597,NEW ENGLAND TEATOWELS,true
47598,NEW ENGLAND EGG WARMER,true
47599A,PINK PARTY BAGS,true
47599B,BLUE PARTY BAGS,true
48103,DOOR MAT KISS MY.......,true
48111,DOOR MAT 3 SMILEY CATS,true
48116,DOOR MAT MULTICOLOUR STRIPE,true
48129,DOOR MAT TOPIARY,true
48138,DOOR MAT UNION FLAG,true
48169,,true
48172,,true
48173A,DOOR MAT BLUE FLOCK,true
48173C,DOOR MAT BLACK FLOCK,true
48175,DOOR MAT CAMOUFLAGE,true
48179,DOOR MAT SWEET HOME,true
48184,DOOR MAT ENGLISH ROSE,true
48185,?,true
48187,DOOR MAT NEW ENGLAND,true
48188,?,true
48189,DOOR MAT FRIENDSHIP,true
48194,DOOR MAT HEARTS,true
48195,DOOR MAT GREEN PAISLEY,true
48197,DOOR MAT BIRD ON THE WIRE,true
49031B,CHROME EURO HOOK 20cm,true
51008,AFGHAN SLIPPER SOCK PAIR,true
51012C,"FEATHER DUSTER, COAL BLACK",true
51012L,"FEATHER DUSTER, LIGHT PINK",true
51014A,"FEATHER PEN,HOT PINK",true
51014C,"FEATHER PEN,COAL BLACK",true
51014L,"FEATHER PEN,LIGHT PINK",true
51020A,SUMMER FUN DESIGN SHOWER CAP,true
51020B,STRIPY DESIGN SHOWER CAP,true
62018,SOMBRERO,true
62043B,BLUE CHECK BAG W HANDLE 34X20CM,true
62074B,ELEPHANT CLIP W SUCTION CUP,true
62086A,PINK RETRO BIG FLOWER BAG,true
62094B,TURQ ICE CREAM BUM BAG,true
62095B,TURQOISE ICE CREAM SUNHAT,true
62096A,PINK/YELLOW FLOWERS HANDBAG,true
62096B,PURPLE/TURQ FLOWERS HANDBAG,true
62097A,PINK STRIPES SHOULDER BAG,true
62097B,BLUE STRIPES SHOULDER BAG,true
70006,LOVE HEART POCKET WARMER,true
70007,HI TEC ALPINE HAND WARMER,true
70037L,,true
71028A,,true
71028B,SILVER BLUE EGG T-LIGHT HOLDER,true
71038,WHITE HANGING BEADS CANDLE HOLDER,true
71050,SMALL SINGLE FLAME CANDLE HOLDER,true
71053,WHITE METAL LANTERN,true
71101A,ANGEL ON KNEES METAL POLE 100CM H,true
71101E,STANDING FAIRY POLE SUPPORT,true
71143,ANTIQUE SILVER BOOK MARK WITH BEADS,true
71215,METAL BASE FOR CANDLES,true
71263G,,true
71265,,true
71270,PHOTO CLIP LINE,true
71279,PINK GLASS CANDLEHOLDER,true
71403,"PINK/WHITE ""KEEP CLEAN"" BULLET BIN",true
71406B,,true
71406C,BLACK ORANGE SQUEEZER,true
71409B,,true
71431,,true
71434B,"BLACK RND BULLET""KEEP CLEAN"" BIN",true
71459,HANGING JAM JAR T-LIGHT HOLDER,true
71477,COLOUR GLASS. STAR T-LIGHT HOLDER,true
71495A,CD WALL TIDY BLUE OFFICE,true
71495B,CD WALL TIDY RED FLOWERS,true
71496A,A4 WALL TIDY BLUE OFFICE,true
71496B,A4 WALL TIDY RED FLOWERS,true
71510,SQUARE METAL CANDLEHOLDER BASE,true
72008,FROSTED BOX 9 WHITE T-LIGHT CANDLES,true
72023F,RED ORGANIC CANDLE IN GLASS,true
72024HC,,true
72024U,LILAC VOTIVE CANDLE,true
72038B,damaged,true
72038P,PRICE'S CANDLE PEACH,true
72045A,,true
72045D,ROSES ON BLUE TEACUP CANDLE,true
72051S,BAG OF SILVER STONES,true
72083A,STRAWBERY SWIRL FLARE CANDLE,true
72084B,CHOCOLATE ICE CREAM CANDLE,true
72122,COFFEE SCENT PILLAR CANDLE,true
72127,COLUMBIAN CANDLE ROUND,true
72128,COLUMBIAN CANDLE ROUND,true
72129,COLUMBIAN CANDLE ROUND,true
72130,COLUMBIAN CANDLE ROUND,true
72131,COLUMBIAN CANDLE RECTANGLE,true
72132,COLUMBIAN CUBE CANDLE,true
72133,COLUMBIAN CANDLE RECTANGLE,true
72134,COLUMBIAN  CUBE CANDLE,true
72140D,,true
72140E,BEST DAD CANDLE LETTERS,true
72140F,HAPPY ANNIVERSARY CANDLE LETTERS,true
72225C,?,true
72225D,?,true
72226D,,true
72232,FENG SHUI PILLAR CANDLE,true
72234,,true
72267,PREMIUM CHURCH CANDLE,true
72331R,,true
72348B,,true
72349B,SET/6 PURPLE BUTTERFLY T-LIGHTS,true
72351A,SET/6 TURQUOISE BUTTERFLY T-LIGHTS,true
72351B,SET/6 PINK  BUTTERFLY T-LIGHTS,true
72369A,PINK CLEAR GLASS CANDLE PLATE,true
72483,,true
72484,ROSES IN WHITE HEART CANDLE,true
72487,ROSES WHITE ROUND CANDLE,true
72529W,WHITE ADVENT CANDLE,true
72586,"S/6 HALLOWEEN GHOST T LIGHTS, 5CM H",true
72598,SET/12 TAPER CANDLES,true
72606A,BROWN ANTIQUE CUBE CANDLE,true
72620A,,true
72655C,,true
72671B,,true
72697A,,true
72708,SCULPTED ROUND IVORY CANDLE,true
72709,IVORY SCULPTED RND CANDLE,true
72715,SPHERICAL IVORY CANDLE,true
72719,,true
72724,SET/6 CHRISTMAS ICICLE T-LIGHTS,true
72728,ROSE SCENT CANDLES IN GLASS,true
72732,thrown away-can't sell,true
72739B,WHITE CHOCOLATE SCENT CANDLE,true
72739C,DARK CHOCOLATE SCENTCANDLE,true
72740A,LARGE STRAWBERRY CHOCOLATE CANDLE,true
72740B,LARGE WHITE CHOCOLATE CANDLE,true
72741,GRAND CHOCOLATECANDLE,true
72748,,true
72750A,"F.FAIRY S/3 CANDLE/GLASS,LILY/VALLY",true
72750B,"F.FAIRY S/3 CANDLE/GLASS,LAVENDER",true
72750C,"F.FAIRY S/3 CANDLE/GLASS, ROSE",true
72750D,F.FAIRY S/3 CANDLE/GLASS,true
72751A,"F.FAIRY S/3 SML CANDLE,LILY/VALLEY",true
72751B,"F.FAIRY S/3 SML CANDLE, LAVENDER",true
72751C,"F.FAIRY S/3 SML CANDLE, ROSE",true
72751D,,true
72752A,"F.FAIRY,CANDLE IN GLASS,LILY/VALLEY",true
72752B,"F.FAIRY,CANDLE IN GLASS,LAVENDER",true
72752C,,true
72752D,,true
72753A,S/3 FLWR FAIRY LILLY CANDLES,true
72753B,S/3 FLWR FAIRY LAVENDER CANDLES,true
72753C,S/3 FLWR FAIRY ROSE CANDLES,true
72753D,S/3 FLWR FAIRY SUMMER CANDLES,true
72754A,FLOWER FAIRY POTPOURRI CUSHION LILY,true
72754B,F FAIRY POTPOURRI CUSHIONS LAVENDER,true
72754C,,true
72754D,F FAIRY POTPOURRI CUSHIONS SUMMER,true
72755A,,true
72755B,,true
72755C,FLOWER FAIRY OIL BURNER SET ROSE,true
72755D,FLOWER FAIRY OIL BURNER SET SUMMER,true
72756,FAIRY CAKE CANDLES,true
72759,thrown away-can't sell.,true
72760B,VINTAGE CREAM 3 BASKET CAKE STAND,true
72768,,true
72771B,BURG FLOCK GOLD CUP/CANDLE,true
72771C,BLACK FLOCK GOLD CANDLE,true
72772,SET/4 SCENTED CANDLES IN RAMEKINS,true
72777,,true
72778,,true
72779,SET/6 BLACK ROSE T-LIGHT CANDLES,true
72780,BLACK SILOUETTE CANDLE PLATE,true
72781,BLACK SILOUETTE CANDLE PLATE,true
72783,BLACK SIL'T SQU CANDLE PLATE,true
72785A,S/4 CONTEMPORY PINK ROSEBUD CANDLES,true
72785B,S/4 CONTEMPORY RED ROSEBUD CANDLES,true
72789,BASKET/8 SCENTED LOVE TOKEN CANDLES,true
72793,BLACK BOX MIRROR LANTERN,true
72796A,S/3 ENGLISH LAVENDER SQU CANDLE,true
72796B,S/3 FRENCH VANILLA SQU CANDLE,true
72796C,S/3 ROSE GARDEN SCENT SQU CANDLE,true
72798A,,true
72798B,,true
72798C,SET/4 GARDEN ROSE DINNER CANDLE,true
72799A,BLACK PILLAR CANDLE SILVER FLOCK,true
72799B,PURPLE PILLAR CANDLE BLACK FLOCK,true
72799C,PINK PILLAR CANDLE SILVER FLOCK,true
72799D,BLUE PILLAR CANDLE SILVER FLOCK,true
72799E,IVORY PILLAR CANDLE SILVER FLOCK,true
72799F,IVORY PILLAR CANDLE GOLD FLOCK,true
72800A,S/4 BLACK DINNER CANDLE SILVER FLOC,true
72800B,4 PURPLE FLOCK DINNER CANDLES,true
72800C,4 PINK DINNER CANDLE SILVER FLOCK,true
72800D,4 BLUE DINNER CANDLES SILVER FLOCK,true
72800E,4 IVORY DINNER CANDLES SILVER FLOCK,true
72800F,4 IVORY DINNER CANDLES GOLD FLOCK,true
72801C,4 ROSE PINK DINNER CANDLES,true
72801D,4 SKY BLUE DINNER CANDLES,true
72801E,4 FESTIVE GREEN DINNER CANDLES,true
72801F,S/4 FESTIVE RED DINNER CANDLES,true
72801G,4 BURGUNDY WINE DINNER CANDLES,true
72801H,,true
72802A,ROSE SCENT CANDLE IN JEWELLED BOX,true
72802B,OCEAN SCENT CANDLE IN JEWELLED BOX,true
72802C,VANILLA SCENT CANDLE JEWELLED BOX,true
72803A,?,true
72803B,OCEAN SCENT CANDLE JEWELLED DRAWER,true
72805,VANILLA CANDLE IN EMBOSSED ZINC POT,true
72806,,true
72807A,SET/3 ROSE CANDLE IN JEWELLED BOX,true
72807B,SET/3 OCEAN SCENT CANDLE JEWEL BOX,true
72807C,SET/3 VANILLA SCENTED CANDLE IN BOX,true
72809,,true
72811,SMALL ZINC/GLASS CANDLEHOLDER,true
72812,LARGE ZINC GLASS CANDLEHOLDER,true
72814,SET OF 3 CHRISTMAS BRIAR CANDLES,true
72815,3 WICK CHRISTMAS BRIAR CANDLE,true
72816,SET/3 CHRISTMAS DECOUPAGE CANDLES,true
72817,SET OF 2 CHRISTMAS DECOUPAGE CANDLE,true
72818,CHRISTMAS DECOUPAGE CANDLE,true
72819,CUPID DESIGN SCENTED CANDLES,true
72821,CUPID SCENTED CANDLE IN GLASS,true
75011,BLUE DAISY MOBILE,true
75013B,"STRING OF 8 BUTTERFLIES,PINK",true
75049L,LARGE CIRCULAR MIRROR MOBILE,true
75131,METAL TUBE CHIME ON BAMBOO,true
75132,,true
75149N,STRING CRYSTALS NATURAL,true
75172,PAINTED SEA SHELL METAL WINDCHIME,true
75178,ASSTD COL BUTTERFLY/CRYSTAL W/CHIME,true
77079,DOLPHIN WINDMILL,true
77081,FLOWER WINDMILL,true
77101A,UNION FLAG WINDSOCK,true
78026,SEAGRASS S/3 SQU LAUNDRY BOX,true
78027,SEAGRASS S/2 CORNER LAUNDRY,true
78033,FLAG OF ST GEORGE CHAIR,true
78034B,BLUE NETTING STORAGE HANGER,true
78056,CAMOUFLAGE BACKPACK ON WHEELS,true
78124,MAGAZINE RACK GEBRA ASSORTED,true
79000,Dotcom,true
79003B,,true
79023B,,true
79026B,"S/4 ICON COASTER,ELVIS LIVES",true
79029,GLASS HONEYPOT WASP CATCHER,true
79030A,"TUMBLER, ENGLISH ROSE",true
79030D,TUMBLER BAROQUE,true
79030G,TUMBLER NEW ENGLAND,true
79051A,SMOKEY GREY COLOUR D.O.F. GLASS,true
79053A,,true
79053B,,true
79053D,,true
79057B,,true
79062D,"RETRO TIN ASHTRAY,REVOLUTIONARY",true
79063C,"RETRO PILL BOX KEY CHAIN,THE KING",true
79063D,"RETRO PILL BOX , REVOLUTIONARY",true
79064C,,true
79065A,TEATIME ROUND CAKE TINS,true
79065B,,true
79066K,RETRO MOD TRAY,true
79067,CORONA MEXICAN TRAY,true
79069A,,true
79070B,ENGLISH ROSE SQUARE CAKE TINS,true
79071A,,true
79071B,ENGLISH ROSE METAL WASTE BIN,true
79072,TEATIME CAKE TIN WITH HANDLE,true
79082C,,true
79140,ASS WINDPROOF MARIJUANA LIGHTERS,true
79142,,true
79144B,PAINTED LIGHTBULB STAR+ MOON,true
79144C,PAINTED LIGHTBULB RAINBOW DESIGN,true
79149B,SILICON STAR BULB  BLUE,true
79151B,"SILICON CUBE 25W, BLUE",true
79157B,UBO-LIGHT TRIOBASE BLUE,true
79157V,UBO-LIGHT TRIOBASE PURPLE,true
79160,HEART SHAPE WIRELESS DOORBELL,true
79161A,ST GEORGE SET OF 10 PARTY LIGHTS,true
79163,BLACK CHAMPAGNE GLASS,true
79164,BLACK WINE GLASS,true
79165,,true
79172D,PURPLE TINT ACRYLIC FLOWER VASE,true
79190A,RETRO PLASTIC 70'S TRAY,true
79190B,RETRO PLASTIC POLKA TRAY,true
79190D,RETRO PLASTIC DAISY TRAY,true
79191B,RETRO PLASTIC POLKA TRAY,true
79191C,RETRO PLASTIC ELEPHANT TRAY,true
79191D,RETRO PLASTIC DAISY TRAY,true
79192A,RETRO PLASTIC 70'S TRAY,true
79301,FEATHER HEART LIGHTS,true
79302C,,true
79302J,,true
79302M,"ART LIGHTS,FUNK MONKEY",true
79303A,WHITE ROHMBIC BLOCK TABLE LAMP,true
79303B,BLUE STAR BLOCK TABLE LAMP,true
79303D,LILAC FLOWER BLOCK TABLE LAMP,true
79308B,MOSAIC CANDLE DISH BLUE PURPLE,true
79309A,,true
79315B,,true
79315W,FLYING SAUCER TABLE LIGHT IN WHITE,true
79320,FLAMINGO LIGHTS,true
79321,CHILLI LIGHTS,true
79323B,BLACK CHERRY LIGHTS,true
79323G,GOLD  CHERRY LIGHTS,true
79323GR,GREEN CHERRY LIGHTS,true
79323LP,LIGHT PINK CHERRY LIGHTS,true
79323P,PINK CHERRY LIGHTS,true
79323S,SILVER CHERRY LIGHTS,true
79323W,"Unsaleable, destroyed.",true
79328,BLUE FLOCK GLASS CANDLEHOLDER,true
79329,PINK FLOCK GLASS CANDLEHOLDER,true
79331,PINK FLOCK GLASS CANDLEHOLDER,true
79333,,true
79336,LIGHT PINK FLOCK GLASS CANDLEHOLDER,true
79337,BLUE FLOCK GLASS CANDLEHOLDER,true
79338,DARK PINK FLOCK GLASS CANDLEHOLDER,true
79340P,PURPLE ORCHID FLOWER LIGHTS,true
79340W,WHITE ORCHID FLOWER LIGHTS,true
79341,"Unsaleable, destroyed.",true
79342B,BROWN FLOWER LIGHTS,true
79403,FROSTED WHITE BASE,true
79406,FROSTED WHITE BASE,true
79413,GLASS WINE GLASS DECORATIONS,true
79532,MOSAIC GLASS BALL CANDLEHOLDER,true
79534,MULTICOLOUR GLASS PLATE,true
81950B,FLOWER BLUE CLOCK W/SUCKER,true
81950V,FLOWER PURPLE CLOCK W/SUCKER,true
81952B,ROUND BLUE CLOCK W/SUCKER,true
81952V,ROUND PURPLE CLOCK W/SUCKER,true
81953B,ROUND ARTICULATED BLUE CLOCK W/SUCK,true
81953P,ROUND ARTICULATED PINK CLOCK W/SUCK,true
81985A,"ICON ALARM CLOCK,FUSCHIA  PIN UP",true
82001S,SILVER RECORD COVER FRAME,true
82011A,"BATHROOM SCALES, TROPICAL BEACH",true
82011B,BATHROOM SCALES RUBBER DUCKS,true
82011C,BATHROOM SCALES FOOTPRINTS IN SAND,true
82011E,"BATHROOM SCALES, FAG BREAK",true
82039C,,true
82069,BEECH WOOD P/FRAME,true
82072,WHITE WOOD SINGLE P/FRAME,true
82076,BEECH WOOD PHOTO FRAME,true
82081,PINK HEARTS PHOTO ALBUM,true
82093,HEART SHAPE BUTTON FRAME,true
82095,HEART BUTTONS JEWELLERY BOX,true
82096,,true
82482,WOODEN PICTURE FRAME WHITE FINISH,true
82483,WOOD 2 DRAWER CABINET WHITE FINISH,true
82484,WOOD BLACK BOARD ANT WHITE FINISH,true
82486,3 DRAWER ANTIQUE WHITE WOOD CABINET,true
82494L,WOODEN FRAME ANTIQUE WHITE,true
82545A,COGNAC AUX OEUFS METAL 1 HOOK,true
82551,LAUNDRY 15C METAL SIGN,true
82552,?,true
82553,POP'S GREASY SPOON METAL SIGN,true
82567,"AIRLINE LOUNGE,METAL SIGN",true
82576,,true
82577,,true
82578,KITCHEN METAL SIGN,true
82580,BATHROOM METAL SIGN,true
82581,?,true
82582,?,true
82583,?,true
82585,SWEET VALENCIA CANDLE+CUP,true
82587,TEXRIO TOMATOES CANDLE+CUP,true
82595,,true
82597,?,true
82599,?,true
82600,N0 SINGING METAL SIGN,true
82605,OLD DOC RUSSEL METAL SIGN,true
82607A,GLASS BONBON JAR PARFUME AUX FLEURE,true
82607C,GLASS BONBON JAR. SUPERFINES,true
82607E,GLASS BONBON JAR. D'AMANDES,true
82609,,true
82613A,"METAL SIGN,CUPCAKE SINGLE HOOK",true
82613B,"METAL SIGN,CUPCAKE SINGLE HOOK",true
82613C,"METAL SIGN,CUPCAKE SINGLE HOOK",true
82613D,METAL SIGN CUPCAKE SINGLE HOOK,true
82615,PINK MARSHMALLOW SCARF KNITTING KIT,true
82616A,BUBBLE GUM SCARF KNITTING KIT,true
82616B,FRAPPUCINO SCARF KNITTING KIT,true
82616C,MIDNIGHT GLAMOUR SCARF KNITTING KIT,true
84006,MAGIC TREE -PAPER FLOWERS,true
84007,MAGIC GARDEN MOUNT FUJI,true
84010,,true
84012,MAGIC SHEEP WOOL GROWING FROM PAPER,true
84016,Ebay sales by the box.,true
84029C,BROWN FURRY HOT WATER BOTTLE,true
84029D,LEOPARD PRINT HOT WATER BOTTLE,true
84029E,RED WOOLLY HOTTIE WHITE HEART.,true
84029G,KNITTED UNION FLAG HOT WATER BOTTLE,true
84030B,KNITTED POM POM HOT WATER BOTTLE,true
84030C,KNITTED RAINBOW HOT WATER BOTTLE,true
84030E,ENGLISH ROSE HOT WATER BOTTLE,true
84031A,CHARLIE+LOLA RED HOT WATER BOTTLE,true
84031B,CHARLIE LOLA BLUE HOT WATER BOTTLE,true
84032A,CHARLIE+LOLA PINK HOT WATER BOTTLE,true
84032B,CHARLIE + LOLA RED HOT WATER BOTTLE,true
84033,FLAG OF ST GEORGE,true
84050,PINK HEART SHAPE EGG FRYING PAN,true
84051,ASS COLOUR GLOWING TIARAS,true
84077,WORLD WAR 2 GLIDERS ASSTD DESIGNS,true
84078A,SET/4 WHITE RETRO STORAGE CUBES,true
84081,WHITE CERAMIC PARTY SET (5PCS),true
84086B,YELLOW/BLUE RETRO RADIO,true
84086C,PINK/PURPLE RETRO RADIO,true
84192,ASSORTED COLOUR METAL CAT,true
84195,,true
84199,GLOW IN DARK DOLPHINS,true
84200,,true
84201B,HAPPY BIRTHDAY CARD STRIPEY TEDDY,true
84201C,HAPPY BIRTHDAY CARD TEDDY/CAKE,true
84205C,HAPPY BIRTHDAY GINGER CAT CARD,true
84206A,3 BLACK CATS W HEARTS BLANK CARD,true
84206B,CAT W SUNGLASSES BLANK CARD,true
84206C,CHAMPAGNE TRAY BLANK CARD,true
84212,"ASSORTED FLOWER COLOUR ""LEIS""",true
84218,BOX/12 CHICK & EGG IN BASKET,true
84219,BOX/12 MOTHER & CHICK IN BASKET/BOW,true
84224,,true
84226,HEN HOUSE W FAMILY IN BARN & NEST,true
84227,HEN HOUSE W CHICK IN NEST,true
84228,HEN HOUSE W CHICK STANDING,true
84231,EASTER BUNNY WITH BASKET ON BACK,true
84247B,,true
84247C,PACK/12 BLUE REINDEER CARD,true
84247D,,true
84247E,PACK OF 12 CHRISTMAS FUN CARDS,true
84247G,"DECOUPAGE,GREETING CARD,",true
84247H,PACK/12 DECOUPAGE CARD,true
84247J,PACK/12 RUSSIAN DOLL CARDS,true
84247K,"FOLK ART GREETING CARD,pack/12",true
84247L,FAWN AND MUSHROOM GREETING CARD,true
84247N,PACK/12 BLUE FOLKART CARDS,true
84248B,,true
84248E,,true
84248F,,true
84249A,"GREETING CARD,SQUARE, DOUGHNUTS",true
84249D,FAIRY CAKE GREETINGS CARD,true
84250H,,true
84250M,"GREETING CARD, BLACKPOOL ROCK",true
84251B,"GREETING CARD, STICKY GORDON",true
84251C,"GREETING CARD, TWO SISTERS.",true
84251F,"GREETING CARD, RITA",true
84251G,"GREETING CARD, OVERCROWDED POOL.",true
84251J,"GREETING CARD, THE BLACK CAT",true
84255A,PINK GLASS COCKTAIL LAMP,true
84255B,ORANGE COCKTAIL GLASS LAMP,true
84270,?,true
84279B,CHERRY BLOSSOM DECORATIVE FLASK,true
84279P,CHERRY BLOSSOM  DECORATIVE FLASK,true
84288B,SET/2 BLUE  NOODLE BASKETS,true
84292,ROSE PINK METAL FOLDING CHAIR,true
84292B,BLUE COL METAL FOLDING CHAIR,true
84306,S/3 PINK SQUARE PLANTERS ROSES,true
84311,CAMOFLAGE CUSHION COVER,true
84313A,PINK TV TRAY TABLE,true
84313B,BLUE TV TRAY TABLE,true
84313C,ORANGE TV TRAY TABLE,true
84327A,PINK JUMPER LARRY THE LAMB,true
84340,LARGE FIBRE OPTIC CHRISTMAS TREE,true
84341A,,true
84341B,SMALL PINK MAGIC CHRISTMAS TREE,true
84344,,true
84347,21494,true
84352,Damages/samples,true
84356,POMPOM CURTAIN,true
84358,FLOOR LAMP SHADE WOOD BASE,true
84360,TABLE LAMP WHITE SHADE WOOD BASE,true
84366,VENDETTA CANVAS PICTURE,true
84367,LA STREGA CANVAS PICTURE,true
84371,BIG PINK POODLE,true
84375,SET OF 20 KIDS COOKIE CUTTERS,true
84378,SET OF 3 HEART COOKIE CUTTERS,true
84380,SET OF 3 BUTTERFLY COOKIE CUTTERS,true
84387A,BIRD ON BRANCH CANVAS SCREEN,true
84388,WISE MAN STAR SHAPE EGG PAN,true
84389,,true
84394,,true
84395,,true
84396,6 HOOK JEWELLERY STAND BLACK DRESS,true
84402B,PURPLE DRESS JEWELLERY STAND,true
84402C,,true
84402D,PINK DRESS JEWELLERY STAND,true
84405A,S/3 PINK COL METAL BASKET W HANDLE,true
84406B,CREAM CUPID HEARTS COAT HANGER,true
84414B,FUSCHIA/GREEN STRIPE WOOLLY BLANKET,true
84415A,PINK FLOCK SUEDE CUSHION COVER,true
84415B,BLUE FLOCK CUSHION COVER,true
84422,Dagamed,true
84424A,FOUR PICTURE WHITE GLASS FRAME,true
84425A,WHITE GLASS TV TRIPLE FRAME,true
84427B,BLACK GLASS TV DOUBLE P/FRAME 15X10,true
84429A,MEDIUM PINK BUDDHA HEAD,true
84437A,S/6 PINK EASTER DECS IN BOX,true
84439B,,true
84440B,,true
84444C,,true
84447,6 RABBIT CHAIN EASTER,true
84448,,true
84449,,true
84450A,PINK RABBIT SITTING EASTER,true
84450B,PINK/YELLOW RABBIT SAT EASTER,true
84452,METAL RABBIT LADDER EASTER,true
84454,WOBBLING METAL CHICKEN EASTER,true
84455,SET OF 3 RABBIT CARROTS EASTER,true
84456,SET OF 3 RABBIT EGG EASTER,true
84457,SET/3 RABBITS FLOWER SKIPPPING ROPE,true
84458,S/3 RABBIT FLOWER/EGG/CARROT ROPE,true
84459A,PINK METAL CHICKEN HEART,true
84459B,YELLOW METAL CHICKEN HEART,true
84460A,,true
84461,12 PINK HEN+CHICKS IN BASKET,true
84462,3 PINK HEN+CHICKS IN BASKET,true
84464,S/60 PINK FLUFFY CHICKS IN BOX,true
84465,15 PINK FLUFFY CHICKS IN BOX,true
84466,TOP SECRET PEN SET,true
84467,ENGLISH ROSE DESIGN QUILTED THROW,true
84469,ROSE DES PADDED FLOOR CUSHION,true
84472,PINK AND LILAC QUILTED THROW,true
84476A,,true
84482,BUTTONS DESIGN JEWELLERY BOX,true
84493,BLUE/PINK NEST STRIPE BOX,true
84494B,,true
84497,BUTTONS AND STRIPES NOTEBOOK,true
84499,BLACK FLOWER CANDLE PLATE,true
84507B,STRIPES DESIGN MONKEY DOLL,true
84507C,BLUE CIRCLES DESIGN MONKEY DOLL,true
84508A,CAMOFLAGE DESIGN TEDDY,true
84508B,STRIPES DESIGN TEDDY,true
84508C,BLUE CIRCLES DESIGN TEDDY,true
84509A,ENGLISH ROSE PLACEMATS,true
84509B,SET OF 4 FAIRY CAKE PLACEMATS,true
84509C,DOTTY PLACEMATS,true
84509E,SET OF 4 CAROUSEL PLACEMATS,true
84509F,NEW ENGLAND PLACEMATS,true
84509G,SET OF 4 FAIRY CAKE PLACEMATS,true
84510A,SET OF 4 ENGLISH ROSE COASTERS,true
84510B,SET OF 4 FAIRY CAKES COASTERS,true
84510C,SET OF 4 POLKADOT COASTERS,true
84510E,SET OF 4 GREEN CAROUSEL COASTERS,true
84510F,SET OF 4 NEW ENGLAND COASTERS,true
84511,,true
84519A,TOMATO CHARLIE+LOLA COASTER SET,true
84519B,CARROT CHARLIE+LOLA COASTER SET,true
84519D,,true
84520B,PACK 20 ENGLISH ROSE PAPER NAPKINS,true
84520D,PACK OF 20 FAIRY CAKE PAPER NAPKINS,true
84522,PINK PARTY SUNGLASSES,true
84526,GIANT BLACK SUNGLASSES,true
84527,FLAMES SUNGLASSES PINK LENSES,true
84529A,PINK KNITTED KIDS RUCKSACK,true
84529B,BLUE KNITTED KID'S RUCKSACK,true
84529C,YELLOW KNITTED KIDS RUCKSACK,true
84531A,PINK KNITTED EGG COSY,true
84531B,BLUE KNITTED EGG COSY,true
84532B,FAIRY CAKES RECTANGLUAR BOXES,true
84533B,FAIRY CAKES ROUND NESTING BOXES,true
84534B,FAIRY CAKE NOTEBOOK A5 SIZE,true
84535A,ENGLISH ROSE NOTEBOOK A6 SIZE,true
84535B,FAIRY CAKES NOTEBOOK A6 SIZE,true
84536A,ENGLISH ROSE NOTEBOOK A7 SIZE,true
84536B,FAIRY CAKES NOTEBOOK A7 SIZE,true
84537B,FAIRY CAKES GIFT BAG,true
84539,KNITTED RABBIT DOLL,true
84546,CROCHET POODLE KEYRING,true
84548,CROCHET BEAR RED/BLUE  KEYRING,true
84549,CROCHET WHITE RABBIT KEYRING,true
84550,CROCHET LILAC/RED BEAR KEYRING,true
84551,CROCHET DOG KEYRING,true
84555A,YELLOW VW BEETLE CERAMIC MONEY BOX,true
84558A,3D DOG PICTURE PLAYING CARDS,true
84558B,,true
84559A,3D SHEET OF DOG STICKERS,true
84559B,3D SHEET OF CAT STICKERS,true
84559D,3D SHEET OF SEA WORLD STICKERS,true
84562A,PINK/WHITE RIBBED MELAMINE JUG,true
84562B,BLUE/WHITE RIBBED MELAMINE JUG,true
84563A,PINK & WHITE BREAKFAST TRAY,true
84563B,BLUE & WHITE BREAKFAST TRAY,true
84564,6 SEGMENT COLOURED SNACK BOWL,true
84567,FROSTED GLASS WITH SILVER SURROUND,true
84568,GIRLS ALPHABET IRON ON PATCHES,true
84569A,PACK 3 IRON ON DOG PATCHES,true
84569B,PACK 3 FIRE ENGINE/CAR PATCHES,true
84569C,PACK 4 FLOWER/BUTTERFLY PATCHES,true
84569D,PACK 6 HEART/ICE-CREAM PATCHES,true
84570B,WHITE SATIN DRESS JEWEL STAND,true
84571,,true
84572,6 HOOK JEWEL STAND LILAC DRESS,true
84575A,PINK DOG CANNISTER,true
84575B,BROWN DOG CANNISTER W BONE,true
84576,BLUE CAT BISCUIT BARREL PINK HEART,true
84578,ELEPHANT TOY WITH BLUE T-SHIRT,true
84580,MOUSE TOY WITH PINK T-SHIRT,true
84581,DOG TOY WITH PINK CROCHET SKIRT,true
84582,PINK CROCHET CAT WITH SCARF,true
84584,?,true
84585L,,true
84586L,"PINK ROSES/GINGHAM PATCH RABBIT 8""",true
84592,CROCHET ROSE PURSE WITH SUEDE BACK,true
84593,CROCHET ROSE DES CLOTHES HANGER,true
84595B,LARGE TRIFLE DESIGN L BLUE BOWL,true
84595E,LARGE TORTILLA DESIGN RED BOWL,true
84596B,SMALL DOLLY MIX DESIGN ORANGE BOWL,true
84596E,SMALL LICORICE DES PINK BOWL,true
84596F,SMALL MARSHMALLOWS PINK BOWL,true
84596G,SMALL CHOCOLATES PINK BOWL,true
84596I,WRAP SWEETS LIGHT PINK SMALL BOWL,true
84596J,MIXED NUTS LIGHT GREEN BOWL,true
84596K,JELLY BABIES YELLOW SMALL BOWL,true
84596L,BISCUITS SMALL BOWL LIGHT BLUE,true
84597A,,true
84597B,RETRO BROWN BALL ASHTRAY,true
84597C,RETRO PINK BALL ASHTRAY,true
84598,BOYS ALPHABET IRON ON PATCHES,true
84599,CANDY STRIPE ROSE FLOOR CUSHION,true
84600,NEW BAROQUE JEWELLERY BOX,true
84600A,,true
84601A,NEW BAROQUE IVORY CUSHION COVER,true
84608,ORNATE EDWARDIAN CANDLE HOLDER,true
84609,TALL ROCOCO CANDLE HOLDER,true
84611B,BLACK NEW BAROQUE FLOCK BOX,true
84612B,SET/4 BLACK  BAROQUE FLOCK COASTER,true
84613A,PINK NEW BAROQUE FLOCK CANDLESTICK,true
84613C,BLUE NEW BAROQUE FLOCK CANDLESTICK,true
84614A,PINK BAROQUE FLOCK CANDLE HOLDER,true
84614C,BLUE BAROQUE FLOCK CANDLE HOLDER,true
84615,PINK ROUND BUTTERFLY MIRROR,true
84616,SILVER ROCCOCO CHANDELIER,true
84617,NEW BAROQUE BLACK BOXES,true
84619,BLUE GINGHAM ROSE QUILT,true
84620,BLUE GINGHAM ROSE CUSHION COVER,true
84621,BLUE GINGHAM ROSE FLOOR CUSHION,true
84622,PINK GINGHAM ROSE CUSHION COVER,true
84623,PINK GINGHAM ROSE FLOOR CUSHION,true
84625A,PINK NEW BAROQUECANDLESTICK CANDLE,true
84625B,BLCK NEW BAROQUE CANDLESTICK CANDLE,true
84625C,BLUE NEW BAROQUE CANDLESTICK CANDLE,true
84625D,WHITE NEWBAROQUE CANDLESTICK CANDLE,true
84626,CANDY STRIPE ROSE QUILT,true
84627,CANDY STRIPE ROSE C/COVER,true
84629,WHITE 3 FRAME BIRDS AND TREE,true
84630,FLOWERS AND BIRDS WALL PLAQUE,true
84631,FRUIT TREE AND BIRDS WALL PLAQUE,true
84632,DECORATIVE HANGING SHELVING UNIT,true
84637,KITCHEN FLOWER POTS WALL PLAQUE,true
84638,SMALL KITCHEN FLOWER POTS PLAQUE,true
84641,damages,true
84642,,true
84648,NEW BAROQUE WALL MIRROR,true
84653,GREEN ROSE QUILT,true
84656,WHITE ROSE C/COVER,true
84657,GREEN ROSE CUSHION COVER,true
84658,WHITE STITCHED CUSHION COVER,true
84659A,WHITE TRAVEL ALARM CLOCK,true
84660A,WHITE STITCHED WALL CLOCK,true
84660B,BLACK STITCHED WALL CLOCK,true
84660C,PINK STITCHED WALL CLOCK,true
84661A,WHITE SQUARE TABLE CLOCK,true
84661B,BLACK SQUARE TABLE CLOCK,true
84661C,PINK SQUARE TABLE CLOCK,true
84663A,GRASS HOPPER WOODEN WALL CLOCK,true
84664,CHERRY BLOSSOM BATHROOM CABINET,true
84665,SQUARE CHERRY BLOSSOM CABINET,true
84666,SQUARE CHERRY BLOSSOM CABINET,true
84670,JAPANESE CROCHETED ANIMAL,true
84671A,,true
84671B,CROCHET BEAR WITH BLUE STRIPES,true
84672A,,true
84673A,PINK FLY SWAT,true
84673B,BLUE FLY SWAT,true
84674,FLYING PIG WATERING CAN,true
84675,FROG KING WATERING CAN,true
84676,BATH DUCK WATERING CAN,true
84678,CLASSICAL ROSE SMALL VASE,true
84679,CLASSICAL ROSE TABLE LAMP,true
84680,CLASSICAL ROSE URN,true
84681,,true
84682,CLASSICAL ROSE DISH,true
84683,CLASSICAL ROSE CANDLESTAND,true
84684,BEACH HUT PHOTO FRAME,true
84685,BEACH HUT KEY CABINET,true
84686,BEACH HUT MIRROR,true
84687,BEACH HUT SHELF W 3 DRAWERS,true
84688,BEACH HUT DESIGN BLACKBOARD,true
84689,S/2 BEACH HUT TREASURE CHESTS,true
84690,S/2 BEACH HUT STOOLS,true
84691,PACK 20 DOLLY PEGS,true
84692,BOX OF 24 COCKTAIL PARASOLS,true
84699,,true
84705A,ENGLISH ROSE PHOTO FRAME,true
84705B,FAIRY CAKES PHOTO FRAME,true
84705C,PINK FLOCK PHOTO FRAME,true
84705D,CHERRY BLOSSOM PHOTO FRAME,true
84705E,,true
84705F,RED PEONY PHOTO FRAME,true
84706A,ENGLISH ROSE TABLE CLOCK,true
84706B,FAIRY CAKES TABLE CLOCK,true
84706C,PINK FLOCK TABLE CLOCK,true
84706D,CHERRY BLOSSOM TABLE CLOCK,true
84706E,,true
84706F,RED PEONY TABLE CLOCK,true
84707A,SILVER JEWELLED MIRROR TRINKET TRAY,true
84707B,PINK JEWELLED MIRROR TRINKET TRAY,true
84708B,PINK JEWELLED PHOTO FRAME,true
84709A,Damaged,true
84709B,PINK OVAL JEWELLED MIRROR,true
84711A,SILVER OVAL SHAPE TRINKET BOX,true
84711B,PINK OVAL SHAPE TRINKET BOX,true
84712B,PINK JEWELLED PHOTO FRAME,true
84715,SET OF 6 ICE CREAM SKITTLES,true
84718,,true
84720,DOT MATRIX CANVAS ART PICTURE,true
84721,MANHATTAN CANVAS ART PICTURE,true
84723,CHERRY BLOSSOM CANVAS ART PICTURE,true
84725,FREESTYLE CANVAS ART PICTURE,true
84726,LILLIES CANVAS PICTURE,true
84731,3 BIRDS CANVAS SCREEN,true
84732B,CUTE BIRD CEATURE SCREEN,true
84732D,CUTE RABBIT CEATURE SCREEN,true
84741C,CITRUS GARLAND FELT FLOWERS,true
84743C,ORANGE FELT VASE + FLOWERS,true
84744,S/6 SEW ON CROCHET FLOWERS,true
84745A,PINK HANGING GINGHAM EASTER HEN,true
84745B,BLUE HANGING GINGHAM EASTER HEN,true
84746,PINK EASTER HENS+FLOWER,true
84748,FOLK FELT HANGING MULTICOL GARLAND,true
84750A,PINK SMALL GLASS CAKE STAND,true
84750B,BLACK SMALL GLASS CAKE STAND,true
84750C,,true
84751B,BLACK MEDIUM GLASS CAKE STAND,true
84752B,,true
84753A,PINK EAU DE COLOGNE BOTTLE,true
84754,S/15 SILVER GLASS BAUBLES IN BAG,true
84755,COLOUR GLASS T-LIGHT HOLDER HANGING,true
84757,ENCHANTED GARDEN WROUGHT IRON TABLE,true
84760L,LARGE HANGING GLASS+ZINC LANTERN,true
84760S,SMALL HANGING GLASS+ZINC LANTERN,true
84761,IVORY HANGING BIRD PLANTER,true
84762A,WHITE PICNIC BARBECUE BUCKET,true
84762B,PINK PICNIC BARBECUE BUCKET,true
84762C,GREEN PICNIC BARBECUE BUCKET,true
84763,Display,true
84765,SILVER ROCOCO CANDELABRA,true
84766,SILVER ROCOCO CANDLE STICK,true
84767,ZINC POLICE BOX LANTERN,true
84770,ROUND GEORGIAN SILVER MIRROR,true
84773,RED ROSE AND LACE C/COVER,true
84775,,true
84782A,PINK 3 TIER GLASS PLATE STAND,true
84782B,BLACK 3 TIER GLASS PLATE STAND,true
84782C,GREEN 3 TIER GLASS PLATE STAND,true
84789,ENCHANTED BIRD PLANT CAGE,true
84791,GINGHAM HEART DECORATION,true
84792,ENCHANTED BIRD COATHANGER 5 HOOK,true
84795A,PASTEL STRIPE HAMMOCK,true
84795B,SUNSET CHECK HAMMOCK,true
84795C,OCEAN STRIPE HAMMOCK,true
84795D,SEASIDE STRIPE HAMMOCK,true
84795E,RIO PINK STRIPE HAMMOCK,true
84796A,PINK HAWAIIAN PICNIC HAMPER FOR 2,true
84796B,BLUE SAVANNAH PICNIC HAMPER FOR 2,true
84797A,PINK HAWAIIAN PICNIC HAMPER FOR 4,true
84797B,BLUE SAVANNAH PICNIC HAMPER FOR 4,true
84798A,PINK FOXGLOVE ARTIIFCIAL FLOWER,true
84798B,PURPLE FOXGLOVE ARTIIFCIAL FLOWER,true
84798C,WHITE FOXGLOVE ARTIIFCIAL FLOWER,true
84799,SPRIG LAVENDER ARTIFICIAL FLOWER,true
84800L,LARGE WHITE/PINK ROSE ART FLOWER,true
84800M,MEDIUM WHITE/PINK ROSE ART FLOWER,true
84800S,SMALL WHITE/PINK ROSE ART FLOWER,true
84801A,PINK HYDRANGEA ART FLOWER,true
84801B,WHITE HYDRANGEA ART FLOWER,true
84802A,WHITE ANEMONE ARTIFICIAL FLOWER,true
84802B,PURPLE ANEMONE ARTIFICIAL FLOWER,true
84803A,PINK ALLIUM  ARTIFICIAL FLOWER,true
84803B,WHITE ALLIUM  ARTIFICIAL FLOWER,true
84804A,CREAM DELPHINIUM ARTIFICIAL FLOWER,true
84804B,BLUE DELPHINIUM ARTIFICIAL FLOWER,true
84805A,CREAM CLIMBING HYDRANGA ART FLOWER,true
84805B,BLUE CLIMBING HYDRANGA ART FLOWER,true
84806A,PINK CANDYSTUFT ARTIFICIAL FLOWER,true
84806B,WHITE CANDYSTUFT ARTIFICIAL FLOWER,true
84807,RED POPPY ARTIFICIAL FLOWER,true
84809A,WHITE CHRYSANTHEMUMS ART FLOWER,true
84809B,PINK CHRYSANTHEMUMS ART FLOWER,true
84810C,,true
84811A,,true
84813,SET OF 4 DIAMOND NAPKIN RINGS,true
84814A,HEXAGONAL CRYSTAL PERFUME BOTTLE,true
84814B,RHOMBUS CRYSTAL PERFUME BOTTLE,true
84815,SET OF 3 DANISH ROSE PLANTERS,true
84816,DANISH ROSE BEDSIDE CABINET,true
84817,DANISH ROSE DECORATIVE PLATE,true
84818,DANISH ROSE PHOTO FRAME,true
84819,DANISH ROSE ROUND SEWING BOX,true
84820,DANISH ROSE TRINKET TRAYS,true
84821,DANISH ROSE DELUXE COASTER,true
84823,DANISH ROSE FOLDING CHAIR,true
84824,DANISH ROSE UMBRELLA STAND,true
84825,,true
84826,ASSTD DESIGN 3D PAPER STICKERS,true
84827,ASS DES PHONE SPONGE CRAFT STICKER,true
84828,JUNGLE POPSICLES ICE LOLLY HOLDERS,true
84830,LARGE ENGLISH ARBORETUM,true
84832,ZINC WILLIE WINKIE  CANDLE STICK,true
84836,ZINC METAL HEART DECORATION,true
84837,WHITE SWEETHEARTS CABINET 4 DRAWERS,true
84838,ANT WHITE HIGH RISE BIRD BOX,true
84839,SWEETHEART KEY CABINET,true
84840,SWEETHEART CARRY-ALL BASKET,true
84841,,true
84842,HELLO SAILOR BATHROOM SET,true
84843,WHITE SOAP RACK WITH 2 BOTTLES,true
84845A,HOLLYHOCK SQUARE HANDY TIN,true
84845B,,true
84845C,CARNATION SQUARE HANDY TIN,true
84845D,GERANIUM SQUARE HANDY TIN,true
84846A,SCENTED CANDLE IN DIGITALIS TIN,true
84847,FLORAL BATHROOM SET,true
84849A,HELLO SAILOR BLUE SOAP HOLDER,true
84849B,FAIRY SOAP SOAP HOLDER,true
84849C,,true
84849D,HOT BATHS SOAP HOLDER,true
84854,GIRLY PINK TOOL SET,true
84855,BLOKEY SILVER TOOL SET,true
84856L,LARGE TAHITI BEACH BAG,true
84856S,SMALL TAHITI BEACH BAG,true
84857A,SILVER MONTE CARLO HANDBAG,true
84857B,BLUE MONTE CARLO HANDBAG,true
84857C,PINK MONTE CARLO HANDBAG,true
84858A,NATURAL RIVIERA HANDBAG,true
84858B,BLUE RIVIERA HANDBAG,true
84858C,PINK RIVIERA HANDBAG,true
84859A,SILVER DISCO HANDBAG,true
84859B,BLUE DISCO HANDBAG,true
84859C,PINK DISCO HANDBAG,true
84864A,PINK PAISLEY PHOTO ALBUM,true
84865,NEW BAROQUE BLACK PHOTO ALBUM,true
84866,,true
84867A,PINK BABY GIRLS PHOTO ALBUM,true
84867B,BLUE BABY BOY'S PHOTO ALBUM,true
84868A,PINK BABY GIRL'S MEMORY BOX,true
84868B,BLUE BABY BOY'S MEMORY BOX,true
84869,CANDY BUTTON PHOTO ALBUM,true
84870B,BLUE GEISHA GIRL,true
84870C,GREEN GEISHA GIRL,true
84871,,true
84872A,TEATIME FUNKY FLOWER BACKPACK FOR 2,true
84873A,FUNKY FLOWER PICNIC BAG FOR 4,true
84873B,,true
84874A,,true
84874B,BLUE TRAVEL FIRST AID KIT,true
84875A,PINK SQUARE COMPACT MIRROR,true
84875B,GREEN SQUARE COMPACT MIRROR,true
84875D,BLUE SQUARE COMPACT MIRROR,true
84876B,GREEN HEART COMPACT MIRROR,true
84876C,SILVER HEART COMPACT MIRROR,true
84876D,BLUE HEART COMPACT MIRROR,true
84877A,PINK ROUND COMPACT MIRROR,true
84877B,GREEN ROUND COMPACT MIRROR,true
84877C,,true
84877D,?,true
84879,ASSORTED COLOUR BIRD ORNAMENT,true
84880,WHITE WIRE EGG HOLDER,true
84881,BLUE WIRE SPIRAL CANDLE HOLDER,true
84882,GREEN WIRE STANDING CANDLE HOLDER,true
84884A,ANT WHITE WIRE HEART SPIRAL,true
84886,BLUE METAL WALL SHELF,true
84891B,GREEN WIRE GOBLET CANDLEHOLDER,true
84893,ANT WHITE IRON BASKET,true
84896C,,true
84897A,,true
84898E,,true
84898F,YELLOW FLOWERS FELT HANDBAG KIT,true
84899A,,true
84899E,YELLOW + BROWN BEAR FELT PURSE KIT,true
84899F,YELLOW PURPLE DAISY FELT PURSE KIT,true
84901,BLACK FACE LAMB WITH PANTS,true
84902,PINK KNITTED COW STUFFED TOY,true
84904,,true
84905,PINK BUTTERFLY C/COVER,true
84906,PINK B'FLY C/COVER W BOBBLES,true
84907,PINK YELLOW PATCH CUSHION COVER,true
84908A,PINK 5 PATCH FLOWER CUSHION COVER,true
84908B,BLUE 5 PATCH FLOWER CUSHION COVER,true
84909A,PINK PAISLEY QUILT,true
84910A,PINK PAISLEY CUSHION COVER,true
84912A,PINK ROSE WASHBAG,true
84912B,GREEN ROSE WASHBAG,true
84913A,SOFT PINK ROSE TOWEL,true
84913B,MINT GREEN ROSE TOWEL,true
84914A,PINK ROSE PICNIC RUG,true
84915,HAND TOWEL PINK FLOWER AND DAISY,true
84916,HAND TOWEL PALE BLUE W FLOWERS,true
84917,WHITE HAND TOWEL WITH BUTTERFLY,true
84918,CREAM C/COVER W YELLOW/GREEN FLOWER,true
84919,BLUE CUSHION COVER WITH FLOWER,true
84920,PINK FLOWER FABRIC PONY,true
84921,CREAM AND PINK FLOWERS PONY,true
84922,PINK BUTTERFLY WASHBAG,true
84923,PINK BUTTERFLY HANDBAG W BOBBLES,true
84924A,WAKE UP COCKEREL CALENDAR SIGN,true
84924D,LA PALMIERA METAL SIGN CALENDAR,true
84924F,PSYCHEDELIC METAL SIGN CALENDAR,true
84925A,WAKE UP COCKEREL WALL THERMOMETER,true
84925C,FAIRY CAKES  WALL THERMOMETER,true
84925D,LA PALMIERA WALL THERMOMETER,true
84925E,FLOWERS WALL THERMOMETER,true
84925F,?,true
84926A,WAKE UP COCKEREL TILE COASTER,true
84926B,SCOTTS ROSES TILE COASTER,true
84926C,FAIRY CAKES TILE COASTER,true
84926D,LA PALMIERA TILE COASTER,true
84926E,FLOWERS TILE COASTER,true
84926F,PSYCHEDELIC TILE COASTER,true
84927A,WAKE UP COCKEREL TILE HOOK,true
84927C,,true
84927D,LA PALMIERA TILE HOOK,true
84927E,FLOWERS TILE HOOK,true
84927F,PSYCHEDELIC TILE HOOK,true
84928,,true
84929,ASSTD FRUIT+FLOWERS FRIDGE MAGNETS,true
84931A,PINK SCOTTIE DOG W FLOWER PATTERN,true
84931B,BLUE SCOTTIE DOG W FLOWER PATTERN,true
84932A,SMALL GREEN PEONY FOLDING STOOL,true
84932B,SMALL PINK PEONY FOLDING STOOL,true
84932C,?,true
84932D,SMALL ORIENTAL RED FOLDING STOOL,true
84933A,LARGE GREEN PEONY FOLDING STOOL,true
84933B,LARGE PINK PEONY FOLDING STOOL,true
84933C,LARGE BLUE ORIENTAL FOLDING STOOL,true
84933D,,true
84934,ASSTD DESIGN POP ART SLIM PEN,true
84937,Amazon sold as set,true
84938,,true
84940,,true
84942,KASHMIR FOLKART HEART DISHES,true
84944,?sold individually?,true
84945,MULTI COLOUR SILVER T-LIGHT HOLDER,true
84946,ANTIQUE SILVER T-LIGHT GLASS,true
84947,ANTIQUE SILVER TEA GLASS ENGRAVED,true
84948,SILVER HANGING T-LIGHT HOLDER DOME,true
84949,SILVER HANGING T-LIGHT HOLDER,true
84950,ASSORTED COLOUR T-LIGHT HOLDER,true
84951A,S/4 PISTACHIO LOVEBIRD COASTERS,true
84951B,S/4 BLACK LOVEBIRD COASTERS,true
84952A,CLEAR LOVE BIRD T-LIGHT HOLDER,true
84952B,BLACK LOVE BIRD T-LIGHT HOLDER,true
84952C,MIRROR LOVE BIRD T-LIGHT HOLDER,true
84962,SET/3 COLOUR PAINTED KASHMIRI STOOL,true
84963A,PINK PAINTED KASHMIRI CHAIR,true
84963B,BLUE PAINTED KASHMIRI CHAIR,true
84964A,PINK PAINTED KASHMIRI TABLE,true
84964B,BLUE PAINTED KASHMIRI TABLE,true
84965A,PINK KASHMIRI COFFEE TABLE,true
84965B,BLUE KASHMIRI COFFEE TABLE,true
84966A,PINK KASHMIRI BOXED MIRROR,true
84966B,BLUE KASHMIRI BOXED MIRROR,true
84966C,GREEN KASHMIRI BOXED MIRROR,true
84967A,PINK KASHMIRI OCCASIONAL TABLE,true
84967B,BLUE KASHMIRI OCCASIONAL TABLE,true
84967C,GREEN KASHMIRI OCCASIONAL TABLE,true
84968A,S/16 VINTAGE ROSE CUTLERY,true
84968B,S/16 VINTAGE IVORY CUTLERY,true
84968C,S/16 VINTAGE PISTACHIO CUTLERY,true
84968D,S/16 VINTAGE RED CUTLERY,true
84968E,S/16 VINTAGE BLACK CUTLERY,true
84968F,SET OF 16 VINTAGE SKY BLUE CUTLERY,true
84969,ASSORTED COLOUR SET 6 TEASPOONS,true
84970L,SINGLE HEART ZINC T-LIGHT HOLDER,true
84970S,HANGING HEART ZINC T-LIGHT HOLDER,true
84971L,LARGE HEART FLOWERS HOOK,true
84971S,SMALL HEART FLOWERS HOOK,true
84972L,GIANT PINK HEART MEMO HOLDER,true
84972M,,true
84974,S/2 ZINC HEART DESIGN PLANTERS,true
84975,HEART SHAPED MIRROR,true
84976,RECTANGULAR SHAPED MIRROR,true
84977,WIRE FLOWER T-LIGHT HOLDER,true
84978,HANGING HEART JAR T-LIGHT HOLDER,true
84984A,GREEN PEONY CUSHION COVER,true
84984B,RED PEONY CUSHION COVER,true
84984C,ORIENTAL BLUE C/COVER,true
84984D,ORIENTAL RED C/COVER,true
84985A,SET OF 72 GREEN PAPER DOILIES,true
84985B,SET OF 72 BLACK PAPER DOILIES,true
84986A,,true
84986B,SET OF 36 SILVER PAPER DOILIES,true
84987,SET OF 36 TEATIME PAPER DOILIES,true
84988,?,true
84989A,75 GREEN FAIRY CAKE CASES,true
84989B,75 BLACK FAIRY CAKE CASES,true
84990,60 GOLD AND SILVER FAIRY CAKE CASES,true
84991,60 TEATIME FAIRY CAKE CASES,true
84992,72 SWEETHEART FAIRY CAKE CASES,true
84993A,75 GREEN PETIT FOUR CASES,true
84993B,75 BLACK PETIT FOUR CASES,true
84997A,CHILDRENS CUTLERY POLKADOT GREEN,true
84997B,CHILDRENS CUTLERY RETROSPOT RED,true
84997C,BLUE 3 PIECE MINI DOTS CUTLERY SET,true
84997D,CHILDRENS CUTLERY POLKADOT PINK,true
85006,SET 4 NURSERY DES ROUND BOXES,true
85007,SET OF 3 VINTAGE TEA TIME BOXES,true
85008,SET OF 3 CONEY ISLAND OVAL BOXES,true
85014A,BLACK/BLUE DOTS RUFFLED UMBRELLA,true
85014B,RED RETROSPOT UMBRELLA,true
85014C,BLUE/BROWN DOTS RUFFLED UMBRELLA,true
85014D,PINK/BROWN DOTS RUFFLED UMBRELLA,true
85015,SET OF 12  VINTAGE POSTCARD SET,true
85016,SET OF 6 VINTAGE NOTELETS KIT,true
85017A,ENVELOPE 50 ROMANTIC IMAGES,true
85017B,ENVELOPE 50 BLOSSOM IMAGES,true
85017C,?,true
85017D,,true
85018A,S/6 PAPER BOXES ROMANTIC IMAGES,true
85018B,S/6 PAPER BOXES BLOSSOM IMAGES,true
85018C,S/6 PAPER BOXES CURIOUS IMAGES,true
85018D,YULETIDE IMAGES S/6 PAPER BOXES,true
85019A,ROMANTIC IMAGES NOTEBOOK SET,true
85019B,BLOSSOM  IMAGES NOTEBOOK SET,true
85019C,CURIOUS  IMAGES NOTEBOOK SET,true
85020,ROUND PINK HEART MIRROR,true
85023A,CRYSTAL LARGE JEWELLED PHOTO FRAME,true
85023B,EAU DE NILE JEWELLED PHOTOFRAME,true
85023C,PINK LARGE JEWELED PHOTOFRAME,true
85024A,CRYSTAL SMALL JEWELLED PHOTOFRAME,true
85024B,EAU DE NILE JEWELLED PHOTOFRAME,true
85024C,PINK SMALL JEWELLED PHOTOFRAME,true
85025A,,true
85025B,EAU DE NILE HEART SHAPE PHOTO FRAME,true
85025C,PINK HEART SHAPE PHOTO FRAME,true
85026B,EAU DE NILE JEWELLED T-LIGHT HOLDER,true
85027L,FRENCH CHATEAU LARGE PLATTER,true
85028L,FRENCH CHATEAU LARGE FRUIT BOWL,true
85028S,FRENCH CHATEAU SMALL FRUITBOWL,true
85030,FRENCH CHATEAU OVAL PLATTER,true
85031A,ROMANTIC IMAGES SCRAP BOOK SET,true
85031B,BLOSSOM IMAGES SCRAP BOOK SET,true
85031C,CURIOUS IMAGES SCRAP BOOK SET,true
85032A,ROMANTIC IMAGES GIFT WRAP SET,true
85032B,BLOSSOM IMAGES GIFT WRAP SET,true
85032C,CURIOUS IMAGES GIFT WRAP SET,true
85032D,YULETIDE IMAGES GIFT WRAP SET,true
85033G,SET/6 GOLD REINDEER T-LIGHT CANDLES,true
85033S,SET/6 SILVER REINDEER T-LIGHTS,true
85034A,3 GARDENIA MORRIS BOXED CANDLES,true
85034B,3 WHITE CHOC MORRIS BOXED CANDLES,true
85034C,3 ROSE MORRIS BOXED CANDLES,true
85035A,GARDENIA 3 WICK MORRIS BOXED CANDLE,true
85035B,CHOCOLATE 3 WICK MORRIS BOX CANDLE,true
85035C,ROSE 3 WICK MORRIS BOX CANDLE,true
85036A,GARDENIA 1 WICK MORRIS BOXED CANDLE,true
85036B,CHOCOLATE 1 WICK MORRIS BOX CANDLE,true
85036C,ROSE 1 WICK MORRIS BOXED CANDLE,true
85037,,true
85038,6 CHOCOLATE LOVE HEART T-LIGHTS,true
85039A,SET/4 RED MINI ROSE CANDLE IN BOWL,true
85039B,S/4 IVORY MINI ROSE CANDLE IN BOWL,true
85039C,S/4 BLACK MINI ROSE CANDLE IN BOWL,true
85040A,S/4 PINK FLOWER CANDLES IN BOWL,true
85040B,SET/4 BLUE FLOWER CANDLES IN BOWL,true
85041,SET/4 PINK ORCHID CANDLES IN BOWL,true
85042,ANTIQUE LILY FAIRY LIGHTS,true
85043,RED HEART CANDY POP LIGHTS,true
85044,RED REINDEER STRING OF 20 LIGHTS,true
85045,GREEN CHRISTMAS TREE STRING 20LIGHT,true
85047,WHITE BEADED GARLAND STRING 20LIGHT,true
85048,15CM CHRISTMAS GLASS BALL 20 LIGHTS,true
85049A,TRADITIONAL CHRISTMAS RIBBONS,true
85049B,LUSH GREENS RIBBONS,true
85049C,ROMANTIC PINKS RIBBONS,true
85049D,BRIGHT BLUES RIBBONS,true
85049E,SCANDINAVIAN REDS RIBBONS,true
85049F,BABY BOOM RIBBONS,true
85049G,CHOCOLATE BOX RIBBONS,true
85049H,URBAN BLACK RIBBONS,true
85050,FRENCH ENAMEL SOAP DISH WITH LID,true
85051,,true
85053,FRENCH ENAMEL CANDLEHOLDER,true
85054,FRENCH ENAMEL POT W LID,true
85055,FRENCH ENAMEL UTENSIL HOLDER,true
85056,,true
85057,,true
85059,FRENCH ENAMEL WATER BASIN,true
85060,WOOD FAN WITH FLOWER DESIGN,true
85061W,WHITE JEWELLED HEART DECORATION,true
85062,PEARL CRYSTAL PUMPKIN T-LIGHT HLDR,true
85063,CREAM SWEETHEART MAGAZINE RACK,true
85064,CREAM SWEETHEART LETTER RACK,true
85065,CREAM SWEETHEART TRAYS,true
85066,CREAM SWEETHEART MINI CHEST,true
85067,CREAM SWEETHEART WALL CABINET,true
85068,CREAM SWEETHEART SHELF + HOOKS,true
85069,CREAM SWEETHEART DOUBLE SHELF,true
85070,ANT WHITE SWEETHEART TABLE W 3 DRAW,true
85071A,BLUE CHARLIE+LOLA PERSONAL DOORSIGN,true
85071B,RED CHARLIE+LOLA PERSONAL DOORSIGN,true
85071C,"CHARLIE+LOLA""EXTREMELY BUSY"" SIGN",true
85071D,CHARLIE+LOLA MY ROOM DOOR SIGN,true
85072,OCCASIONS GIFT CARD ASSORTMENT,true
85073,,true
85074,,true
85077,KISSING REINDEER TABLE RUNNER,true
85078,SCANDINAVIAN 3 HEARTS NAPKIN RING,true
85079,EMBROIDERED REINDEER DECORATION,true
85080,PADDED RED HEART DECORATION,true
85081,PADDED HOLLY CHRISTMAS DECORATION,true
85083,KISS REINDEER SCANDINAVIAN STOCKING,true
85084,Damages,true
85085A,,true
85086A,CANDY SPOT HEART DECORATION,true
85086B,,true
85087,CANDY SPOT CUSHION COVER,true
85088,CANDY SPOT HAND BAG,true
85089,CANDY SPOT BUNNY,true
85090,CANDY SPOT APRON,true
85091,CANDY SPOT BREAD BASKETS,true
85092,CANDY SPOT TEA COSY,true
85093,CANDY SPOT EGG WARMER HARE,true
85094,CANDY SPOT EGG WARMER RABBIT,true
85095,THREE CANVAS LUGGAGE TAGS,true
85096,HILDA CANDY SPOT RABBIT,true
85097B,BLUE ROCKING SINGING CANARY,true
85098A,,true
85098B,BLUE FLYING SINGING CANARY,true
85099B,JUMBO BAG RED RETROSPOT,true
85099C,JUMBO  BAG BAROQUE BLACK WHITE,true
85099F,JUMBO BAG STRAWBERRY,true
85103,SILVER T-LIGHT SETTING,true
85104,????damages????,true
85105,,true
85106,CUT GLASS HEXAGON T-LIGHT HOLDER,true
85107,CUT GLASS T-LIGHT HOLDER OCTAGON,true
85109,PINK BOUDOIR T-LIGHT HOLDER,true
85110,BLACK SILVER FLOWER T-LIGHT HOLDER,true
85111,SILVER GLITTER FLOWER VOTIVE HOLDER,true
85112,S/3 TEAR DROP CUT GLASS DECORATION,true
85113,POLKA DOT PISTACHIO PAIL,true
85114A,BLACK ENCHANTED FOREST PLACEMAT,true
85114B,IVORY ENCHANTED FOREST PLACEMAT,true
85114C,RED ENCHANTED FOREST PLACEMAT,true
85115B,S/4 BLACK DISCO PARTITION PANEL,true
85116,BLACK CANDELABRA T-LIGHT HOLDER,true
85117,NIGHTINGALE COATHOOK WHITE,true
85118,HEART T-LIGHT HOLDER,true
85119,WATERING CAN SINGLE HOOK PISTACHIO,true
85120,,true
85121B,RETRO LAUNDRY TUB PINK,true
85121C,RETRO LAUNDRY TUB PISTACHIO,true
85123A,WHITE HANGING HEART T-LIGHT HOLDER,true
85123B,ZINC HANGING HEART T-LITE HLDR,true
85124A,PINK JUICY FRUIT PHOTO FRAME,true
85124B,BLUE JUICY FRUIT PHOTO FRAME,true
85124C,GREEN JUICY FRUIT PHOTO FRAME,true
85125,SMALL ROUND CUT GLASS CANDLESTICK,true
85126,LARGE ROUND CUTGLASS CANDLESTICK,true
85127,SMALL SQUARE CUT GLASS CANDLESTICK,true
85128,PLANTPOT SINGLE HOOK PISTACHIO,true
85129A,"WHITE PEARL BEADED HEART, SMALL",true
85129B,BEADED CRYSTAL HEART GREEN SMALL,true
85129C,BEADED CRYSTAL HEART BLUE SMALL,true
85129D,BEADED CRYSTAL HEART PINK SMALL,true
85130A,BEADED PEARL HEART WHITE LARGE,true
85130B,BEADED CRYSTAL HEART GREEN LARGE,true
85130C,BEADED CRYSTAL HEART BLUE  LARGE,true
85130D,BEADED CRYSTAL HEART PINK LARGE,true
85131A,BEADED PEARL HEART WHITE ON STICK,true
85131B,BEADED CRYSTAL HEART GREEN ON STICK,true
85131C,BEADED CRYSTAL HEART BLUE ON STICK,true
85131D,BEADED CRYSTAL HEART PINK ON STICK,true
85132A,CHARLIE + LOLA BISCUITS TINS,true
85132B,CHARLIE AND LOLA TABLE TINS,true
85132C,CHARLIE AND LOLA FIGURES TINS,true
85135A,YELLOW DRAGONFLY HELICOPTER,true
85135B,BLUE DRAGONFLY HELICOPTER,true
85135C,Damages,true
85136A,YELLOW SHARK HELICOPTER,true
85136B,BLUE SHARK HELICOPTER,true
85136C,RED SHARK HELICOPTER,true
85141,JARDIN ETCHED GLASS FRUITBOWL,true
85142,?????,true
85144,JARDIN ETCHED GLASS BUTTER DISH,true
85145,JARDIN ETCHED GLASS LARGE BELL JAR,true
85146,JARDIN ETCHED GLASS SMALL BELL JAR,true
85147,JARDIN ETCHED GLASS CANDLEHLDR LONG,true
85148,,true
85150,?,true
85151,WELCOME METAL SIGN,true
85152,HAND OVER THE CHOCOLATE   SIGN,true
85157,SET OF 2 CHESTS CHOCOLAT AU LAIT,true
85159A,"BLACK TEA,COFFEE,SUGAR JARS",true
85159B,"WHITE TEA,COFFEE,SUGAR JARS",true
85160A,WHITE BIRD GARDEN DESIGN MUG,true
85160B,BLACK BIRD GARDEN DESIGN MUG,true
85161,ACRYLIC GEOMETRIC LAMP,true
85162A,?,true
85162B,BLACK RETRODISC LAMPSHADE,true
85162C,WHITE RETRODISC LAMPSHADE,true
85163A,WHITE BAROQUE WALL CLOCK,true
85163B,BLACK BAROQUE WALL CLOCK,true
85164B,BLACK BAROQUE CUCKOO CLOCK,true
85165,CANDY PINK FRENCH BOUDOIR CLOCK,true
85166A,WHITE METAL BAROQUE PHOTO FRAME,true
85166B,BLACK METAL BAROQUE PHOTO FRAME,true
85167A,WHITE GRAND BAROQUE PHOTO FRAME,true
85167B,BLACK GRAND BAROQUE PHOTO FRAME,true
85168A,WHITE BAROQUE CARRIAGE CLOCK,true
85168B,BLACK BAROQUE CARRIAGE CLOCK,true
85169A,IVORY LOVE BIRD CANDLE,true
85169B,BLACK LOVE BIRD CANDLE,true
85169C,EAU DE NIL LOVE BIRD CANDLE,true
85169D,PINK LOVE BIRD CANDLE,true
85170A,SET/6 IVORY BIRD T-LIGHT CANDLES,true
85170B,SET/6 BLACK BIRD T-LIGHT CANDLES,true
85170C,SET/6 EAU DE NIL BIRD T-LIGHTS,true
85170D,SET/6 PINK BIRD T-LIGHT CANDLES,true
85171,S/2 HYACINTH BULB CANDLES,true
85172,?sold as sets?,true
85173,SET/6 FROG PRINCE T-LIGHT CANDLES,true
85174,S/4 CACTI CANDLES,true
85175,? sold as sets?,true
85176,SEWING SUSAN 21 NEEDLE SET,true
85177,BASKET OF FLOWERS SEWING KIT,true
85178,VICTORIAN SEWING KIT,true
85179A,GREEN BITTY LIGHT CHAIN,true
85179B,WHITE BITTY LIGHT CHAIN,true
85179C,PINK BITTY LIGHT CHAIN,true
85180A,RED HEARTS LIGHT CHAIN,true
85180B,PINK HEARTS LIGHT CHAIN,true
85183A,CHARLIE & LOLA WASTEPAPER BIN BLUE,true
85183B,CHARLIE & LOLA WASTEPAPER BIN FLORA,true
85184A,,true
85184B,SET 4 EASTER DECOUPAGE OVAL BOXES,true
85184C,S/4 VALENTINE DECOUPAGE HEART BOX,true
85184D,S/4 BLUE ROUND DECOUPAGE BOXES,true
85185B,?,true
85185C,COW  SOCK PUPPET,true
85185D,FROG SOCK PUPPET,true
85185E,DUCK SOCK PUPPET,true
85185F,LION SOCK PUPPET,true
85186A,EASTER BUNNY GARLAND OF FLOWERS,true
85186B,BUNNY BUNCH OF FLOWERS,true
85186C,BUNNY EGG GARLAND,true
85187,S/12 MINI RABBIT EASTER,true
85188A,GREEN METAL SWINGING BUNNY,true
85188B,PINK METAL SWINGING BUNNY,true
85189,HANGING BUTTERFLY  EGG,true
85190,PINK FLOWER HANGING HEART,true
85192S,HANGING SPRING FLOWER HEART SMALL,true
85193S,,true
85194L,HANGING SPRING FLOWER EGG LARGE,true
85194S,HANGING SPRING FLOWER EGG SMALL,true
85195,HANGING HEART BASKET,true
85196,EASTER BUNNIES ON A STICK,true
85197,SET OF 12 MINI BUNNIES IN A BUCKET,true
85198,ASSORTED FARMYARD ANIMALS IN BUCKET,true
85199L,?,true
85199S,SMALL HANGING IVORY/RED WOOD BIRD,true
85200,BUNNY EGG BOX,true
85202,HANGING WOOD AND FELT HEART,true
85203,HANGING WOOD AND FELT BUTTERFLY,true
85204,HANGING WOOD AND FELT FLOWER,true
85205A,IVORY FELT EASTER RABBIT GARLAND,true
85205B,PINK FELT EASTER RABBIT GARLAND,true
85206A,CREAM FELT EASTER EGG BASKET,true
85206B,PINK FELT EASTER EGG BASKET,true
85207B,,true
85208,SET/12 FUNKY FELT FLOWER PEG IN BAG,true
85211,S/4 GROOVY CAT MAGNETS,true
85212,MINI PAINTED GARDEN DECORATION,true
85213,MINI  ZINC GARDEN DECORATIONS,true
85214,TUB 24 PINK FLOWER PEGS,true
85215,ASSORTED CHEESE FRIDGE MAGNETS,true
85216,ASSORTED CAKES FRIDGE MAGNETS,true
85217,ASSORTED ICE CREAM FRIDGE MAGNETS,true
85218,No Stock,true
85219,S/4 HEART CRYSTAL FRIDGE MAGNETS,true
85220,SMALL FAIRY CAKE FRIDGE MAGNETS,true
85221,?,true
85222,ASSORTED COLOUR SILK COSMETIC PURSE,true
85223,,true
85224,?,true
85225,BLING KEY RING STAND,true
85226A,WHITE/BLUE PULL BACK RACING CAR,true
85226B,,true
85226C,BLUE PULL BACK RACING CAR,true
85227,SET OF 6 3D KIT CARDS FOR KIDS,true
85230A,OPIUM SCENTED VOTIVE CANDLE,true
85230B,CINNAMON SCENTED VOTIVE CANDLE,true
85230C,ROSE SCENTED VOTIVE CANDLE,true
85230D,VANILLA SCENTED VOTIVE CANDLE,true
85230E,Damaged,true
85230F,JASMINE VOTIVE CANDLE,true
85230G,ORANGE VOTIVE CANDLE,true
85231A,,true
85231B,CINAMMON SET OF 9 T-LIGHTS,true
85231D,,true
85231E,STRAWBERRY SCENTED SET/9 T-LIGHTS,true
85231G,ORANGE SCENTED SET/9 T-LIGHTS,true
85231K,,true
85231L,LAVENDER SCENTED SET/9 T-LIGHTS,true
85232A,SET/3 POLKA DOT STACKING TINS,true
85232B,SET OF 3 BABUSHKA STACKING TINS,true
85232C,RUSSIAN FOLKART STACKING TINS,true
85232D,SET/3 DECOUPAGE STACKING TINS,true
90000A,RASPBERRY ANT COPPER FLOWER NECKLAC,true
90000B,MIDNIGHT BLUE COPPER FLOWER NECKLAC,true
90000C,OPAL WHITE/SILVER FLOWER NECKLACE,true
90000D,COPPER/OLIVE GREEN FLOWER NECKLACE,true
90001A,ANTIQUE RASPBERRY FLOWER EARRINGS,true
90001B,ANTIQUE MID BLUE FLOWER EARRINGS,true
90001C,ANTIQUE OPAL WHITE FLOWER EARRINGS,true
90001D,ANTIQUE OLIVE GREEN FLOWER EARRINGS,true
90002A,FLOWER BURST SILVER RING OPAL,true
90002B,FLOWER BURST SILVER RING ROSE,true
90002C,FLOWER BURST SILVER RING MIDN'T BLU,true
90002D,FLOWER BURST SILVER RING CRYSTAL,true
90002E,FLOWER BURST SILVER RING GREEN,true
90003B,ROSE COLOUR PAIR HEART HAIR SLIDES,true
90003C,MIDNIGHT BLUE PAIR HEART HAIR SLIDE,true
90003D,CRYSTAL PAIR HEART HAIR SLIDES,true
90003E,GREEN PAIR HEART HAIR SLIDES,true
90004A,JADE GREEN PAIR ENAMEL HAIR SLIDES,true
90005A,JADE GREEN ENAMEL HAIR COMB,true
90005B,,true
90010A,MIDNIGHT BLUE GLASS/SILVER BRACELET,true
90010B,BLACK/WHITE GLASS/SILVER BRACELET,true
90010E,AMBER GLASS/SILVER BRACELET,true
90011A,MIDNIGHT BLUE CRYSTAL DROP EARRINGS,true
90011B,BLACK CRYSTAL DROP EARRINGS,true
90011C,GREEN CRYSTAL DROP EARRINGS,true
90011D,PURPLE CRYSTAL DROP EARRINGS,true
90011E,AMBER CRYSTAL DROP EARRINGS,true
90012A,MIDNIGHT BLUE DROP CRYSTAL NECKLACE,true
90012B,BLACK DROP CRYSTAL NECKLACE,true
90013A,MIDNIGHT BLUE VINTAGE EARRINGS,true
90013B,BLACK VINTAGE EARRINGS,true
90013C,GREEN VINTAGE EARRINGS,true
90013D,PURPLE VINTAGE EARRINGS,true
90013E,AMBER VINTAGE EARRINGS,true
90014A,SILVER M.O.P. ORBIT NECKLACE,true
90014B,GOLD M PEARL  ORBIT NECKLACE,true
90014C,SILVER AND BLACK ORBIT NECKLACE,true
90016A,SILVER/M.O.P PENDANT ORBIT NECKLACE,true
90016B,GOLD/M.O.P PENDANT ORBIT NECKLACE,true
90016C,SILVER/BLACK PENDANT ORBIT NECKLACE,true
90018A,SILVER M.O.P ORBIT DROP EARRINGS,true
90018B,GOLD M.O.P ORBIT DROP EARRINGS,true
90018C,SILVER BLACK ORBIT DROP EARRINGS,true
90019A,SILVER M.O.P ORBIT BRACELET,true
90019B,GOLD M.O.P ORBIT BRACELET,true
90019C,SILVER BLACK ORBIT BRACELET,true
90020,FILIGREE DIAMANTE CHAIN,true
90021,LASER CUT MULTI STRAND NECKLACE,true
90022,EDWARDIAN DROP EARRINGS JET BLACK,true
90023,FILIGREE DIAMANTE EARRINGS,true
90024A,NEW BAROQUE B'FLY NECKLACE BLACK,true
90024B,NEW BAROQUE B'FLY NECKLACE RED,true
90024C,NEW BAROQUE B'FLY NECKLACE GREEN,true
90024D,NEW BAROQUE B'FLY NECKLACE PINK,true
90024E,NEW BAROQUE B'FLY NECKLACE MONTANA,true
90024F,NEW BAROQUE B'FLY NECKLACE CRYSTAL,true
90025A,BAROQUE BUTTERFLY EARRINGS BLACK,true
90025B,BAROQUE BUTTERFLY EARRINGS RED,true
90025C,BAROQUE BUTTERFLY EARRINGS GREEN,true
90025D,BAROQUE BUTTERFLY EARRINGS PINK,true
90025E,BAROQUE BUTTERFLY EARRINGS MONTANA,true
90025F,BAROQUE BUTTERFLY EARRINGS CRYSTAL,true
90026A,GLASS BEAD HOOP NECKLACE BLACK,true
90026B,GLASS BEAD HOOP NECKLACE MONTANA,true
90026C,GLASS BEAD HOOP NECKLACE GREEN,true
90026D,GLASS BEAD HOOP NECKLACE AMETHYST,true
90027A,GLASS BEAD HOOP EARRINGS BLACK,true
90027B,GLASS BEAD HOOP EARRINGS MONTANA,true
90027C,GLASS BEAD HOOP EARRINGS GREEN,true
90027D,GLASS BEAD HOOP EARRINGS AMETHYST,true
90028,NEW BAROQUE LARGE NECKLACE BLK/WHIT,true
90029,NEW BAROQUE SMALL NECKLACE BLACK,true
90030A,SPOTTED WHITE NATURAL SEED NECKLACE,true
90030B,RED KUKUI COCONUT SEED NECKLACE,true
90030C,BROWN KUKUI COCONUT SEED NECKLACE,true
90031,BILI NUT AND WOOD NECKLACE,true
90032,IVORY SHELL HEART NECKLACE,true
90033,IVORY SHELL HEART EARRINGS,true
90034,WHITE SILVER NECKLACE SHELL GLASS,true
90035A,"PEARL & SHELL 42""NECKL. GREEN",true
90035B,"PEARL & SHELL 42""NECKL. PINK",true
90035C,"PEARL & SHELL 42""NECKL. IVORY",true
90036A,FLOWER GARLAND NECKLACE RED,true
90036B,"FLOWER GLASS GARLAND NECKL.36""GREEN",true
90036C,"FLOWER GLASS GARLAND NECKL.36""BLUE",true
90036D,"FLOWER GLASS GARLAND NECKL.36""BLACK",true
90036E,"FLOWER GLASS GARLD NECKL36""AMETHYST",true
90036F,"FLOWER GLASS GARLD NECKL36""TURQUOIS",true
90037A,TINY CRYSTAL BRACELET RED,true
90037B,TINY CRYSTAL BRACELET GREEN,true
90037C,TINY CRYSTAL BRACELET BLUE,true
90037D,TINY CRYSTALS BRACELET BLACK,true
90038A,GLASS AND PAINTED BEADS BRACELET TO,true
90038B,GLASS AND PAINTED BEADS BRACELET OL,true
90038C,GLASS AND BEADS BRACELET IVORY,true
90039A,FIRE POLISHED GLASS BRACELET RED,true
90039B,FIRE POLISHED GLASS BRACELET MONTAN,true
90039C,FIRE POLISHED GLASS BRACELET BLACK,true
90039D,FIRE POLISHED GLASS BRACELET GREEN,true
90040A,MURANO STYLE GLASS BRACELET RED,true
90040B,MURANO STYLE GLASS BRACELET BLACK,true
90040C,MURANO STYLE GLASS BRACELET GOLD,true
90040D,MURANO STYLE GLASS BRACELET PINK,true
90041,PEARL AND CHERRY QUARTZ BRACLET,true
90042A,FRESHWATER PEARL BRACELET GOLD,true
90042B,FRESHWATER PEARL BRACELET PINK,true
90042C,FRESHWATER PEARL BRACELET IVORY,true
90043,COPPER AND BRASS BAG CHARM,true
90046,WHITE WITH METAL BAG CHARM,true
90048,GREEN WITH METAL BAG CHARM,true
90049,IVORY GOLD METAL BAG CHARM,true
90050,CRACKED GLAZE NECKLACE IVORY,true
90051,CRACKED GLAZE NECKLACE RED,true
90052,CRACKED GLAZE NECKLACE BROWN,true
90053,CRACKED GLAZE EARRINGS IVORY,true
90054,CRACKED GLAZE EARRINGS RED,true
90055,CRACKED GLAZE EARRINGS BROWN,true
90056,CHUNKY CRACKED GLAZE NECKLACE IVORY,true
90057,DIAMANTE RING ASSORTED IN BOX.,true
90058A,CRYSTAL STUD EARRINGS CLEAR DISPLAY,true
90058B,CRYSTAL STUD EARRINGS ASSORTED COL,true
90059A,DIAMANTE HAIR GRIP PACK/2 CRYSTAL,true
90059B,DIAMANTE HAIR GRIP PACK/2 BLACK DIA,true
90059C,DIAMANTE HAIR GRIP PACK/2 MONTANA,true
90059D,DIAMANTE HAIR GRIP PACK/2 PERIDOT,true
90059E,DIAMANTE HAIR GRIP PACK/2 RUBY,true
90059F,DIAMANTE HAIR GRIP PACK/2 LT ROSE,true
90060B,FIRE POLISHED GLASS NECKL GOLD,true
90060C,FIRE POLISHED GLASS NECKL SILVER,true
90060D,FIRE POLISHED GLASS NECKL BRONZE,true
90060F,FIRE POLISHED GLASS NECKL GREEN,true
90062,CARNIVAL BRACELET,true
90063A,WHITE VINT ART DECO CRYSTAL NECKLAC,true
90063B,BLACK VINT ART DEC CRYSTAL NECKLACE,true
90064A,WHITE VINTAGE CRYSTAL EARRINGS,true
90064B,BLACK VINTAGE  CRYSTAL EARRINGS,true
90065A,WHITE VINTAGE CRYSTAL BRACELET,true
90065B,BLACK VINT ART DEC CRYSTAL BRACELET,true
90066A,PINK VINTAGE VICTORIAN CHOKER,true
90067A,PINK VINTAGE VICTORIAN EARRINGS,true
90067B,BROWN VINTAGE VICTORIAN EARRINGS,true
90068,"RUBY GLASS NECKLACE 42""",true
90069,RUBY GLASS CLUSTER NECKLACE,true
90070,RUBY GLASS CLUSTER BRACELET,true
90071,RUBY GLASS CLUSTER EARRINGS,true
90072,RUBY DROP CHANDELIER EARRINGS,true
90073,VINTAGE ENAMEL & CRYSTAL EARRINGS,true
90074,BLACK DIAMOND CLUSTER NECKLACE,true
90075,MONTANA DIAMOND CLUSTER NECKLACE,true
90076,MONTANA DIAMOND CLUSTER EARRINGS,true
90077,BLACK DIAMOND CLUSTER EARRINGS,true
90078,PINK/WHITE GLASS DEMI CHOKER,true
90079,VINTAGE ENAMEL & CRYSTAL NECKLACE,true
90080,,true
90081A,LILY BROOCH AMETHYST COLOUR,true
90081B,LILY BROOCH WHITE/SILVER COLOUR,true
90081C,LILY BROOCH OLIVE COLOUR,true
90082A,DIAMANTE BOW BROOCH GREEN COLOUR,true
90082B,DIAMANTE BOW BROOCH RED COLOUR,true
90082C,DIAMANTE BOW BROOCH WHITE COLOUR,true
90082D,DIAMANTE BOW BROOCH BLACK COLOUR,true
90083,CRYSTAL CZECH CROSS PHONE CHARM,true
90084,PINK CRYSTAL GUITAR PHONE CHARM,true
90085,CRYSTAL STILETTO PHONE CHARM,true
90086,CRYSTAL FROG PHONE CHARM,true
90087,CRYSTAL SEA HORSE PHONE CHARM,true
90088,CRYSTAL KEY+LOCK PHONE CHARM,true
90089,PINK CRYSTAL SKULL PHONE CHARM,true
90090,PINK CRYSTAL HEART PHONE CHARM,true
90091,CRYSTAL DRAGONFLY PHONE CHARM,true
90092,BLUE CRYSTAL BOOT PHONE CHARM,true
90093,CLEAR CRYSTAL STAR PHONE CHARM,true
90094,NECKLACE+BRACELET SET FRUIT SALAD,true
90095,NECKLACE+BRACELET SET PINK BLOSSOM,true
90096,NECKLACE+BRACELET SET BLUE BLOSSOM,true
90097,,true
90098,NECKLACE+BRACELET PINK BUTTERFLY,true
90099,NECKLACE+BRACELET SET BLUE HIBISCUS,true
90100,NECKLACE+BRACELET SET PINK DAISY,true
90101,WHITE FRANGIPANI NECKLACE,true
90102,WHITE FRANGIPANI HAIR CLIP,true
90103,PURPLE FRANGIPANI NECKLACE,true
90104,PURPLE FRANGIPANI HAIRCLIP,true
90107,,true
90108,BLUE BLOSSOM HAIR CLIP,true
90109,,true
90110,,true
90111,BLUE HIBISCUS  HAIR CLIP,true
90112,PINK DOLLY HAIR CLIPS,true
90114,SUMMER DAISIES BAG CHARM,true
90115,SUMMER BUTTERFLIES BAG CHARM,true
90116,FRUIT SALAD BAG CHARM,true
90117,,true
90118,PINK DAISY BAG CHARM,true
90119,METALIC LEAVES BAG CHARMS,true
90120A,PINK MURANO TWIST BRACELET,true
90120B,BLUE MURANO TWIST BRACELET,true
90120C,GREEN MURANO TWIST BRACELET,true
90120D,WHITE MURANO TWIST BRACELET,true
90121A,,true
90121B,VINTAGE ROSE BEAD BRACELET BLUE,true
90122A,PINK CRYSTAL+GLASS BRACELET,true
90122B,JADE CRYSTAL+GLASS BRACELET,true
90122C,TURQUOISE CRYSTAL+GLASS BRACELET,true
90123A,PINK HEART OF GLASS BRACELET,true
90123B,TURQUOISE HEART OF GLASS BRACELET,true
90123C,GREEN HEART OF GLASS BRACELET,true
90123D,WHITE HEART OF GLASS BRACELET,true
90124A,PINK MURANO TWIST NECKLACE,true
90124B,BLUE MURANO TWIST NECKLACE,true
90124C,GREEN MURANO TWIST NECKLACE,true
90125A,PINK BERTIE GLASS BEAD BAG CHARM,true
90125B,AQUA BERTIE GLASS BEAD BAG CHARM,true
90125C,TURQUOISE BERTIE GLASS BEAD CHARM,true
90125D,PURPLE BERTIE GLASS BEAD BAG CHARM,true
90125E,AMBER BERTIE GLASS BEAD BAG CHARM,true
90126A,PINK BERTIE MOBILE PHONE CHARM,true
90126B,BLUE BERTIE MOBILE PHONE CHARM,true
90126C,AMBER BERTIE MOBILE PHONE CHARM,true
90127A,PINK BEADS+HAND PHONE CHARM,true
90127B,BLUE BEADS+HAND PHONE CHARM,true
90128A,PINK LEAVES AND BEADS PHONE CHARM,true
90128B,BLUE LEAVES AND BEADS PHONE CHARM,true
90128C,GREEN LEAVES AND BEADS PHONE CHARM,true
90128D,PURPLE LEAVES AND BEADS PHONE CHAR,true
90129A,PINK GLASS TASSLE BAG CHARM,true
90129B,TURQUOISE GLASS TASSLE BAG CHARM,true
90129C,GREEN GLASS TASSLE BAG CHARM,true
90129D,AMBER GLASS TASSLE BAG CHARM,true
90129E,PURPLE GLASS TASSLE BAG CHARM,true
90129F,RED GLASS TASSLE BAG CHARM,true
90130A,WHITE STONE/CRYSTAL EARRINGS,true
90130B,TURQ STONE/CRYSTAL EARRINGS,true
90130C,GREEN STONE/CRYSTAL EARRINGS,true
90130D,RED STONE/CRYSTAL EARRINGS,true
90131,PINK/AMETHYST/GOLD NECKLACE,true
90132,LIGHT TOPAZ TEAL/AQUA COL NECKLACE,true
90133,TEAL/FUSCHIA COL BEAD NECKLACE,true
90134,OLD ROSE COMBO BEAD NECKLACE,true
90135,ORANGE/WHT/FUSCHIA STONES NECKLACE,true
90135A,ORANGE/FUSCHIA STONES NECKLACE,true
90136,PALE PINK/AMETHYST STONE NECKLACE,true
90137,PINK COMBO MINI CRYSTALS NECKLACE,true
90138,WHITE/PINK MINI CRYSTALS NECKLACE,true
90139,FLOWER BROOCH 4 ASSORTED COLOURS,true
90140,PINK SWEETIE NECKLACE,true
90141A,GREEN PENDANT TRIPLE SHELL NECKLACE,true
90141B,IVORY PENDANT TRIPLE SHELL NECKLACE,true
90141C,TURQ PENDANT TRIPLE SHELL NECKLACE,true
90141D,ROSE PENDANT TRIPLE SHELL NECKLACE,true
90141E,ORANGE PENDANT TRIPLE SHELL NECKLAC,true
90142A,GREEN PENDANT SHELL NECKLACE,true
90142B,IVORY PENDANT SHELL NECKLACE,true
90142C,ROSE PINK PENDANT SHELL NECKLACE,true
90142D,MOP PENDANT SHELL NECKLACE,true
90143,SILVER BRACELET W PASTEL FLOWER,true
90144,SILVER DROP EARRINGS WITH FLOWER,true
90145,SILVER HOOP EARRINGS WITH FLOWER,true
90146,FINE SILVER NECKLACE W PASTEL FLOWE,true
90147,CHUNKY SILVER NECKLACE PASTEL FLOWE,true
90148,LONG SILVER NECKLACE PASTEL FLOWER,true
90149,SILVER FLOWR PINK SHELL NECKLACE,true
90150,BLUE SHELL+SILVER NECKLACE,true
90151,SILVER/NATURAL SHELL NECKLACE,true
90152A,SILVER/NAT SHELL NECKLACE W PENDANT,true
90152B,BLUE/GREEN SHELL NECKLACE W PENDANT,true
90152C,BLUE/NAT SHELL NECKLACE W PENDANT,true
90154,LAZER CUT NECKLACE W PASTEL BEADS,true
90155,RESIN NECKLACE W PASTEL BEADS,true
90156,RESIN BRACELET W PASTEL BEADS,true
90157,RIVIERA NECKLACE,true
90158,ST TROPEZ NECKLACE,true
90159,COTE D'AZURE NECKLACE,true
90160A,PURPLE BOUDICCA LARGE BRACELET,true
90160B,RED BOUDICCA LARGE BRACELET,true
90160C,TURQ+RED BOUDICCA LARGE BRACELET,true
90160D,PINK BOUDICCA LARGE BRACELET,true
90161A,ANT COPPER RED BOUDICCA BRACELET,true
90161B,ANT COPPER TURQ BOUDICCA BRACELET,true
90161C,ANT COPPER LIME BOUDICCA BRACELET,true
90161D,ANT COPPER PINK BOUDICCA BRACELET,true
90162A,ANT SILVER TURQUOISE BOUDICCA RING,true
90162B,ANT SILVER LIME GREEN BOUDICCA RING,true
90162C,ANT SILVER FUSCHIA BOUDICCA RING,true
90162D,ANT SILVER PURPLE BOUDICCA RING,true
90163A,PINK ROSEBUD & PEARL NECKLACE,true
90163B,WHITE ROSEBUD & PEARL NECKLACE,true
90164A,PINK ROSEBUD PEARL BRACELET,true
90164B,WHITE  ROSEBUD PEARL BRACELET,true
90165A,PINK ROSEBUD PEARL EARRINGS,true
90165B,WHITE ROSEBUD  PEARL EARRINGS,true
90166,PINK & WHITE ROSEBUD RING,true
90167,BEADED LOVE HEART JEWELLERY SET,true
90168,2 DAISIES HAIR COMB,true
90169,DAISY HAIR COMB,true
90170,DAISY HAIR BAND,true
90171,DAISY RING,true
90172,,true
90173,PAIR BUTTERFLY HAIR CLIPS,true
90174,BUTTERFLY HAIR BAND,true
90175A,WHITE GLASS CHUNKY CHARM BRACELET,true
90175B,PINK GLASS CHUNKY CHARM BRACELET,true
90175C,BLUE GLASS CHUNKY CHARM BRACELET,true
90175D,TIGRIS EYE CHUNKY CHARM BRACELET,true
90176A,CLASSIC DIAMANTE NECKLACE JET,true
90176B,DIAMANTE NECKLACE BLACK,true
90176C,DIAMANTE NECKLACE,true
90176D,DIAMANTE NECKLACE PURPLE,true
90176E,DIAMANTE NECKLACE GREEN,true
90177A,CLASSIC DIAMANTE EARRINGS JET,true
90177B,DROP DIAMANTE EARRINGS BLACK DIAMON,true
90177C,DROP DIAMANTE EARRINGS CRYSTAL,true
90177D,DROP DIAMANTE EARRINGS PURPLE,true
90177E,DROP DIAMANTE EARRINGS GREEN,true
90178A,AMBER CHUNKY GLASS+BEAD NECKLACE,true
90178B,PURPLE CHUNKY GLASS+BEAD NECKLACE,true
90179A,AMBER FINE BEAD NECKLACE W TASSEL,true
90179B,PURPLE FINE BEAD NECKLACE W TASSEL,true
90179C,BLACK FINE BEAD NECKLACE W TASSEL,true
90180A,BLACK+WHITE NECKLACE W TASSEL,true
90180B,PURPLE AMETHYST NECKLACE W TASSEL,true
90181A,AMBER GLASS/SHELL/PEARL NECKLACE,true
90181B,AMETHYST GLASS/SHELL/PEARL NECKLACE,true
90181C,BLACK GLASS/SHELL/PEARL NECKLACE,true
90182A,AMBER 3 BEAD DROP EARRINGS,true
90182B,AMETHYST 3 BEAD DROP EARRINGS,true
90182C,BLACK 3 BEAD DROP EARRINGS,true
90183A,AMBER DROP EARRINGS W LONG BEADS,true
90183B,AMETHYST DROP EARRINGS W LONG BEADS,true
90183C,BLACK DROP EARRINGS W LONG BEADS,true
90184A,AMBER CHUNKY BEAD BRACELET W STRAP,true
90184B,AMETHYST CHUNKY BEAD BRACELET W STR,true
90184C,BLACK CHUNKY BEAD BRACELET W STRAP,true
90185A,AMBER DIAMANTE EXPANDABLE RING,true
90185B,AMETHYST DIAMANTE EXPANDABLE RING,true
90185C,BLACK DIAMANTE EXPANDABLE RING,true
90185D,CRYSTAL DIAMANTE EXPANDABLE RING,true
90186A,AMETHYST HOOP EARRING FLORAL LEAF,true
90186B,CRYSTAL HOOP EARRING FLORAL LEAF,true
90187A,BLUE DROP EARRINGS W BEAD CLUSTER,true
90187B,GREEN DROP EARRINGS W BEAD CLUSTER,true
90188,DROP EARRINGS W FLOWER & LEAF,true
90189A,SILVER 2 STRAND NECKLACE-LEAF CHARM,true
90189B,GOLD 2 STRAND NECKLACE-LEAF CHARMS,true
90190A,SILVER/CRYSTAL DROP EARRINGS W LEAF,true
90190B,GOLD/AMBER DROP EARRINGS W LEAF,true
90190C,SILVER/AMETHYST DROP EARRINGS LEAF,true
90191,??,true
90192,JADE DROP EARRINGS W FILIGREE,true
90194,SILVER LARIAT BLACK STONE EARRINGS,true
90195A,PURPLE GEMSTONE BRACELET,true
90195B,BLACK GEMSTONE BRACELET,true
90196A,PURPLE GEMSTONE NECKLACE 45CM,true
90196B,BLACK GEMSTONE NECKLACE 45CM,true
90197A,,true
90197B,BLACK GLASS BRACELET W HEART CHARMS,true
90197C,,true
90197D,AMBER GLASS BRACELET HEART CHARMS,true
90198A,VINTAGE ROSE BEAD BRACELET RASPBERR,true
90198B,VINTAGE ROSE BEAD BRACELET BLACK,true
90199A,5 STRAND GLASS NECKLACE BLACK,true
90199B,5 STRAND GLASS NECKLACE AMETHYST,true
90199C,5 STRAND GLASS NECKLACE CRYSTAL,true
90199D,5 STRAND GLASS NECKLACE AMBER,true
90200A,PURPLE SWEETHEART BRACELET,true
90200B,BLACK SWEETHEART BRACELET,true
90200C,BLUE SWEETHEART BRACELET,true
90200D,PINK SWEETHEART BRACELET,true
90200E,GREEN SWEETHEART BRACELET,true
90201A,PURPLE ENAMEL FLOWER RING,true
90201B,BLACK ENAMEL FLOWER RING,true
90201C,RED ENAMEL FLOWER RING,true
90201D,GREEN ENAMEL FLOWER RING,true
90202A,PURPLE ENAMEL FLOWER HAIR TIE,true
90202B,WHITE ENAMEL FLOWER HAIR TIE,true
90202C,GREEN ENAMEL FLOWER HAIR TIE,true
90202D,PINK ENAMEL FLOWER HAIR TIE,true
90203,SILVER CHARM NECKLACE 70CM,true
90204,PAIR OF ENAMEL BUTTERFLY HAIRCLIP,true
90205A,LARGE MINT DIAMANTE HAIRSLIDE,true
90205C,LARGE CRYSTAL DIAMANTE HAIRSLIDE,true
90206A,GOLD DIAMANTE STAR BROOCH,true
90206C,CRYSTAL DIAMANTE STAR BROOCH,true
90208,PAIR OF ENAMEL FLOWER CLUSTER SLIDE,true
90209A,PURPLE ENAMEL+GLASS HAIR COMB,true
90209B,GREEN ENAMEL+GLASS HAIR COMB,true
90209C,PINK ENAMEL+GLASS HAIR COMB,true
90210A,GREY ACRYLIC FACETED BANGLE,true
90210B,CLEAR ACRYLIC FACETED BANGLE,true
90210C,RED   ACRYLIC FACETED BANGLE,true
90210D,PURPLE ACRYLIC FACETED BANGLE,true
90211A,DIAMOND LAS VEGAS NECKLACE 45CM,true
90211B,JET BLACK LAS VEGAS NECKLACE 45CM,true
90212B,JET BLACK LAS VEGAS BRACELET ROUND,true
90212C,PURPLE LAS VEGAS BRACELET ROUND,true
90214A,"LETTER ""A"" BLING KEY RING",true
90214B,"LETTER ""B"" BLING KEY RING",true
90214C,"LETTER ""C"" BLING KEY RING",true
90214D,"LETTER ""D"" BLING KEY RING",true
90214E,"LETTER ""E"" BLING KEY RING",true
90214F,"LETTER ""F"" BLING KEY RING",true
90214G,"LETTER ""G"" BLING KEY RING",true
90214H,"LETTER ""H"" BLING KEY RING",true
90214I,"LETTER ""I"" BLING KEY RING",true
90214J,"LETTER ""J"" BLING KEY RING",true
90214K,"LETTER ""K"" BLING KEY RING",true
90214L,"LETTER ""L"" BLING KEY RING",true
90214M,"LETTER ""M"" BLING KEY RING",true
90214N,"LETTER ""N"" BLING KEY RING",true
90214O,"LETTER ""O"" BLING KEY RING",true
90214P,"LETTER ""P"" BLING KEY RING",true
90214R,"LETTER ""R"" BLING KEY RING",true
90214S,"LETTER ""S"" BLING KEY RING",true
90214T,"LETTER ""T"" BLING KEY RING",true
90214U,"LETTER ""U"" BLING KEY RING",true
90214V,"LETTER ""V"" BLING KEY RING",true
90214W,"LETTER ""W"" BLING KEY RING",true
90214Y,"LETTER ""Y"" BLING KEY RING",true
90214Z,"LETTER ""Z"" BLING KEY RING",true
ADJUST,Adjustment by Peter on 24/05/2010 1,false
ADJUST2,Adjustment by Peter on Jun 25 2010,false
AMAZONFEE,AMAZON FEE,false
B,Adjust bad debt,false
BANK CHARGES,Bank Charges,false
C2,CARRIAGE,false
C3,,false
CRUK,CRUK Commission,false
D,Discount,false
DCGS0003,BOXED GLASS ASHTRAY,false
DCGS0004,HAYNES CAMPER SHOULDER BAG,false
DCGS0006,,false
DCGS0016,,false
DCGS0027,,false
DCGS0036,,false
DCGS0037,KEY-RING CORKSCREW,false
DCGS0039,,false
DCGS0041,HAYNES MINI-COOPER PLAYING CARDS,false
DCGS0044,HANDZ-OFF CAR FRESHENER,false
DCGS0053,,false
DCGS0055,,false
DCGS0056,,false
DCGS0057,,false
DCGS0058,MISO PRETTY  GUM,false
DCGS0059,,false
DCGS0060,,false
DCGS0062,ROAD-RAGE CAR FRESHENER,false
DCGS0066N,NAVY CUDDLES DOG HOODIE,false
DCGS0066P,,false
DCGS0067,ebay,false
DCGS0068,DOGS NIGHT COLLAR,false
DCGS0069,OOH LA LA DOGS COLLAR,false
DCGS0070,CAMOUFLAGE DOG COLLAR,false
DCGS0071,,false
DCGS0072,CAT CAMOUFLAGUE COLLAR,false
DCGS0073,ebay,false
DCGS0074,,false
DCGS0075,CAMOUFLAGUE DOG LEAD,false
DCGS0076,SUNJAR LED NIGHT NIGHT LIGHT,false
DCGSLBOY,,false
DCGSLGIRL,,false
DCGSSBOY,BOYS PARTY BAG,false
DCGSSGIRL,GIRLS PARTY BAG,false
DOT,DOTCOM POSTAGE,false
GIFT,,false
M,Manual,false
PADS,PADS TO MATCH ALL CUSHIONS,false
POST,POSTAGE,false
S,SAMPLES,false
SP1002,KID'S CHALKBOARD/EASEL,false
TEST001,This is a test product.,false
TEST002,This is a test product.,false
GIFT_0001_10,Dotcomgiftshop Gift Voucher £10.00,false
GIFT_0001_20,Dotcomgiftshop Gift Voucher £20.00,false
GIFT_0001_30,Dotcomgiftshop Gift Voucher £30.00,false
GIFT_0001_40,Dotcomgiftshop Gift Voucher £40.00,false
GIFT_0001_50,Dotcomgiftshop Gift Voucher £50.00,false
GIFT_0001_60,,false
GIFT_0001_70,Dotcomgiftshop Gift Voucher £70.00,false
GIFT_0001_80,Dotcomgiftshop Gift Voucher £80.00,false
GIFT_0001_90,,false
