Invoice,StockCode,Quantity,Price,Revenue,InvoiceDate,DateKey,CustomerID,Country,IsCancelled
489434,85048,12,6.95,83.4,2009-12-01 07:45:00,2009-12-01,13085,United Kingdom,False
489434,79323P,12,6.75,81.0,2009-12-01 07:45:00,2009-12-01,13085,United Kingdom,False
489434,79323W,12,6.75,81.0,2009-12-01 07:45:00,2009-12-01,13085,United Kingdom,False
489434,22041,48,2.1,100.8,2009-12-01 07:45:00,2009-12-01,13085,United Kingdom,False
489434,21232,24,1.25,30.0,2009-12-01 07:45:00,2009-12-01,13085,United Kingdom,False
489434,22064,24,1.65,39.6,2009-12-01 07:45:00,2009-12-01,13085,United Kingdom,False
489434,21871,24,1.25,30.0,2009-12-01 07:45:00,2009-12-01,13085,United Kingdom,False
489434,21523,10,5.95,59.5,2009-12-01 07:45:00,2009-12-01,13085,United Kingdom,False
489435,22350,12,2.55,30.6,2009-12-01 07:46:00,2009-12-01,13085,United Kingdom,False
489435,22349,12,3.75,45.0,2009-12-01 07:46:00,2009-12-01,13085,United Kingdom,False
489435,22195,24,1.65,39.6,2009-12-01 07:46:00,2009-12-01,13085,United Kingdom,False
489435,22353,12,2.55,30.6,2009-12-01 07:46:00,2009-12-01,13085,United Kingdom,False
489436,48173C,10,5.95,59.5,2009-12-01 09:06:00,2009-12-01,13078,United Kingdom,False
489436,21755,18,5.45,98.1,2009-12-01 09:06:00,2009-12-01,13078,United Kingdom,False
489436,21754,3,5.95,17.85,2009-12-01 09:06:00,2009-12-01,13078,United Kingdom,False
489436,84879,16,1.69,27.04,2009-12-01 09:06:00,2009-12-01,13078,United Kingdom,False
489436,22119,3,6.95,20.85,2009-12-01 09:06:00,2009-12-01,13078,United Kingdom,False
489436,22142,12,1.45,17.4,2009-12-01 09:06:00,2009-12-01,13078,United Kingdom,False
489436,22296,12,1.65,19.8,2009-12-01 09:06:00,2009-12-01,13078,United Kingdom,False
489436,22295,12,1.65,19.8,2009-12-01 09:06:00,2009-12-01,13078,United Kingdom,False
489436,22109,16,3.39,54.24,2009-12-01 09:06:00,2009-12-01,13078,United Kingdom,False
489436,22107,4,3.75,15.0,2009-12-01 09:06:00,2009-12-01,13078,United Kingdom,False
489436,22194,2,8.5,17.0,2009-12-01 09:06:00,2009-12-01,13078,United Kingdom,False
489436,35004B,12,4.65,55.8,2009-12-01 09:06:00,2009-12-01,13078,United Kingdom,False
489436,82582,12,2.1,25.2,2009-12-01 09:06:00,2009-12-01,13078,United Kingdom,False
489436,21181,12,2.1,25.2,2009-12-01 09:06:00,2009-12-01,13078,United Kingdom,False
489436,21756,3,5.95,17.85,2009-12-01 09:06:00,2009-12-01,13078,United Kingdom,False
489436,21333,6,2.95,17.7,2009-12-01 09:06:00,2009-12-01,13078,United Kingdom,False
489436,84596F,8,1.25,10.0,2009-12-01 09:06:00,2009-12-01,13078,United Kingdom,False
489436,84596L,8,1.25,10.0,2009-12-01 09:06:00,2009-12-01,13078,United Kingdom,False
489436,22111,24,4.25,102.0,2009-12-01 09:06:00,2009-12-01,13078,United Kingdom,False
489437,22143,6,2.1,12.6,2009-12-01 09:08:00,2009-12-01,15362,United Kingdom,False
489437,22145,6,2.1,12.6,2009-12-01 09:08:00,2009-12-01,15362,United Kingdom,False
489437,22130,12,0.85,10.2,2009-12-01 09:08:00,2009-12-01,15362,United Kingdom,False
489437,21364,2,6.75,13.5,2009-12-01 09:08:00,2009-12-01,15362,United Kingdom,False
489437,21360,1,9.95,9.95,2009-12-01 09:08:00,2009-12-01,15362,United Kingdom,False
489437,21351,2,6.75,13.5,2009-12-01 09:08:00,2009-12-01,15362,United Kingdom,False
489437,21352,2,6.75,13.5,2009-12-01 09:08:00,2009-12-01,15362,United Kingdom,False
489437,35400,2,8.95,17.9,2009-12-01 09:08:00,2009-12-01,15362,United Kingdom,False
489437,20695,3,4.25,12.75,2009-12-01 09:08:00,2009-12-01,15362,United Kingdom,False
489437,37370,12,1.25,15.0,2009-12-01 09:08:00,2009-12-01,15362,United Kingdom,False
489437,10002,12,0.85,10.2,2009-12-01 09:08:00,2009-12-01,15362,United Kingdom,False
489437,84507B,6,2.55,15.3,2009-12-01 09:08:00,2009-12-01,15362,United Kingdom,False
489437,20703,3,4.25,12.75,2009-12-01 09:08:00,2009-12-01,15362,United Kingdom,False
489437,21987,12,0.65,7.8,2009-12-01 09:08:00,2009-12-01,15362,United Kingdom,False
489437,21989,12,0.85,10.2,2009-12-01 09:08:00,2009-12-01,15362,United Kingdom,False
489437,84970S,12,0.85,10.2,2009-12-01 09:08:00,2009-12-01,15362,United Kingdom,False
489437,20971,12,1.25,15.0,2009-12-01 09:08:00,2009-12-01,15362,United Kingdom,False
489437,22271,6,2.95,17.7,2009-12-01 09:08:00,2009-12-01,15362,United Kingdom,False
489437,22272,6,2.95,17.7,2009-12-01 09:08:00,2009-12-01,15362,United Kingdom,False
489437,22274,6,2.95,17.7,2009-12-01 09:08:00,2009-12-01,15362,United Kingdom,False
489437,21912,4,3.75,15.0,2009-12-01 09:08:00,2009-12-01,15362,United Kingdom,False
489437,22111,3,4.95,14.85,2009-12-01 09:08:00,2009-12-01,15362,United Kingdom,False
489437,22112,3,4.95,14.85,2009-12-01 09:08:00,2009-12-01,15362,United Kingdom,False
489438,21329,28,0.98,27.44,2009-12-01 09:24:00,2009-12-01,18102,United Kingdom,False
489438,21252,30,1.69,50.7,2009-12-01 09:24:00,2009-12-01,18102,United Kingdom,False
489438,21100,30,1.15,34.5,2009-12-01 09:24:00,2009-12-01,18102,United Kingdom,False
489438,21033,30,2.0,60.0,2009-12-01 09:24:00,2009-12-01,18102,United Kingdom,False
489438,20711,60,1.3,78.0,2009-12-01 09:24:00,2009-12-01,18102,United Kingdom,False
489438,21410,32,2.5,80.0,2009-12-01 09:24:00,2009-12-01,18102,United Kingdom,False
489438,21411,32,2.5,80.0,2009-12-01 09:24:00,2009-12-01,18102,United Kingdom,False
489438,84031A,56,3.0,168.0,2009-12-01 09:24:00,2009-12-01,18102,United Kingdom,False
489438,84031B,56,3.0,168.0,2009-12-01 09:24:00,2009-12-01,18102,United Kingdom,False
489438,84032A,60,1.9,114.0,2009-12-01 09:24:00,2009-12-01,18102,United Kingdom,False
489438,84032B,56,1.9,106.4,2009-12-01 09:24:00,2009-12-01,18102,United Kingdom,False
489438,84519A,56,2.15,120.4,2009-12-01 09:24:00,2009-12-01,18102,United Kingdom,False
489438,84519B,60,2.4,144.0,2009-12-01 09:24:00,2009-12-01,18102,United Kingdom,False
489438,85132A,60,6.38,382.8,2009-12-01 09:24:00,2009-12-01,18102,United Kingdom,False
489438,85132C,60,6.4,384.0,2009-12-01 09:24:00,2009-12-01,18102,United Kingdom,False
489438,85183A,60,2.4,144.0,2009-12-01 09:24:00,2009-12-01,18102,United Kingdom,False
489438,85183B,60,2.4,144.0,2009-12-01 09:24:00,2009-12-01,18102,United Kingdom,False
489439,22065,12,1.45,17.4,2009-12-01 09:28:00,2009-12-01,12682,France,False
489439,22138,9,4.95,44.55,2009-12-01 09:28:00,2009-12-01,12682,France,False
489439,22139,9,4.95,44.55,2009-12-01 09:28:00,2009-12-01,12682,France,False
489439,22352,12,2.55,30.6,2009-12-01 09:28:00,2009-12-01,12682,France,False
489439,85014A,3,5.95,17.85,2009-12-01 09:28:00,2009-12-01,12682,France,False
489439,85014B,3,5.95,17.85,2009-12-01 09:28:00,2009-12-01,12682,France,False
489439,16161P,25,0.42,10.5,2009-12-01 09:28:00,2009-12-01,12682,France,False
489439,16169N,25,0.42,10.5,2009-12-01 09:28:00,2009-12-01,12682,France,False
489439,21491,6,1.95,11.7,2009-12-01 09:28:00,2009-12-01,12682,France,False
489439,22333,8,1.65,13.2,2009-12-01 09:28:00,2009-12-01,12682,France,False
489439,85216,12,0.65,7.8,2009-12-01 09:28:00,2009-12-01,12682,France,False
489439,21493,12,0.85,10.2,2009-12-01 09:28:00,2009-12-01,12682,France,False
489439,22130,24,0.85,20.4,2009-12-01 09:28:00,2009-12-01,12682,France,False
489439,22064,12,1.65,19.8,2009-12-01 09:28:00,2009-12-01,12682,France,False
489439,21731,24,1.65,39.6,2009-12-01 09:28:00,2009-12-01,12682,France,False
489439,85232B,6,4.95,29.7,2009-12-01 09:28:00,2009-12-01,12682,France,False
489439,84691,12,0.85,10.2,2009-12-01 09:28:00,2009-12-01,12682,France,False
489439,20749,2,7.95,15.9,2009-12-01 09:28:00,2009-12-01,12682,France,False
489439,POST,3,18.0,54.0,2009-12-01 09:28:00,2009-12-01,12682,France,False
489440,22350,8,2.55,20.4,2009-12-01 09:43:00,2009-12-01,18087,United Kingdom,False
489440,22349,8,3.75,30.0,2009-12-01 09:43:00,2009-12-01,18087,United Kingdom,False
489441,22321,12,0.72,8.64,2009-12-01 09:44:00,2009-12-01,18087,United Kingdom,False
489441,22138,6,4.25,25.5,2009-12-01 09:44:00,2009-12-01,18087,United Kingdom,False
489441,84029E,36,2.95,106.2,2009-12-01 09:44:00,2009-12-01,18087,United Kingdom,False
489441,22111,48,4.25,204.0,2009-12-01 09:44:00,2009-12-01,18087,United Kingdom,False
489442,21955,2,6.75,13.5,2009-12-01 09:46:00,2009-12-01,13635,United Kingdom,False
489442,22111,3,4.95,14.85,2009-12-01 09:46:00,2009-12-01,13635,United Kingdom,False
489442,22296,12,1.65,19.8,2009-12-01 09:46:00,2009-12-01,13635,United Kingdom,False
489442,84899E,12,1.25,15.0,2009-12-01 09:46:00,2009-12-01,13635,United Kingdom,False
489442,22271,6,2.95,17.7,2009-12-01 09:46:00,2009-12-01,13635,United Kingdom,False
489442,22272,6,2.95,17.7,2009-12-01 09:46:00,2009-12-01,13635,United Kingdom,False
489442,85123A,6,2.95,17.7,2009-12-01 09:46:00,2009-12-01,13635,United Kingdom,False
489442,21582,20,1.65,33.0,2009-12-01 09:46:00,2009-12-01,13635,United Kingdom,False
489442,21586,12,2.55,30.6,2009-12-01 09:46:00,2009-12-01,13635,United Kingdom,False
489442,21590,48,1.25,60.0,2009-12-01 09:46:00,2009-12-01,13635,United Kingdom,False
489442,22091,12,1.25,15.0,2009-12-01 09:46:00,2009-12-01,13635,United Kingdom,False
489442,84251J,12,0.42,5.04,2009-12-01 09:46:00,2009-12-01,13635,United Kingdom,False
489442,22024,12,0.42,5.04,2009-12-01 09:46:00,2009-12-01,13635,United Kingdom,False
489442,22026,12,0.42,5.04,2009-12-01 09:46:00,2009-12-01,13635,United Kingdom,False
489442,22029,12,0.42,5.04,2009-12-01 09:46:00,2009-12-01,13635,United Kingdom,False
489442,22025,12,0.42,5.04,2009-12-01 09:46:00,2009-12-01,13635,United Kingdom,False
489442,22031,12,0.42,5.04,2009-12-01 09:46:00,2009-12-01,13635,United Kingdom,False
489442,21428,4,4.25,17.0,2009-12-01 09:46:00,2009-12-01,13635,United Kingdom,False
489442,21430,4,3.75,15.0,2009-12-01 09:46:00,2009-12-01,13635,United Kingdom,False
489442,21916,24,0.42,10.08,2009-12-01 09:46:00,2009-12-01,13635,United Kingdom,False
489442,21790,12,0.85,10.2,2009-12-01 09:46:00,2009-12-01,13635,United Kingdom,False
489442,21888,8,3.75,30.0,2009-12-01 09:46:00,2009-12-01,13635,United Kingdom,False
489442,85178,12,1.25,15.0,2009-12-01 09:46:00,2009-12-01,13635,United Kingdom,False
489443,20754,6,2.1,12.6,2009-12-01 09:50:00,2009-12-01,14110,United Kingdom,False
489443,21035,12,2.95,35.4,2009-12-01 09:50:00,2009-12-01,14110,United Kingdom,False
489443,22041,48,2.1,100.8,2009-12-01 09:50:00,2009-12-01,14110,United Kingdom,False
489443,82001S,24,3.39,81.36,2009-12-01 09:50:00,2009-12-01,14110,United Kingdom,False
489443,82580,12,0.55,6.6,2009-12-01 09:50:00,2009-12-01,14110,United Kingdom,False
489443,85150,12,2.55,30.6,2009-12-01 09:50:00,2009-12-01,14110,United Kingdom,False
489443,21041,6,2.95,17.7,2009-12-01 09:50:00,2009-12-01,14110,United Kingdom,False
489444,POST,1,141.0,141.0,2009-12-01 09:55:00,2009-12-01,12636,USA,False
489445,35916C,12,0.85,10.2,2009-12-01 09:57:00,2009-12-01,17519,United Kingdom,False
489445,35916B,12,0.85,10.2,2009-12-01 09:57:00,2009-12-01,17519,United Kingdom,False
489445,22321,24,0.85,20.4,2009-12-01 09:57:00,2009-12-01,17519,United Kingdom,False
489445,22130,12,0.85,10.2,2009-12-01 09:57:00,2009-12-01,17519,United Kingdom,False
489445,22180,2,9.95,19.9,2009-12-01 09:57:00,2009-12-01,17519,United Kingdom,False
489445,22128,12,1.25,15.0,2009-12-01 09:57:00,2009-12-01,17519,United Kingdom,False
489445,22163,6,2.95,17.7,2009-12-01 09:57:00,2009-12-01,17519,United Kingdom,False
489445,35951,48,0.38,18.24,2009-12-01 09:57:00,2009-12-01,17519,United Kingdom,False
489445,22253,12,1.25,15.0,2009-12-01 09:57:00,2009-12-01,17519,United Kingdom,False
489445,84988,12,1.45,17.4,2009-12-01 09:57:00,2009-12-01,17519,United Kingdom,False
489445,22219,24,0.85,20.4,2009-12-01 09:57:00,2009-12-01,17519,United Kingdom,False
489445,18097C,6,2.55,15.3,2009-12-01 09:57:00,2009-12-01,17519,United Kingdom,False
489445,22138,3,4.95,14.85,2009-12-01 09:57:00,2009-12-01,17519,United Kingdom,False
489445,21299,1,12.75,12.75,2009-12-01 09:57:00,2009-12-01,17519,United Kingdom,False
489445,21099,24,0.65,15.6,2009-12-01 09:57:00,2009-12-01,17519,United Kingdom,False
489445,21085,24,0.65,15.6,2009-12-01 09:57:00,2009-12-01,17519,United Kingdom,False
489445,21929,10,1.95,19.5,2009-12-01 09:57:00,2009-12-01,17519,United Kingdom,False
489445,22241,24,1.25,30.0,2009-12-01 09:57:00,2009-12-01,17519,United Kingdom,False
489445,21091,12,0.85,10.2,2009-12-01 09:57:00,2009-12-01,17519,United Kingdom,False
489446,21733,32,2.55,81.6,2009-12-01 10:06:00,2009-12-01,13758,United Kingdom,False
489446,85123A,32,2.55,81.6,2009-12-01 10:06:00,2009-12-01,13758,United Kingdom,False
489446,22178,12,1.25,15.0,2009-12-01 10:06:00,2009-12-01,13758,United Kingdom,False
489446,22125,12,5.95,71.4,2009-12-01 10:06:00,2009-12-01,13758,United Kingdom,False
489446,21671,12,1.25,15.0,2009-12-01 10:06:00,2009-12-01,13758,United Kingdom,False
489446,22086,12,2.95,35.4,2009-12-01 10:06:00,2009-12-01,13758,United Kingdom,False
489446,22111,6,4.95,29.7,2009-12-01 10:06:00,2009-12-01,13758,United Kingdom,False
489446,22112,12,4.95,59.4,2009-12-01 10:06:00,2009-12-01,13758,United Kingdom,False
489446,22294,24,1.25,30.0,2009-12-01 10:06:00,2009-12-01,13758,United Kingdom,False
489446,22199,4,4.25,17.0,2009-12-01 10:06:00,2009-12-01,13758,United Kingdom,False
489446,22083,24,2.95,70.8,2009-12-01 10:06:00,2009-12-01,13758,United Kingdom,False
489446,22114,12,3.95,47.4,2009-12-01 10:06:00,2009-12-01,13758,United Kingdom,False
489446,21485,12,4.95,59.4,2009-12-01 10:06:00,2009-12-01,13758,United Kingdom,False
489446,21928,10,1.95,19.5,2009-12-01 10:06:00,2009-12-01,13758,United Kingdom,False
489446,21929,10,1.95,19.5,2009-12-01 10:06:00,2009-12-01,13758,United Kingdom,False
489446,85099B,20,1.95,39.0,2009-12-01 10:06:00,2009-12-01,13758,United Kingdom,False
489446,22356,10,0.85,8.5,2009-12-01 10:06:00,2009-12-01,13758,United Kingdom,False
489446,20724,10,0.85,8.5,2009-12-01 10:06:00,2009-12-01,13758,United Kingdom,False
489446,21590,24,1.25,30.0,2009-12-01 10:06:00,2009-12-01,13758,United Kingdom,False
489446,21592,24,1.25,30.0,2009-12-01 10:06:00,2009-12-01,13758,United Kingdom,False
489446,20725,10,1.65,16.5,2009-12-01 10:06:00,2009-12-01,13758,United Kingdom,False
489446,20728,10,1.65,16.5,2009-12-01 10:06:00,2009-12-01,13758,United Kingdom,False
489446,20726,10,1.65,16.5,2009-12-01 10:06:00,2009-12-01,13758,United Kingdom,False
489446,20754,12,2.1,25.2,2009-12-01 10:06:00,2009-12-01,13758,United Kingdom,False
489446,21217,12,8.95,107.4,2009-12-01 10:06:00,2009-12-01,13758,United Kingdom,False
489446,22195,12,1.65,19.8,2009-12-01 10:06:00,2009-12-01,13758,United Kingdom,False
489446,85066,2,12.75,25.5,2009-12-01 10:06:00,2009-12-01,13758,United Kingdom,False
489447,POST,1,130.0,130.0,2009-12-01 10:10:00,2009-12-01,12362,Belgium,False
489448,20827,48,2.12,101.76,2009-12-01 10:18:00,2009-12-01,15413,United Kingdom,False
489448,20825,48,3.39,162.72,2009-12-01 10:18:00,2009-12-01,15413,United Kingdom,False
489448,20823,48,4.25,204.0,2009-12-01 10:18:00,2009-12-01,15413,United Kingdom,False
489448,20826,48,2.12,101.76,2009-12-01 10:18:00,2009-12-01,15413,United Kingdom,False
C489449,22087,-12,2.95,-35.4,2009-12-01 10:33:00,2009-12-01,16321,Australia,True
C489449,85206A,-6,1.65,-9.9,2009-12-01 10:33:00,2009-12-01,16321,Australia,True
C489449,21895,-4,4.25,-17.0,2009-12-01 10:33:00,2009-12-01,16321,Australia,True
C489449,21896,-6,2.1,-12.6,2009-12-01 10:33:00,2009-12-01,16321,Australia,True
C489449,22083,-12,2.95,-35.4,2009-12-01 10:33:00,2009-12-01,16321,Australia,True
C489449,21871,-12,1.25,-15.0,2009-12-01 10:33:00,2009-12-01,16321,Australia,True
C489449,84946,-12,1.25,-15.0,2009-12-01 10:33:00,2009-12-01,16321,Australia,True
C489449,84970S,-24,0.85,-20.4,2009-12-01 10:33:00,2009-12-01,16321,Australia,True
C489449,22090,-12,2.95,-35.4,2009-12-01 10:33:00,2009-12-01,16321,Australia,True
489450,22087,12,2.95,35.4,2009-12-01 10:36:00,2009-12-01,16321,Australia,False
489450,85206A,6,1.65,9.9,2009-12-01 10:36:00,2009-12-01,16321,Australia,False
489450,21895,4,4.25,17.0,2009-12-01 10:36:00,2009-12-01,16321,Australia,False
489450,21896,6,2.1,12.6,2009-12-01 10:36:00,2009-12-01,16321,Australia,False
489450,22083,12,2.95,35.4,2009-12-01 10:36:00,2009-12-01,16321,Australia,False
489450,21871,12,1.25,15.0,2009-12-01 10:36:00,2009-12-01,16321,Australia,False
489450,84946,12,1.25,15.0,2009-12-01 10:36:00,2009-12-01,16321,Australia,False
489450,84970S,24,0.85,20.4,2009-12-01 10:36:00,2009-12-01,16321,Australia,False
489450,22090,12,2.95,35.4,2009-12-01 10:36:00,2009-12-01,16321,Australia,False
C489459,90200A,-3,4.25,-12.75,2009-12-01 10:44:00,2009-12-01,17592,United Kingdom,True
C489459,90200D,-3,4.25,-12.75,2009-12-01 10:44:00,2009-12-01,17592,United Kingdom,True
C489459,90200B,-3,4.25,-12.75,2009-12-01 10:44:00,2009-12-01,17592,United Kingdom,True
C489459,90200E,-3,4.25,-12.75,2009-12-01 10:44:00,2009-12-01,17592,United Kingdom,True
C489459,90200C,-3,4.25,-12.75,2009-12-01 10:44:00,2009-12-01,17592,United Kingdom,True
C489459,90185C,-3,4.25,-12.75,2009-12-01 10:44:00,2009-12-01,17592,United Kingdom,True
C489459,90185B,-3,4.25,-12.75,2009-12-01 10:44:00,2009-12-01,17592,United Kingdom,True
C489459,90003C,-3,3.75,-11.25,2009-12-01 10:44:00,2009-12-01,17592,United Kingdom,True
C489459,90003D,-3,3.75,-11.25,2009-12-01 10:44:00,2009-12-01,17592,United Kingdom,True
C489459,90003B,-3,3.75,-11.25,2009-12-01 10:44:00,2009-12-01,17592,United Kingdom,True
C489459,90209C,-3,2.1,-6.3,2009-12-01 10:44:00,2009-12-01,17592,United Kingdom,True
C489459,90209A,-3,2.1,-6.3,2009-12-01 10:44:00,2009-12-01,17592,United Kingdom,True
C489459,90082D,-2,6.35,-12.7,2009-12-01 10:44:00,2009-12-01,17592,United Kingdom,True
489460,79323P,8,6.75,54.0,2009-12-01 10:46:00,2009-12-01,16167,United Kingdom,False
489460,21977,24,0.55,13.2,2009-12-01 10:46:00,2009-12-01,16167,United Kingdom,False
489460,84991,24,0.55,13.2,2009-12-01 10:46:00,2009-12-01,16167,United Kingdom,False
489460,22274,6,2.95,17.7,2009-12-01 10:46:00,2009-12-01,16167,United Kingdom,False
489460,22273,6,2.95,17.7,2009-12-01 10:46:00,2009-12-01,16167,United Kingdom,False
489460,22179,4,6.75,27.0,2009-12-01 10:46:00,2009-12-01,16167,United Kingdom,False
489460,22320,3,5.95,17.85,2009-12-01 10:46:00,2009-12-01,16167,United Kingdom,False
489460,22232,8,1.65,13.2,2009-12-01 10:46:00,2009-12-01,16167,United Kingdom,False
489460,84598,576,0.21,120.96,2009-12-01 10:46:00,2009-12-01,16167,United Kingdom,False
489460,79323W,8,6.75,54.0,2009-12-01 10:46:00,2009-12-01,16167,United Kingdom,False
489460,22138,3,4.95,14.85,2009-12-01 10:46:00,2009-12-01,16167,United Kingdom,False
489460,22139,3,4.95,14.85,2009-12-01 10:46:00,2009-12-01,16167,United Kingdom,False
489460,79323S,4,6.75,27.0,2009-12-01 10:46:00,2009-12-01,16167,United Kingdom,False
489460,21731,12,1.65,19.8,2009-12-01 10:46:00,2009-12-01,16167,United Kingdom,False
489460,84568,288,0.21,60.48,2009-12-01 10:46:00,2009-12-01,16167,United Kingdom,False
489461,21668,24,1.25,30.0,2009-12-01 10:49:00,2009-12-01,17865,United Kingdom,False
489461,21669,24,1.25,30.0,2009-12-01 10:49:00,2009-12-01,17865,United Kingdom,False
489461,21670,24,1.25,30.0,2009-12-01 10:49:00,2009-12-01,17865,United Kingdom,False
489461,21671,24,1.25,30.0,2009-12-01 10:49:00,2009-12-01,17865,United Kingdom,False
489461,21672,24,1.25,30.0,2009-12-01 10:49:00,2009-12-01,17865,United Kingdom,False
489461,21673,24,1.25,30.0,2009-12-01 10:49:00,2009-12-01,17865,United Kingdom,False
489461,22125,3,5.95,17.85,2009-12-01 10:49:00,2009-12-01,17865,United Kingdom,False
489461,21232,48,1.25,60.0,2009-12-01 10:49:00,2009-12-01,17865,United Kingdom,False
489461,85071A,6,2.95,17.7,2009-12-01 10:49:00,2009-12-01,17865,United Kingdom,False
489461,85071B,6,2.95,17.7,2009-12-01 10:49:00,2009-12-01,17865,United Kingdom,False
489461,21161,12,1.45,17.4,2009-12-01 10:49:00,2009-12-01,17865,United Kingdom,False
489461,21162,12,1.45,17.4,2009-12-01 10:49:00,2009-12-01,17865,United Kingdom,False
489461,21248,12,1.45,17.4,2009-12-01 10:49:00,2009-12-01,17865,United Kingdom,False
489461,21159,12,1.45,17.4,2009-12-01 10:49:00,2009-12-01,17865,United Kingdom,False
489461,82582,12,2.1,25.2,2009-12-01 10:49:00,2009-12-01,17865,United Kingdom,False
489461,21181,6,2.1,12.6,2009-12-01 10:49:00,2009-12-01,17865,United Kingdom,False
489461,85150,6,2.55,15.3,2009-12-01 10:49:00,2009-12-01,17865,United Kingdom,False
489461,82494L,6,2.95,17.7,2009-12-01 10:49:00,2009-12-01,17865,United Kingdom,False
489461,82486,2,7.95,15.9,2009-12-01 10:49:00,2009-12-01,17865,United Kingdom,False
489461,82483,3,5.95,17.85,2009-12-01 10:49:00,2009-12-01,17865,United Kingdom,False
489462,90200D,3,4.25,12.75,2009-12-01 10:49:00,2009-12-01,17592,United Kingdom,False
489462,90200E,3,4.25,12.75,2009-12-01 10:49:00,2009-12-01,17592,United Kingdom,False
489461,21212,24,0.55,13.2,2009-12-01 10:49:00,2009-12-01,17865,United Kingdom,False
489461,84991,24,0.55,13.2,2009-12-01 10:49:00,2009-12-01,17865,United Kingdom,False
489461,22180,2,9.95,19.9,2009-12-01 10:49:00,2009-12-01,17865,United Kingdom,False
489461,72756,27,1.49,40.23,2009-12-01 10:49:00,2009-12-01,17865,United Kingdom,False
489461,22063,6,2.95,17.7,2009-12-01 10:49:00,2009-12-01,17865,United Kingdom,False
489461,37450,6,2.95,17.7,2009-12-01 10:49:00,2009-12-01,17865,United Kingdom,False
489462,90200A,3,4.25,12.75,2009-12-01 10:49:00,2009-12-01,17592,United Kingdom,False
489462,90200C,3,4.25,12.75,2009-12-01 10:49:00,2009-12-01,17592,United Kingdom,False
489462,90200B,3,4.25,12.75,2009-12-01 10:49:00,2009-12-01,17592,United Kingdom,False
489462,90185C,3,4.25,12.75,2009-12-01 10:49:00,2009-12-01,17592,United Kingdom,False
489462,90185B,3,4.25,12.75,2009-12-01 10:49:00,2009-12-01,17592,United Kingdom,False
489462,90003C,3,3.75,11.25,2009-12-01 10:49:00,2009-12-01,17592,United Kingdom,False
489462,90003D,3,3.75,11.25,2009-12-01 10:49:00,2009-12-01,17592,United Kingdom,False
489462,90003B,3,3.75,11.25,2009-12-01 10:49:00,2009-12-01,17592,United Kingdom,False
489462,90209C,3,2.1,6.3,2009-12-01 10:49:00,2009-12-01,17592,United Kingdom,False
489462,90209A,3,2.1,6.3,2009-12-01 10:49:00,2009-12-01,17592,United Kingdom,False
489462,90082D,2,6.35,12.7,2009-12-01 10:49:00,2009-12-01,17592,United Kingdom,False
489464,21733,-96,0.0,-0.0,2009-12-01 10:52:00,2009-12-01,GUEST,United Kingdom,False
489465,21707,12,4.95,59.4,2009-12-01 10:52:00,2009-12-01,13767,United Kingdom,False
489465,21710,12,4.95,59.4,2009-12-01 10:52:00,2009-12-01,13767,United Kingdom,False
489465,21708,12,4.95,59.4,2009-12-01 10:52:00,2009-12-01,13767,United Kingdom,False
489465,21706,12,4.95,59.4,2009-12-01 10:52:00,2009-12-01,13767,United Kingdom,False
489465,21711,12,4.95,59.4,2009-12-01 10:52:00,2009-12-01,13767,United Kingdom,False
489465,20747,4,14.95,59.8,2009-12-01 10:52:00,2009-12-01,13767,United Kingdom,False
489465,22125,12,5.95,71.4,2009-12-01 10:52:00,2009-12-01,13767,United Kingdom,False
489465,85123A,64,2.55,163.2,2009-12-01 10:52:00,2009-12-01,13767,United Kingdom,False
489465,21733,20,2.95,59.0,2009-12-01 10:52:00,2009-12-01,13767,United Kingdom,False
489465,20752,8,2.1,16.8,2009-12-01 10:52:00,2009-12-01,13767,United Kingdom,False
489465,20753,8,2.1,16.8,2009-12-01 10:52:00,2009-12-01,13767,United Kingdom,False
489465,20754,8,2.1,16.8,2009-12-01 10:52:00,2009-12-01,13767,United Kingdom,False
489465,20751,12,2.1,25.2,2009-12-01 10:52:00,2009-12-01,13767,United Kingdom,False
489465,48185,4,6.75,27.0,2009-12-01 10:52:00,2009-12-01,13767,United Kingdom,False
489465,22114,12,3.95,47.4,2009-12-01 10:52:00,2009-12-01,13767,United Kingdom,False
489465,21481,8,2.95,23.6,2009-12-01 10:52:00,2009-12-01,13767,United Kingdom,False
489465,85042,24,4.25,102.0,2009-12-01 10:52:00,2009-12-01,13767,United Kingdom,False
489465,72760B,4,9.95,39.8,2009-12-01 10:52:00,2009-12-01,13767,United Kingdom,False
489465,84879,160,1.45,232.0,2009-12-01 10:52:00,2009-12-01,13767,United Kingdom,False
489463,71477,-240,0.0,-0.0,2009-12-01 10:52:00,2009-12-01,GUEST,United Kingdom,False
489467,85123A,-192,0.0,-0.0,2009-12-01 10:53:00,2009-12-01,GUEST,United Kingdom,False
C489476,22149,-6,2.1,-12.6,2009-12-01 10:55:00,2009-12-01,13293,United Kingdom,True
489488,84031B,1,4.65,4.65,2009-12-01 10:59:00,2009-12-01,17238,United Kingdom,False
489488,84032A,1,2.95,2.95,2009-12-01 10:59:00,2009-12-01,17238,United Kingdom,False
489488,84032B,1,2.95,2.95,2009-12-01 10:59:00,2009-12-01,17238,United Kingdom,False
489488,22125,2,5.95,11.9,2009-12-01 10:59:00,2009-12-01,17238,United Kingdom,False
489488,21482,2,2.95,5.9,2009-12-01 10:59:00,2009-12-01,17238,United Kingdom,False
489488,21484,3,3.45,10.35,2009-12-01 10:59:00,2009-12-01,17238,United Kingdom,False
489488,20967,1,3.75,3.75,2009-12-01 10:59:00,2009-12-01,17238,United Kingdom,False
489488,20970,2,3.75,7.5,2009-12-01 10:59:00,2009-12-01,17238,United Kingdom,False
489488,21100,2,1.65,3.3,2009-12-01 10:59:00,2009-12-01,17238,United Kingdom,False
489488,84582,2,4.25,8.5,2009-12-01 10:59:00,2009-12-01,17238,United Kingdom,False
489488,20972,3,1.25,3.75,2009-12-01 10:59:00,2009-12-01,17238,United Kingdom,False
489488,20971,1,1.25,1.25,2009-12-01 10:59:00,2009-12-01,17238,United Kingdom,False
489488,84327A,2,2.1,4.2,2009-12-01 10:59:00,2009-12-01,17238,United Kingdom,False
489488,22125,1,5.95,5.95,2009-12-01 10:59:00,2009-12-01,17238,United Kingdom,False
489488,21490,3,1.95,5.85,2009-12-01 10:59:00,2009-12-01,17238,United Kingdom,False
489488,21063,4,0.85,3.4,2009-12-01 10:59:00,2009-12-01,17238,United Kingdom,False
489488,21058,3,0.85,2.55,2009-12-01 10:59:00,2009-12-01,17238,United Kingdom,False
489488,22086,5,2.95,14.75,2009-12-01 10:59:00,2009-12-01,17238,United Kingdom,False
489488,84997D,4,3.75,15.0,2009-12-01 10:59:00,2009-12-01,17238,United Kingdom,False
489488,84997C,4,3.75,15.0,2009-12-01 10:59:00,2009-12-01,17238,United Kingdom,False
489488,22301,2,2.55,5.1,2009-12-01 10:59:00,2009-12-01,17238,United Kingdom,False
489488,22300,3,2.55,7.65,2009-12-01 10:59:00,2009-12-01,17238,United Kingdom,False
489488,21493,6,0.85,5.1,2009-12-01 10:59:00,2009-12-01,17238,United Kingdom,False
489488,21231,4,1.25,5.0,2009-12-01 10:59:00,2009-12-01,17238,United Kingdom,False
489488,20870,6,2.1,12.6,2009-12-01 10:59:00,2009-12-01,17238,United Kingdom,False
489488,90121B,4,4.25,17.0,2009-12-01 10:59:00,2009-12-01,17238,United Kingdom,False
489488,90175A,2,8.95,17.9,2009-12-01 10:59:00,2009-12-01,17238,United Kingdom,False
489488,90195B,2,8.95,17.9,2009-12-01 10:59:00,2009-12-01,17238,United Kingdom,False
489488,90062,2,12.75,25.5,2009-12-01 10:59:00,2009-12-01,17238,United Kingdom,False
489488,21930,2,1.95,3.9,2009-12-01 10:59:00,2009-12-01,17238,United Kingdom,False
C489503,21540,-2,4.25,-8.5,2009-12-01 11:04:00,2009-12-01,16011,United Kingdom,True
C489503,21533,-1,4.95,-4.95,2009-12-01 11:04:00,2009-12-01,16011,United Kingdom,True
C489504,85083,-6,2.55,-15.3,2009-12-01 11:10:00,2009-12-01,13916,United Kingdom,True
489505,21472,6,3.75,22.5,2009-12-01 11:17:00,2009-12-01,15712,United Kingdom,False
489505,85099B,10,1.95,19.5,2009-12-01 11:17:00,2009-12-01,15712,United Kingdom,False
489505,48185,10,5.95,59.5,2009-12-01 11:17:00,2009-12-01,15712,United Kingdom,False
489505,47566B,5,4.65,23.25,2009-12-01 11:17:00,2009-12-01,15712,United Kingdom,False
489505,21929,10,1.95,19.5,2009-12-01 11:17:00,2009-12-01,15712,United Kingdom,False
489505,22139,6,4.95,29.7,2009-12-01 11:17:00,2009-12-01,15712,United Kingdom,False
489505,22086,6,2.95,17.7,2009-12-01 11:17:00,2009-12-01,15712,United Kingdom,False
489505,22275,4,8.5,34.0,2009-12-01 11:17:00,2009-12-01,15712,United Kingdom,False
489505,22138,3,4.95,14.85,2009-12-01 11:17:00,2009-12-01,15712,United Kingdom,False
489505,21479,4,3.75,15.0,2009-12-01 11:17:00,2009-12-01,15712,United Kingdom,False
489514,21791,72,1.06,76.32,2009-12-01 11:21:00,2009-12-01,15311,United Kingdom,False
489514,84032A,36,2.55,91.8,2009-12-01 11:21:00,2009-12-01,15311,United Kingdom,False
489514,85042,24,4.25,102.0,2009-12-01 11:21:00,2009-12-01,15311,United Kingdom,False
489514,71477,24,2.75,66.0,2009-12-01 11:21:00,2009-12-01,15311,United Kingdom,False
489514,37449,8,8.5,68.0,2009-12-01 11:21:00,2009-12-01,15311,United Kingdom,False
489514,37446,32,1.25,40.0,2009-12-01 11:21:00,2009-12-01,15311,United Kingdom,False
489514,21955,10,5.95,59.5,2009-12-01 11:21:00,2009-12-01,15311,United Kingdom,False
489514,21258,8,10.95,87.6,2009-12-01 11:21:00,2009-12-01,15311,United Kingdom,False
489514,20892,8,3.95,31.6,2009-12-01 11:21:00,2009-12-01,15311,United Kingdom,False
489514,47591D,50,1.65,82.5,2009-12-01 11:21:00,2009-12-01,15311,United Kingdom,False
489514,21867,1,1.25,1.25,2009-12-01 11:21:00,2009-12-01,15311,United Kingdom,False
489514,21041,5,2.95,14.75,2009-12-01 11:21:00,2009-12-01,15311,United Kingdom,False
489514,82551,2,1.25,2.5,2009-12-01 11:21:00,2009-12-01,15311,United Kingdom,False
489514,82567,1,2.1,2.1,2009-12-01 11:21:00,2009-12-01,15311,United Kingdom,False
489514,21161,3,1.45,4.35,2009-12-01 11:21:00,2009-12-01,15311,United Kingdom,False
489514,82613D,2,1.25,2.5,2009-12-01 11:21:00,2009-12-01,15311,United Kingdom,False
489514,21179,2,1.25,2.5,2009-12-01 11:21:00,2009-12-01,15311,United Kingdom,False
489514,21865,3,2.1,6.3,2009-12-01 11:21:00,2009-12-01,15311,United Kingdom,False
489514,72783,2,2.1,4.2,2009-12-01 11:21:00,2009-12-01,15311,United Kingdom,False
489514,20719,3,0.85,2.55,2009-12-01 11:21:00,2009-12-01,15311,United Kingdom,False
489514,21869,2,1.25,2.5,2009-12-01 11:21:00,2009-12-01,15311,United Kingdom,False
489514,21876,2,1.25,2.5,2009-12-01 11:21:00,2009-12-01,15311,United Kingdom,False
489514,20754,3,2.1,6.3,2009-12-01 11:21:00,2009-12-01,15311,United Kingdom,False
489514,84849B,2,1.69,3.38,2009-12-01 11:21:00,2009-12-01,15311,United Kingdom,False
489514,21864,5,2.1,10.5,2009-12-01 11:21:00,2009-12-01,15311,United Kingdom,False
489514,21470,2,3.75,7.5,2009-12-01 11:21:00,2009-12-01,15311,United Kingdom,False
489514,20897,2,2.95,5.9,2009-12-01 11:21:00,2009-12-01,15311,United Kingdom,False
489514,44230,1,7.95,7.95,2009-12-01 11:21:00,2009-12-01,15311,United Kingdom,False
489514,37485,2,4.65,9.3,2009-12-01 11:21:00,2009-12-01,15311,United Kingdom,False
489514,84997A,3,3.75,11.25,2009-12-01 11:21:00,2009-12-01,15311,United Kingdom,False
489514,21245,3,1.69,5.07,2009-12-01 11:21:00,2009-12-01,15311,United Kingdom,False
489514,21241,3,0.85,2.55,2009-12-01 11:21:00,2009-12-01,15311,United Kingdom,False
489517,21705,1,1.65,1.65,2009-12-01 11:34:00,2009-12-01,16329,United Kingdom,False
489517,21913,1,3.75,3.75,2009-12-01 11:34:00,2009-12-01,16329,United Kingdom,False
489517,21912,1,3.75,3.75,2009-12-01 11:34:00,2009-12-01,16329,United Kingdom,False
489517,16207A,2,2.95,5.9,2009-12-01 11:34:00,2009-12-01,16329,United Kingdom,False
489517,21821,1,3.75,3.75,2009-12-01 11:34:00,2009-12-01,16329,United Kingdom,False
489517,85123A,1,2.95,2.95,2009-12-01 11:34:00,2009-12-01,16329,United Kingdom,False
489517,22319,12,0.65,7.8,2009-12-01 11:34:00,2009-12-01,16329,United Kingdom,False
489517,22130,6,0.85,5.1,2009-12-01 11:34:00,2009-12-01,16329,United Kingdom,False
489517,21584,20,1.65,33.0,2009-12-01 11:34:00,2009-12-01,16329,United Kingdom,False
489517,20972,1,1.25,1.25,2009-12-01 11:34:00,2009-12-01,16329,United Kingdom,False
489517,21912,1,3.75,3.75,2009-12-01 11:34:00,2009-12-01,16329,United Kingdom,False
489517,21791,6,1.25,7.5,2009-12-01 11:34:00,2009-12-01,16329,United Kingdom,False
489517,21790,4,0.85,3.4,2009-12-01 11:34:00,2009-12-01,16329,United Kingdom,False
489517,21931,1,1.95,1.95,2009-12-01 11:34:00,2009-12-01,16329,United Kingdom,False
489517,20711,1,1.95,1.95,2009-12-01 11:34:00,2009-12-01,16329,United Kingdom,False
489517,47591A,1,1.65,1.65,2009-12-01 11:34:00,2009-12-01,16329,United Kingdom,False
489517,84997B,12,3.75,45.0,2009-12-01 11:34:00,2009-12-01,16329,United Kingdom,False
489517,84997A,12,3.75,45.0,2009-12-01 11:34:00,2009-12-01,16329,United Kingdom,False
489517,21491,1,1.95,1.95,2009-12-01 11:34:00,2009-12-01,16329,United Kingdom,False
489517,22122,12,2.95,35.4,2009-12-01 11:34:00,2009-12-01,16329,United Kingdom,False
489517,20971,1,1.25,1.25,2009-12-01 11:34:00,2009-12-01,16329,United Kingdom,False
489517,21252,1,2.95,2.95,2009-12-01 11:34:00,2009-12-01,16329,United Kingdom,False
489517,22130,6,0.85,5.1,2009-12-01 11:34:00,2009-12-01,16329,United Kingdom,False
489517,22319,12,0.65,7.8,2009-12-01 11:34:00,2009-12-01,16329,United Kingdom,False
489517,21913,1,3.75,3.75,2009-12-01 11:34:00,2009-12-01,16329,United Kingdom,False
489517,21821,1,3.75,3.75,2009-12-01 11:34:00,2009-12-01,16329,United Kingdom,False
489517,21837,2,5.95,11.9,2009-12-01 11:34:00,2009-12-01,16329,United Kingdom,False
489517,84951A,1,2.55,2.55,2009-12-01 11:34:00,2009-12-01,16329,United Kingdom,False
489517,22335,1,0.65,0.65,2009-12-01 11:34:00,2009-12-01,16329,United Kingdom,False
489517,84951A,1,2.55,2.55,2009-12-01 11:34:00,2009-12-01,16329,United Kingdom,False
489517,21491,1,1.95,1.95,2009-12-01 11:34:00,2009-12-01,16329,United Kingdom,False
489517,21791,1,1.25,1.25,2009-12-01 11:34:00,2009-12-01,16329,United Kingdom,False
489517,21790,1,0.85,0.85,2009-12-01 11:34:00,2009-12-01,16329,United Kingdom,False
489517,21912,1,3.75,3.75,2009-12-01 11:34:00,2009-12-01,16329,United Kingdom,False
489517,85129A,1,1.25,1.25,2009-12-01 11:34:00,2009-12-01,16329,United Kingdom,False
489517,84791,1,2.95,2.95,2009-12-01 11:34:00,2009-12-01,16329,United Kingdom,False
489517,21244,4,1.69,6.76,2009-12-01 11:34:00,2009-12-01,16329,United Kingdom,False
489517,20675,4,1.25,5.0,2009-12-01 11:34:00,2009-12-01,16329,United Kingdom,False
C489518,20892,-2,12.75,-25.5,2009-12-01 11:35:00,2009-12-01,15461,United Kingdom,True
C489518,85048,-1,7.95,-7.95,2009-12-01 11:35:00,2009-12-01,15461,United Kingdom,True
C489518,22138,-1,4.95,-4.95,2009-12-01 11:35:00,2009-12-01,15461,United Kingdom,True
489519,22086,12,2.95,35.4,2009-12-01 11:37:00,2009-12-01,17700,United Kingdom,False
489519,85123A,32,2.55,81.6,2009-12-01 11:37:00,2009-12-01,17700,United Kingdom,False
489519,82616B,6,2.95,17.7,2009-12-01 11:37:00,2009-12-01,17700,United Kingdom,False
489519,22276,6,2.55,15.3,2009-12-01 11:37:00,2009-12-01,17700,United Kingdom,False
489519,84912B,4,3.75,15.0,2009-12-01 11:37:00,2009-12-01,17700,United Kingdom,False
489519,85014C,3,5.95,17.85,2009-12-01 11:37:00,2009-12-01,17700,United Kingdom,False
489519,85014A,3,5.95,17.85,2009-12-01 11:37:00,2009-12-01,17700,United Kingdom,False
489519,85014B,3,5.95,17.85,2009-12-01 11:37:00,2009-12-01,17700,United Kingdom,False
489519,85014D,3,5.95,17.85,2009-12-01 11:37:00,2009-12-01,17700,United Kingdom,False
489519,21326,12,0.65,7.8,2009-12-01 11:37:00,2009-12-01,17700,United Kingdom,False
489519,84946,12,1.25,15.0,2009-12-01 11:37:00,2009-12-01,17700,United Kingdom,False
489519,84949,6,1.65,9.9,2009-12-01 11:37:00,2009-12-01,17700,United Kingdom,False
489519,21491,6,1.95,11.7,2009-12-01 11:37:00,2009-12-01,17700,United Kingdom,False
489519,21908,6,2.1,12.6,2009-12-01 11:37:00,2009-12-01,17700,United Kingdom,False
489519,21181,6,2.1,12.6,2009-12-01 11:37:00,2009-12-01,17700,United Kingdom,False
489519,82483,3,5.95,17.85,2009-12-01 11:37:00,2009-12-01,17700,United Kingdom,False
489519,79323S,4,6.75,27.0,2009-12-01 11:37:00,2009-12-01,17700,United Kingdom,False
489519,21371,6,2.55,15.3,2009-12-01 11:37:00,2009-12-01,17700,United Kingdom,False
489519,85152,6,2.1,12.6,2009-12-01 11:37:00,2009-12-01,17700,United Kingdom,False
489519,21133,12,1.69,20.28,2009-12-01 11:37:00,2009-12-01,17700,United Kingdom,False
489519,20984,12,0.85,10.2,2009-12-01 11:37:00,2009-12-01,17700,United Kingdom,False
489519,20982,12,0.85,10.2,2009-12-01 11:37:00,2009-12-01,17700,United Kingdom,False
489519,84971L,12,1.25,15.0,2009-12-01 11:37:00,2009-12-01,17700,United Kingdom,False
489519,21912,8,3.75,30.0,2009-12-01 11:37:00,2009-12-01,17700,United Kingdom,False
489519,90168,6,2.95,17.7,2009-12-01 11:37:00,2009-12-01,17700,United Kingdom,False
489519,84884A,5,3.95,19.75,2009-12-01 11:37:00,2009-12-01,17700,United Kingdom,False
489519,79323W,4,6.75,27.0,2009-12-01 11:37:00,2009-12-01,17700,United Kingdom,False
489519,90013C,4,3.75,15.0,2009-12-01 11:37:00,2009-12-01,17700,United Kingdom,False
489519,90023,2,4.25,8.5,2009-12-01 11:37:00,2009-12-01,17700,United Kingdom,False
489519,90067A,6,2.95,17.7,2009-12-01 11:37:00,2009-12-01,17700,United Kingdom,False
489519,90067B,6,2.95,17.7,2009-12-01 11:37:00,2009-12-01,17700,United Kingdom,False
489519,90145,2,5.95,11.9,2009-12-01 11:37:00,2009-12-01,17700,United Kingdom,False
489519,90000A,2,5.95,11.9,2009-12-01 11:37:00,2009-12-01,17700,United Kingdom,False
489519,90024B,2,8.5,17.0,2009-12-01 11:37:00,2009-12-01,17700,United Kingdom,False
489519,90036D,3,7.95,23.85,2009-12-01 11:37:00,2009-12-01,17700,United Kingdom,False
489519,90134,6,2.95,17.7,2009-12-01 11:37:00,2009-12-01,17700,United Kingdom,False
489519,90131,2,6.95,13.9,2009-12-01 11:37:00,2009-12-01,17700,United Kingdom,False
489519,90199C,2,6.35,12.7,2009-12-01 11:37:00,2009-12-01,17700,United Kingdom,False
489520,35751C,12,0.75,9.0,2009-12-01 11:41:00,2009-12-01,14911,EIRE,False
489520,72739B,12,1.25,15.0,2009-12-01 11:41:00,2009-12-01,14911,EIRE,False
489520,22114,8,3.95,31.6,2009-12-01 11:41:00,2009-12-01,14911,EIRE,False
489520,22212,6,2.1,12.6,2009-12-01 11:41:00,2009-12-01,14911,EIRE,False
489520,21523,2,6.75,13.5,2009-12-01 11:41:00,2009-12-01,14911,EIRE,False
489520,48187,2,6.75,13.5,2009-12-01 11:41:00,2009-12-01,14911,EIRE,False
489520,48195,2,6.75,13.5,2009-12-01 11:41:00,2009-12-01,14911,EIRE,False
489520,72741,36,1.45,52.2,2009-12-01 11:41:00,2009-12-01,14911,EIRE,False
489520,85232D,3,4.95,14.85,2009-12-01 11:41:00,2009-12-01,14911,EIRE,False
489520,20828,6,2.55,15.3,2009-12-01 11:41:00,2009-12-01,14911,EIRE,False
489520,22080,10,1.65,16.5,2009-12-01 11:41:00,2009-12-01,14911,EIRE,False
489520,22082,10,1.65,16.5,2009-12-01 11:41:00,2009-12-01,14911,EIRE,False
489520,21754,6,5.95,35.7,2009-12-01 11:41:00,2009-12-01,14911,EIRE,False
489520,21784,4,9.95,39.8,2009-12-01 11:41:00,2009-12-01,14911,EIRE,False
489520,21172,12,1.45,17.4,2009-12-01 11:41:00,2009-12-01,14911,EIRE,False
489520,21181,6,2.1,12.6,2009-12-01 11:41:00,2009-12-01,14911,EIRE,False
489520,82600,12,2.1,25.2,2009-12-01 11:41:00,2009-12-01,14911,EIRE,False
489520,22282,4,12.75,51.0,2009-12-01 11:41:00,2009-12-01,14911,EIRE,False
489520,21842,54,2.55,137.7,2009-12-01 11:41:00,2009-12-01,14911,EIRE,False
489520,22089,6,2.95,17.7,2009-12-01 11:41:00,2009-12-01,14911,EIRE,False
489520,21430,4,3.75,15.0,2009-12-01 11:41:00,2009-12-01,14911,EIRE,False
489520,20734,10,0.85,8.5,2009-12-01 11:41:00,2009-12-01,14911,EIRE,False
489520,21133,12,1.69,20.28,2009-12-01 11:41:00,2009-12-01,14911,EIRE,False
489520,35071,12,0.85,10.2,2009-12-01 11:41:00,2009-12-01,14911,EIRE,False
489520,22083,6,2.95,17.7,2009-12-01 11:41:00,2009-12-01,14911,EIRE,False
489520,22086,6,2.95,17.7,2009-12-01 11:41:00,2009-12-01,14911,EIRE,False
489520,22121,3,5.95,17.85,2009-12-01 11:41:00,2009-12-01,14911,EIRE,False
489520,21485,3,4.95,14.85,2009-12-01 11:41:00,2009-12-01,14911,EIRE,False
489520,84836,12,1.25,15.0,2009-12-01 11:41:00,2009-12-01,14911,EIRE,False
489520,22122,12,2.95,35.4,2009-12-01 11:41:00,2009-12-01,14911,EIRE,False
489521,21646,-50,0.0,-0.0,2009-12-01 11:44:00,2009-12-01,GUEST,United Kingdom,False
489522,21916,3,0.42,1.26,2009-12-01 11:45:00,2009-12-01,15998,United Kingdom,False
489522,72760B,1,9.95,9.95,2009-12-01 11:45:00,2009-12-01,15998,United Kingdom,False
489522,37492A,1,4.65,4.65,2009-12-01 11:45:00,2009-12-01,15998,United Kingdom,False
489522,21479,2,3.75,7.5,2009-12-01 11:45:00,2009-12-01,15998,United Kingdom,False
489522,10133,6,0.85,5.1,2009-12-01 11:45:00,2009-12-01,15998,United Kingdom,False
489522,22113,4,3.45,13.8,2009-12-01 11:45:00,2009-12-01,15998,United Kingdom,False
489522,20782,1,5.49,5.49,2009-12-01 11:45:00,2009-12-01,15998,United Kingdom,False
489522,22190,1,2.1,2.1,2009-12-01 11:45:00,2009-12-01,15998,United Kingdom,False
489522,22111,2,4.95,9.9,2009-12-01 11:45:00,2009-12-01,15998,United Kingdom,False
489522,84029G,1,3.75,3.75,2009-12-01 11:45:00,2009-12-01,15998,United Kingdom,False
489522,22114,1,3.95,3.95,2009-12-01 11:45:00,2009-12-01,15998,United Kingdom,False
489522,21489,1,3.95,3.95,2009-12-01 11:45:00,2009-12-01,15998,United Kingdom,False
489522,20987,6,1.95,11.7,2009-12-01 11:45:00,2009-12-01,15998,United Kingdom,False
489522,20989,2,1.95,3.9,2009-12-01 11:45:00,2009-12-01,15998,United Kingdom,False
489522,21868,1,1.25,1.25,2009-12-01 11:45:00,2009-12-01,15998,United Kingdom,False
489522,21875,1,1.25,1.25,2009-12-01 11:45:00,2009-12-01,15998,United Kingdom,False
489522,21869,1,1.25,1.25,2009-12-01 11:45:00,2009-12-01,15998,United Kingdom,False
489522,21826,3,1.25,3.75,2009-12-01 11:45:00,2009-12-01,15998,United Kingdom,False
489522,21827,3,1.25,3.75,2009-12-01 11:45:00,2009-12-01,15998,United Kingdom,False
489522,21828,3,1.25,3.75,2009-12-01 11:45:00,2009-12-01,15998,United Kingdom,False
489522,16225,4,1.25,5.0,2009-12-01 11:45:00,2009-12-01,15998,United Kingdom,False
489522,21829,36,0.21,7.56,2009-12-01 11:45:00,2009-12-01,15998,United Kingdom,False
489522,21582,2,1.65,3.3,2009-12-01 11:45:00,2009-12-01,15998,United Kingdom,False
489522,21584,2,1.65,3.3,2009-12-01 11:45:00,2009-12-01,15998,United Kingdom,False
489522,21638,6,2.1,12.6,2009-12-01 11:45:00,2009-12-01,15998,United Kingdom,False
489522,35400,2,8.95,17.9,2009-12-01 11:45:00,2009-12-01,15998,United Kingdom,False
489522,22218,1,4.25,4.25,2009-12-01 11:45:00,2009-12-01,15998,United Kingdom,False
489522,22222,1,4.95,4.95,2009-12-01 11:45:00,2009-12-01,15998,United Kingdom,False
489522,22300,3,2.55,7.65,2009-12-01 11:45:00,2009-12-01,15998,United Kingdom,False
489522,22301,3,2.55,7.65,2009-12-01 11:45:00,2009-12-01,15998,United Kingdom,False
489522,22305,3,2.55,7.65,2009-12-01 11:45:00,2009-12-01,15998,United Kingdom,False
489522,22304,3,2.55,7.65,2009-12-01 11:45:00,2009-12-01,15998,United Kingdom,False
489522,22302,3,2.55,7.65,2009-12-01 11:45:00,2009-12-01,15998,United Kingdom,False
489522,22303,3,2.55,7.65,2009-12-01 11:45:00,2009-12-01,15998,United Kingdom,False
489522,22127,6,1.25,7.5,2009-12-01 11:45:00,2009-12-01,15998,United Kingdom,False
489522,22130,24,0.85,20.4,2009-12-01 11:45:00,2009-12-01,15998,United Kingdom,False
489522,21143,7,1.95,13.65,2009-12-01 11:45:00,2009-12-01,15998,United Kingdom,False
489522,21639,10,0.85,8.5,2009-12-01 11:45:00,2009-12-01,15998,United Kingdom,False
489522,22154,6,0.42,2.52,2009-12-01 11:45:00,2009-12-01,15998,United Kingdom,False
489522,22155,6,0.42,2.52,2009-12-01 11:45:00,2009-12-01,15998,United Kingdom,False
489522,22294,6,1.25,7.5,2009-12-01 11:45:00,2009-12-01,15998,United Kingdom,False
489522,21133,6,1.69,10.14,2009-12-01 11:45:00,2009-12-01,15998,United Kingdom,False
489522,21889,2,1.25,2.5,2009-12-01 11:45:00,2009-12-01,15998,United Kingdom,False
489522,85045,2,4.95,9.9,2009-12-01 11:45:00,2009-12-01,15998,United Kingdom,False
489522,85044,2,4.95,9.9,2009-12-01 11:45:00,2009-12-01,15998,United Kingdom,False
489522,21888,3,3.75,11.25,2009-12-01 11:45:00,2009-12-01,15998,United Kingdom,False
489522,21587,6,2.55,15.3,2009-12-01 11:45:00,2009-12-01,15998,United Kingdom,False
489522,21588,2,2.55,5.1,2009-12-01 11:45:00,2009-12-01,15998,United Kingdom,False
489522,21586,4,2.55,10.2,2009-12-01 11:45:00,2009-12-01,15998,United Kingdom,False
489522,21818,6,0.85,5.1,2009-12-01 11:45:00,2009-12-01,15998,United Kingdom,False
489522,21819,6,0.85,5.1,2009-12-01 11:45:00,2009-12-01,15998,United Kingdom,False
489522,21817,6,0.85,5.1,2009-12-01 11:45:00,2009-12-01,15998,United Kingdom,False
489522,48111,1,6.75,6.75,2009-12-01 11:45:00,2009-12-01,15998,United Kingdom,False
489522,20685,1,6.75,6.75,2009-12-01 11:45:00,2009-12-01,15998,United Kingdom,False
489522,48194,1,6.75,6.75,2009-12-01 11:45:00,2009-12-01,15998,United Kingdom,False
489522,21495,25,0.42,10.5,2009-12-01 11:45:00,2009-12-01,15998,United Kingdom,False
489522,47505,2,4.95,9.9,2009-12-01 11:45:00,2009-12-01,15998,United Kingdom,False
489522,10135,6,1.25,7.5,2009-12-01 11:45:00,2009-12-01,15998,United Kingdom,False
489522,22125,4,5.95,23.8,2009-12-01 11:45:00,2009-12-01,15998,United Kingdom,False
489522,37492C,1,4.65,4.65,2009-12-01 11:45:00,2009-12-01,15998,United Kingdom,False
489522,20677,1,1.25,1.25,2009-12-01 11:45:00,2009-12-01,15998,United Kingdom,False
489522,20676,1,1.25,1.25,2009-12-01 11:45:00,2009-12-01,15998,United Kingdom,False
489522,20675,1,1.25,1.25,2009-12-01 11:45:00,2009-12-01,15998,United Kingdom,False
489522,21086,8,0.65,5.2,2009-12-01 11:45:00,2009-12-01,15998,United Kingdom,False
489522,21948,6,1.25,7.5,2009-12-01 11:45:00,2009-12-01,15998,United Kingdom,False
489522,21833,12,1.69,20.28,2009-12-01 11:45:00,2009-12-01,15998,United Kingdom,False
489522,21832,5,1.65,8.25,2009-12-01 11:45:00,2009-12-01,15998,United Kingdom,False
489522,22315,1,1.25,1.25,2009-12-01 11:45:00,2009-12-01,15998,United Kingdom,False
489522,21870,1,1.25,1.25,2009-12-01 11:45:00,2009-12-01,15998,United Kingdom,False
489522,82600,1,2.1,2.1,2009-12-01 11:45:00,2009-12-01,15998,United Kingdom,False
489522,21181,2,2.1,4.2,2009-12-01 11:45:00,2009-12-01,15998,United Kingdom,False
489522,22115,1,2.95,2.95,2009-12-01 11:45:00,2009-12-01,15998,United Kingdom,False
489522,21166,2,1.95,3.9,2009-12-01 11:45:00,2009-12-01,15998,United Kingdom,False
489522,21175,2,2.1,4.2,2009-12-01 11:45:00,2009-12-01,15998,United Kingdom,False
489522,21174,1,1.95,1.95,2009-12-01 11:45:00,2009-12-01,15998,United Kingdom,False
489522,21908,3,2.1,6.3,2009-12-01 11:45:00,2009-12-01,15998,United Kingdom,False
489522,82582,1,2.1,2.1,2009-12-01 11:45:00,2009-12-01,15998,United Kingdom,False
489522,85152,2,2.1,4.2,2009-12-01 11:45:00,2009-12-01,15998,United Kingdom,False
489522,85150,1,2.55,2.55,2009-12-01 11:45:00,2009-12-01,15998,United Kingdom,False
489522,22197,10,0.85,8.5,2009-12-01 11:45:00,2009-12-01,15998,United Kingdom,False
489522,21094,4,0.85,3.4,2009-12-01 11:45:00,2009-12-01,15998,United Kingdom,False
489522,72724,7,1.25,8.75,2009-12-01 11:45:00,2009-12-01,15998,United Kingdom,False
489522,22103,6,1.65,9.9,2009-12-01 11:45:00,2009-12-01,15998,United Kingdom,False
489522,37424,6,0.85,5.1,2009-12-01 11:45:00,2009-12-01,15998,United Kingdom,False
489522,21136,8,1.69,13.52,2009-12-01 11:45:00,2009-12-01,15998,United Kingdom,False
489522,21755,1,5.95,5.95,2009-12-01 11:45:00,2009-12-01,15998,United Kingdom,False
489522,84879,8,1.69,13.52,2009-12-01 11:45:00,2009-12-01,15998,United Kingdom,False
489522,84997B,1,3.75,3.75,2009-12-01 11:45:00,2009-12-01,15998,United Kingdom,False
489522,84997D,1,3.75,3.75,2009-12-01 11:45:00,2009-12-01,15998,United Kingdom,False
489522,84997C,1,3.75,3.75,2009-12-01 11:45:00,2009-12-01,15998,United Kingdom,False
489522,21238,4,0.85,3.4,2009-12-01 11:45:00,2009-12-01,15998,United Kingdom,False
489522,21240,4,0.85,3.4,2009-12-01 11:45:00,2009-12-01,15998,United Kingdom,False
489522,21239,4,0.85,3.4,2009-12-01 11:45:00,2009-12-01,15998,United Kingdom,False
489522,84007,4,2.55,10.2,2009-12-01 11:45:00,2009-12-01,15998,United Kingdom,False
489522,84012,4,2.55,10.2,2009-12-01 11:45:00,2009-12-01,15998,United Kingdom,False
489522,22077,1,1.65,1.65,2009-12-01 11:45:00,2009-12-01,15998,United Kingdom,False
489522,85049A,2,1.25,2.5,2009-12-01 11:45:00,2009-12-01,15998,United Kingdom,False
489522,85049E,2,1.25,2.5,2009-12-01 11:45:00,2009-12-01,15998,United Kingdom,False
489522,22075,2,1.65,3.3,2009-12-01 11:45:00,2009-12-01,15998,United Kingdom,False
489522,22076,1,1.65,1.65,2009-12-01 11:45:00,2009-12-01,15998,United Kingdom,False
489522,79323W,1,6.75,6.75,2009-12-01 11:45:00,2009-12-01,15998,United Kingdom,False
489522,79323LP,1,6.75,6.75,2009-12-01 11:45:00,2009-12-01,15998,United Kingdom,False
489522,79342B,1,6.75,6.75,2009-12-01 11:45:00,2009-12-01,15998,United Kingdom,False
489522,79341,6,6.75,40.5,2009-12-01 11:45:00,2009-12-01,15998,United Kingdom,False
489523,84879,800,1.45,1160.0,2009-12-01 11:46:00,2009-12-01,12931,United Kingdom,False
C489524,21258,-1,12.75,-12.75,2009-12-01 11:48:00,2009-12-01,15614,United Kingdom,True
489525,85226C,1,0.55,0.55,2009-12-01 11:49:00,2009-12-01,GUEST,United Kingdom,False
489525,85227,1,0.85,0.85,2009-12-01 11:49:00,2009-12-01,GUEST,United Kingdom,False
489526,85049E,12,1.25,15.0,2009-12-01 11:50:00,2009-12-01,12533,Germany,False
489526,21976,24,0.55,13.2,2009-12-01 11:50:00,2009-12-01,12533,Germany,False
489526,21498,25,0.42,10.5,2009-12-01 11:50:00,2009-12-01,12533,Germany,False
489526,22077,12,1.65,19.8,2009-12-01 11:50:00,2009-12-01,12533,Germany,False
489526,84946,12,1.25,15.0,2009-12-01 11:50:00,2009-12-01,12533,Germany,False
489526,84948,24,1.65,39.6,2009-12-01 11:50:00,2009-12-01,12533,Germany,False
489526,21537,4,4.25,17.0,2009-12-01 11:50:00,2009-12-01,12533,Germany,False
489526,21733,6,2.95,17.7,2009-12-01 11:50:00,2009-12-01,12533,Germany,False
489526,85123A,6,2.95,17.7,2009-12-01 11:50:00,2009-12-01,12533,Germany,False
489526,20718,10,1.25,12.5,2009-12-01 11:50:00,2009-12-01,12533,Germany,False
C489527,21041,-3,2.95,-8.85,2009-12-01 11:50:00,2009-12-01,16128,United Kingdom,True
C489527,21173,-12,1.65,-19.8,2009-12-01 11:50:00,2009-12-01,16128,United Kingdom,True
C489527,85124A,-6,2.55,-15.3,2009-12-01 11:50:00,2009-12-01,16128,United Kingdom,True
489526,21539,3,4.95,14.85,2009-12-01 11:50:00,2009-12-01,12533,Germany,False
489526,16169F,25,0.42,10.5,2009-12-01 11:50:00,2009-12-01,12533,Germany,False
489526,84836,24,1.25,30.0,2009-12-01 11:50:00,2009-12-01,12533,Germany,False
489526,21527,2,7.95,15.9,2009-12-01 11:50:00,2009-12-01,12533,Germany,False
489526,21533,6,4.95,29.7,2009-12-01 11:50:00,2009-12-01,12533,Germany,False
489526,21531,6,2.55,15.3,2009-12-01 11:50:00,2009-12-01,12533,Germany,False
489526,22180,3,9.95,29.85,2009-12-01 11:50:00,2009-12-01,12533,Germany,False
489526,22333,8,1.65,13.2,2009-12-01 11:50:00,2009-12-01,12533,Germany,False
489526,22319,24,0.65,15.6,2009-12-01 11:50:00,2009-12-01,12533,Germany,False
489526,85232B,9,4.95,44.55,2009-12-01 11:50:00,2009-12-01,12533,Germany,False
489526,20676,8,1.25,10.0,2009-12-01 11:50:00,2009-12-01,12533,Germany,False
489526,20914,12,2.95,35.4,2009-12-01 11:50:00,2009-12-01,12533,Germany,False
489526,21217,3,9.95,29.85,2009-12-01 11:50:00,2009-12-01,12533,Germany,False
489526,21238,16,0.85,13.6,2009-12-01 11:50:00,2009-12-01,12533,Germany,False
489526,21242,8,1.69,13.52,2009-12-01 11:50:00,2009-12-01,12533,Germany,False
489526,22232,8,1.65,13.2,2009-12-01 11:50:00,2009-12-01,12533,Germany,False
489526,21535,6,2.55,15.3,2009-12-01 11:50:00,2009-12-01,12533,Germany,False
489526,21844,6,2.95,17.7,2009-12-01 11:50:00,2009-12-01,12533,Germany,False
489526,22073,4,3.75,15.0,2009-12-01 11:50:00,2009-12-01,12533,Germany,False
489526,22072,4,3.75,15.0,2009-12-01 11:50:00,2009-12-01,12533,Germany,False
489526,22321,24,0.85,20.4,2009-12-01 11:50:00,2009-12-01,12533,Germany,False
489526,15056BL,6,5.95,35.7,2009-12-01 11:50:00,2009-12-01,12533,Germany,False
489526,15056N,6,5.95,35.7,2009-12-01 11:50:00,2009-12-01,12533,Germany,False
489526,21731,12,1.65,19.8,2009-12-01 11:50:00,2009-12-01,12533,Germany,False
489526,22254,12,1.25,15.0,2009-12-01 11:50:00,2009-12-01,12533,Germany,False
489526,22255,12,0.85,10.2,2009-12-01 11:50:00,2009-12-01,12533,Germany,False
489526,46000S,2,1.45,2.9,2009-12-01 11:50:00,2009-12-01,12533,Germany,False
489526,20964,3,2.55,7.65,2009-12-01 11:50:00,2009-12-01,12533,Germany,False
489526,21788,24,0.85,20.4,2009-12-01 11:50:00,2009-12-01,12533,Germany,False
489526,21789,24,0.85,20.4,2009-12-01 11:50:00,2009-12-01,12533,Germany,False
489526,20682,6,3.25,19.5,2009-12-01 11:50:00,2009-12-01,12533,Germany,False
489526,85014C,3,5.95,17.85,2009-12-01 11:50:00,2009-12-01,12533,Germany,False
489526,84832,24,0.85,20.4,2009-12-01 11:50:00,2009-12-01,12533,Germany,False
489526,POST,6,18.0,108.0,2009-12-01 11:50:00,2009-12-01,12533,Germany,False
C489528,85048,-1,7.95,-7.95,2009-12-01 11:50:00,2009-12-01,16714,United Kingdom,True
489529,85063,1,16.95,16.95,2009-12-01 11:51:00,2009-12-01,17984,United Kingdom,False
489529,48129,1,6.75,6.75,2009-12-01 11:51:00,2009-12-01,17984,United Kingdom,False
489529,21491,1,1.95,1.95,2009-12-01 11:51:00,2009-12-01,17984,United Kingdom,False
489529,22030,1,0.42,0.42,2009-12-01 11:51:00,2009-12-01,17984,United Kingdom,False
489529,21081,1,0.85,0.85,2009-12-01 11:51:00,2009-12-01,17984,United Kingdom,False
489529,20773,1,1.65,1.65,2009-12-01 11:51:00,2009-12-01,17984,United Kingdom,False
489529,20767,1,2.55,2.55,2009-12-01 11:51:00,2009-12-01,17984,United Kingdom,False
489529,22028,12,0.42,5.04,2009-12-01 11:51:00,2009-12-01,17984,United Kingdom,False
489529,20622,1,2.1,2.1,2009-12-01 11:51:00,2009-12-01,17984,United Kingdom,False
489529,21122,1,1.25,1.25,2009-12-01 11:51:00,2009-12-01,17984,United Kingdom,False
489529,21124,1,1.25,1.25,2009-12-01 11:51:00,2009-12-01,17984,United Kingdom,False
489529,20657,1,1.25,1.25,2009-12-01 11:51:00,2009-12-01,17984,United Kingdom,False
489529,16156N,25,0.42,10.5,2009-12-01 11:51:00,2009-12-01,17984,United Kingdom,False
489529,20673,4,1.25,5.0,2009-12-01 11:51:00,2009-12-01,17984,United Kingdom,False
489529,22300,6,2.55,15.3,2009-12-01 11:51:00,2009-12-01,17984,United Kingdom,False
489529,84520B,1,0.85,0.85,2009-12-01 11:51:00,2009-12-01,17984,United Kingdom,False
489529,22086,1,2.95,2.95,2009-12-01 11:51:00,2009-12-01,17984,United Kingdom,False
489529,20619,1,2.1,2.1,2009-12-01 11:51:00,2009-12-01,17984,United Kingdom,False
489529,21864,1,2.1,2.1,2009-12-01 11:51:00,2009-12-01,17984,United Kingdom,False
489529,21866,1,1.25,1.25,2009-12-01 11:51:00,2009-12-01,17984,United Kingdom,False
489529,20660,1,1.25,1.25,2009-12-01 11:51:00,2009-12-01,17984,United Kingdom,False
489529,21489,1,3.95,3.95,2009-12-01 11:51:00,2009-12-01,17984,United Kingdom,False
489529,16207A,1,2.95,2.95,2009-12-01 11:51:00,2009-12-01,17984,United Kingdom,False
489529,20777,1,1.65,1.65,2009-12-01 11:51:00,2009-12-01,17984,United Kingdom,False
489529,20774,2,1.65,3.3,2009-12-01 11:51:00,2009-12-01,17984,United Kingdom,False
489529,22029,12,0.42,5.04,2009-12-01 11:51:00,2009-12-01,17984,United Kingdom,False
489529,22030,12,0.42,5.04,2009-12-01 11:51:00,2009-12-01,17984,United Kingdom,False
489529,22024,12,0.42,5.04,2009-12-01 11:51:00,2009-12-01,17984,United Kingdom,False
489529,22037,12,0.42,5.04,2009-12-01 11:51:00,2009-12-01,17984,United Kingdom,False
489529,22036,12,0.42,5.04,2009-12-01 11:51:00,2009-12-01,17984,United Kingdom,False
489529,22028,12,0.42,5.04,2009-12-01 11:51:00,2009-12-01,17984,United Kingdom,False
489529,22036,12,0.42,5.04,2009-12-01 11:51:00,2009-12-01,17984,United Kingdom,False
489529,21833,2,1.69,3.38,2009-12-01 11:51:00,2009-12-01,17984,United Kingdom,False
489529,21726,3,0.85,2.55,2009-12-01 11:51:00,2009-12-01,17984,United Kingdom,False
489529,21544,2,0.85,1.7,2009-12-01 11:51:00,2009-12-01,17984,United Kingdom,False
489529,21004,1,4.25,4.25,2009-12-01 11:51:00,2009-12-01,17984,United Kingdom,False
489529,20984,1,0.85,0.85,2009-12-01 11:51:00,2009-12-01,17984,United Kingdom,False
489529,20982,2,0.85,1.7,2009-12-01 11:51:00,2009-12-01,17984,United Kingdom,False
489529,84402D,1,2.95,2.95,2009-12-01 11:51:00,2009-12-01,17984,United Kingdom,False
489529,84660B,1,3.75,3.75,2009-12-01 11:51:00,2009-12-01,17984,United Kingdom,False
489529,21429,4,1.65,6.6,2009-12-01 11:51:00,2009-12-01,17984,United Kingdom,False
489529,72754B,1,1.69,1.69,2009-12-01 11:51:00,2009-12-01,17984,United Kingdom,False
489529,48129,1,6.75,6.75,2009-12-01 11:51:00,2009-12-01,17984,United Kingdom,False
489529,21500,25,0.42,10.5,2009-12-01 11:51:00,2009-12-01,17984,United Kingdom,False
489529,21431,4,1.65,6.6,2009-12-01 11:51:00,2009-12-01,17984,United Kingdom,False
489529,21912,2,3.75,7.5,2009-12-01 11:51:00,2009-12-01,17984,United Kingdom,False
489529,22086,3,2.95,8.85,2009-12-01 11:51:00,2009-12-01,17984,United Kingdom,False
489529,20748,1,12.75,12.75,2009-12-01 11:51:00,2009-12-01,17984,United Kingdom,False
489529,21490,2,1.95,3.9,2009-12-01 11:51:00,2009-12-01,17984,United Kingdom,False
489529,72802B,3,4.25,12.75,2009-12-01 11:51:00,2009-12-01,17984,United Kingdom,False
C489530,72803A,-1,4.25,-4.25,2009-12-01 11:56:00,2009-12-01,14748,United Kingdom,True
489531,79029,1,1.95,1.95,2009-12-01 11:57:00,2009-12-01,14871,United Kingdom,False
489531,71477,12,3.25,39.0,2009-12-01 11:57:00,2009-12-01,14871,United Kingdom,False
489531,85042,4,4.95,19.8,2009-12-01 11:57:00,2009-12-01,14871,United Kingdom,False
489531,85123A,5,2.95,14.75,2009-12-01 11:57:00,2009-12-01,14871,United Kingdom,False
489531,21590,4,1.25,5.0,2009-12-01 11:57:00,2009-12-01,14871,United Kingdom,False
489531,21591,7,1.25,8.75,2009-12-01 11:57:00,2009-12-01,14871,United Kingdom,False
489531,21582,8,1.65,13.2,2009-12-01 11:57:00,2009-12-01,14871,United Kingdom,False
489531,21587,6,2.55,15.3,2009-12-01 11:57:00,2009-12-01,14871,United Kingdom,False
489531,82486,1,7.95,7.95,2009-12-01 11:57:00,2009-12-01,14871,United Kingdom,False
489531,82483,1,5.95,5.95,2009-12-01 11:57:00,2009-12-01,14871,United Kingdom,False
489531,22112,1,4.95,4.95,2009-12-01 11:57:00,2009-12-01,14871,United Kingdom,False
489531,22111,1,4.95,4.95,2009-12-01 11:57:00,2009-12-01,14871,United Kingdom,False
489531,72801E,2,1.25,2.5,2009-12-01 11:57:00,2009-12-01,14871,United Kingdom,False
489531,21034,1,0.95,0.95,2009-12-01 11:57:00,2009-12-01,14871,United Kingdom,False
489532,85049D,12,1.25,15.0,2009-12-01 11:58:00,2009-12-01,13394,United Kingdom,False
489532,21985,48,0.29,13.92,2009-12-01 11:58:00,2009-12-01,13394,United Kingdom,False
489532,21980,48,0.29,13.92,2009-12-01 11:58:00,2009-12-01,13394,United Kingdom,False
489532,16235,60,0.21,12.6,2009-12-01 11:58:00,2009-12-01,13394,United Kingdom,False
489532,22083,6,2.95,17.7,2009-12-01 11:58:00,2009-12-01,13394,United Kingdom,False
489532,22086,6,2.95,17.7,2009-12-01 11:58:00,2009-12-01,13394,United Kingdom,False
489532,22111,3,4.95,14.85,2009-12-01 11:58:00,2009-12-01,13394,United Kingdom,False
489532,84347,6,2.55,15.3,2009-12-01 11:58:00,2009-12-01,13394,United Kingdom,False
489532,21485,3,4.95,14.85,2009-12-01 11:58:00,2009-12-01,13394,United Kingdom,False
489532,21212,24,0.55,13.2,2009-12-01 11:58:00,2009-12-01,13394,United Kingdom,False
489532,84990,24,0.55,13.2,2009-12-01 11:58:00,2009-12-01,13394,United Kingdom,False
489532,85231E,12,0.85,10.2,2009-12-01 11:58:00,2009-12-01,13394,United Kingdom,False
489532,85231B,24,0.85,20.4,2009-12-01 11:58:00,2009-12-01,13394,United Kingdom,False
489532,72008,12,0.42,5.04,2009-12-01 11:58:00,2009-12-01,13394,United Kingdom,False
489532,22071,6,3.75,22.5,2009-12-01 11:58:00,2009-12-01,13394,United Kingdom,False
489532,22070,6,3.75,22.5,2009-12-01 11:58:00,2009-12-01,13394,United Kingdom,False
489532,22077,9,1.65,14.85,2009-12-01 11:58:00,2009-12-01,13394,United Kingdom,False
489532,20892,2,12.75,25.5,2009-12-01 11:58:00,2009-12-01,13394,United Kingdom,False
489532,84270,30,0.21,6.3,2009-12-01 11:58:00,2009-12-01,13394,United Kingdom,False
489532,85049C,12,1.25,15.0,2009-12-01 11:58:00,2009-12-01,13394,United Kingdom,False
489533,84352,1,16.95,16.95,2009-12-01 12:02:00,2009-12-01,16011,United Kingdom,False
489533,79067,1,3.75,3.75,2009-12-01 12:02:00,2009-12-01,16011,United Kingdom,False
489533,22203,1,3.75,3.75,2009-12-01 12:02:00,2009-12-01,16011,United Kingdom,False
489533,21353,4,7.95,31.8,2009-12-01 12:02:00,2009-12-01,16011,United Kingdom,False
489533,84946,6,1.25,7.5,2009-12-01 12:02:00,2009-12-01,16011,United Kingdom,False
489533,22300,6,2.55,15.3,2009-12-01 12:02:00,2009-12-01,16011,United Kingdom,False
489533,21535,1,2.55,2.55,2009-12-01 12:02:00,2009-12-01,16011,United Kingdom,False
489533,21540,2,4.25,8.5,2009-12-01 12:02:00,2009-12-01,16011,United Kingdom,False
489533,21538,1,3.75,3.75,2009-12-01 12:02:00,2009-12-01,16011,United Kingdom,False
489533,22073,1,3.75,3.75,2009-12-01 12:02:00,2009-12-01,16011,United Kingdom,False
489533,21534,1,4.95,4.95,2009-12-01 12:02:00,2009-12-01,16011,United Kingdom,False
489533,22073,1,3.75,3.75,2009-12-01 12:02:00,2009-12-01,16011,United Kingdom,False
489533,21533,1,4.95,4.95,2009-12-01 12:02:00,2009-12-01,16011,United Kingdom,False
489533,84946,6,1.25,7.5,2009-12-01 12:02:00,2009-12-01,16011,United Kingdom,False
489533,84836,12,1.25,15.0,2009-12-01 12:02:00,2009-12-01,16011,United Kingdom,False
489533,85053,2,2.1,4.2,2009-12-01 12:02:00,2009-12-01,16011,United Kingdom,False
489533,21756,1,5.95,5.95,2009-12-01 12:02:00,2009-12-01,16011,United Kingdom,False
489533,22118,1,4.95,4.95,2009-12-01 12:02:00,2009-12-01,16011,United Kingdom,False
489533,21754,2,5.95,11.9,2009-12-01 12:02:00,2009-12-01,16011,United Kingdom,False
489533,84970S,12,0.85,10.2,2009-12-01 12:02:00,2009-12-01,16011,United Kingdom,False
489533,22118,2,4.95,9.9,2009-12-01 12:02:00,2009-12-01,16011,United Kingdom,False
489533,21755,2,5.95,11.9,2009-12-01 12:02:00,2009-12-01,16011,United Kingdom,False
C489534,35832,-1,5.95,-5.95,2009-12-01 12:09:00,2009-12-01,12615,France,True
C489535,D,-1,9.0,-9.0,2009-12-01 12:11:00,2009-12-01,15299,United Kingdom,True
C489535,D,-1,19.0,-19.0,2009-12-01 12:11:00,2009-12-01,15299,United Kingdom,True
489536,21375,2,5.45,10.9,2009-12-01 12:13:00,2009-12-01,16393,United Kingdom,False
489536,22109,1,3.75,3.75,2009-12-01 12:13:00,2009-12-01,16393,United Kingdom,False
489536,21864,1,2.1,2.1,2009-12-01 12:13:00,2009-12-01,16393,United Kingdom,False
489536,48129,1,6.75,6.75,2009-12-01 12:13:00,2009-12-01,16393,United Kingdom,False
489536,22186,1,2.95,2.95,2009-12-01 12:13:00,2009-12-01,16393,United Kingdom,False
489536,47504K,2,1.95,3.9,2009-12-01 12:13:00,2009-12-01,16393,United Kingdom,False
489536,47504F,2,1.65,3.3,2009-12-01 12:13:00,2009-12-01,16393,United Kingdom,False
489536,21809,1,1.25,1.25,2009-12-01 12:13:00,2009-12-01,16393,United Kingdom,False
489536,21809,1,1.25,1.25,2009-12-01 12:13:00,2009-12-01,16393,United Kingdom,False
489536,22075,1,1.65,1.65,2009-12-01 12:13:00,2009-12-01,16393,United Kingdom,False
489536,21186,2,1.65,3.3,2009-12-01 12:13:00,2009-12-01,16393,United Kingdom,False
489536,22086,1,2.95,2.95,2009-12-01 12:13:00,2009-12-01,16393,United Kingdom,False
489536,21611,2,2.95,5.9,2009-12-01 12:13:00,2009-12-01,16393,United Kingdom,False
489536,22113,2,3.45,6.9,2009-12-01 12:13:00,2009-12-01,16393,United Kingdom,False
489536,21480,1,2.95,2.95,2009-12-01 12:13:00,2009-12-01,16393,United Kingdom,False
489536,22295,2,1.65,3.3,2009-12-01 12:13:00,2009-12-01,16393,United Kingdom,False
489536,85170A,1,2.1,2.1,2009-12-01 12:13:00,2009-12-01,16393,United Kingdom,False
489536,85033S,1,1.95,1.95,2009-12-01 12:13:00,2009-12-01,16393,United Kingdom,False
489536,35991,1,1.69,1.69,2009-12-01 12:13:00,2009-12-01,16393,United Kingdom,False
489536,22185,2,1.65,3.3,2009-12-01 12:13:00,2009-12-01,16393,United Kingdom,False
489536,21786,1,0.42,0.42,2009-12-01 12:13:00,2009-12-01,16393,United Kingdom,False
489536,20752,1,2.1,2.1,2009-12-01 12:13:00,2009-12-01,16393,United Kingdom,False
489536,20754,1,2.1,2.1,2009-12-01 12:13:00,2009-12-01,16393,United Kingdom,False
489536,84388,1,1.65,1.65,2009-12-01 12:13:00,2009-12-01,16393,United Kingdom,False
489536,21865,1,2.1,2.1,2009-12-01 12:13:00,2009-12-01,16393,United Kingdom,False
489536,21832,1,1.65,1.65,2009-12-01 12:13:00,2009-12-01,16393,United Kingdom,False
489536,85071A,1,2.95,2.95,2009-12-01 12:13:00,2009-12-01,16393,United Kingdom,False
489536,85071B,1,2.95,2.95,2009-12-01 12:13:00,2009-12-01,16393,United Kingdom,False
489536,21948,1,1.25,1.25,2009-12-01 12:13:00,2009-12-01,16393,United Kingdom,False
489536,21791,2,1.25,2.5,2009-12-01 12:13:00,2009-12-01,16393,United Kingdom,False
489536,21918,2,0.42,0.84,2009-12-01 12:13:00,2009-12-01,16393,United Kingdom,False
489536,22086,2,2.95,5.9,2009-12-01 12:13:00,2009-12-01,16393,United Kingdom,False
489536,21493,2,0.85,1.7,2009-12-01 12:13:00,2009-12-01,16393,United Kingdom,False
489536,21491,2,1.95,3.9,2009-12-01 12:13:00,2009-12-01,16393,United Kingdom,False
489536,51012C,1,1.25,1.25,2009-12-01 12:13:00,2009-12-01,16393,United Kingdom,False
489536,21034,1,0.95,0.95,2009-12-01 12:13:00,2009-12-01,16393,United Kingdom,False
489536,84671B,1,2.55,2.55,2009-12-01 12:13:00,2009-12-01,16393,United Kingdom,False
489536,21747,1,1.25,1.25,2009-12-01 12:13:00,2009-12-01,16393,United Kingdom,False
489536,22197,1,0.85,0.85,2009-12-01 12:13:00,2009-12-01,16393,United Kingdom,False
489536,22107,1,3.75,3.75,2009-12-01 12:13:00,2009-12-01,16393,United Kingdom,False
489536,22330,1,1.45,1.45,2009-12-01 12:13:00,2009-12-01,16393,United Kingdom,False
489536,22139,1,4.95,4.95,2009-12-01 12:13:00,2009-12-01,16393,United Kingdom,False
489536,84375,1,1.95,1.95,2009-12-01 12:13:00,2009-12-01,16393,United Kingdom,False
489536,84952B,2,3.75,7.5,2009-12-01 12:13:00,2009-12-01,16393,United Kingdom,False
489536,20961,1,1.25,1.25,2009-12-01 12:13:00,2009-12-01,16393,United Kingdom,False
489536,20960,1,1.25,1.25,2009-12-01 12:13:00,2009-12-01,16393,United Kingdom,False
489536,20966,1,1.25,1.25,2009-12-01 12:13:00,2009-12-01,16393,United Kingdom,False
489536,17164D,1,0.42,0.42,2009-12-01 12:13:00,2009-12-01,16393,United Kingdom,False
489536,21791,6,1.25,7.5,2009-12-01 12:13:00,2009-12-01,16393,United Kingdom,False
489536,21890,1,2.95,2.95,2009-12-01 12:13:00,2009-12-01,16393,United Kingdom,False
489536,22353,1,2.55,2.55,2009-12-01 12:13:00,2009-12-01,16393,United Kingdom,False
489536,85170D,1,2.1,2.1,2009-12-01 12:13:00,2009-12-01,16393,United Kingdom,False
489536,17091J,1,1.25,1.25,2009-12-01 12:13:00,2009-12-01,16393,United Kingdom,False
489536,79067,1,3.75,3.75,2009-12-01 12:13:00,2009-12-01,16393,United Kingdom,False
489536,20975,7,0.65,4.55,2009-12-01 12:13:00,2009-12-01,16393,United Kingdom,False
489536,20677,1,1.25,1.25,2009-12-01 12:13:00,2009-12-01,16393,United Kingdom,False
489536,20675,1,1.25,1.25,2009-12-01 12:13:00,2009-12-01,16393,United Kingdom,False
489536,20676,2,1.25,2.5,2009-12-01 12:13:00,2009-12-01,16393,United Kingdom,False
489536,21440,1,1.25,1.25,2009-12-01 12:13:00,2009-12-01,16393,United Kingdom,False
489536,22174,2,1.65,3.3,2009-12-01 12:13:00,2009-12-01,16393,United Kingdom,False
489536,22142,1,1.45,1.45,2009-12-01 12:13:00,2009-12-01,16393,United Kingdom,False
489536,22150,2,1.95,3.9,2009-12-01 12:13:00,2009-12-01,16393,United Kingdom,False
489536,22142,1,1.45,1.45,2009-12-01 12:13:00,2009-12-01,16393,United Kingdom,False
489536,22147,2,1.45,2.9,2009-12-01 12:13:00,2009-12-01,16393,United Kingdom,False
489536,21356,1,1.25,1.25,2009-12-01 12:13:00,2009-12-01,16393,United Kingdom,False
489536,21357,1,1.25,1.25,2009-12-01 12:13:00,2009-12-01,16393,United Kingdom,False
489536,21166,1,1.95,1.95,2009-12-01 12:13:00,2009-12-01,16393,United Kingdom,False
489536,20728,4,1.65,6.6,2009-12-01 12:13:00,2009-12-01,16393,United Kingdom,False
489536,21677,6,0.85,5.1,2009-12-01 12:13:00,2009-12-01,16393,United Kingdom,False
489536,21680,6,0.85,5.1,2009-12-01 12:13:00,2009-12-01,16393,United Kingdom,False
489536,21730,1,4.95,4.95,2009-12-01 12:13:00,2009-12-01,16393,United Kingdom,False
489536,17164D,1,0.42,0.42,2009-12-01 12:13:00,2009-12-01,16393,United Kingdom,False
489536,22353,1,2.55,2.55,2009-12-01 12:13:00,2009-12-01,16393,United Kingdom,False
489536,21791,2,1.25,2.5,2009-12-01 12:13:00,2009-12-01,16393,United Kingdom,False
489536,21788,1,0.85,0.85,2009-12-01 12:13:00,2009-12-01,16393,United Kingdom,False
489536,21789,1,0.85,0.85,2009-12-01 12:13:00,2009-12-01,16393,United Kingdom,False
489536,20660,1,1.25,1.25,2009-12-01 12:13:00,2009-12-01,16393,United Kingdom,False
489536,70007,1,1.65,1.65,2009-12-01 12:13:00,2009-12-01,16393,United Kingdom,False
489536,70006,1,1.65,1.65,2009-12-01 12:13:00,2009-12-01,16393,United Kingdom,False
489536,21650,1,0.65,0.65,2009-12-01 12:13:00,2009-12-01,16393,United Kingdom,False
489536,22142,1,1.45,1.45,2009-12-01 12:13:00,2009-12-01,16393,United Kingdom,False
489536,22147,1,1.45,1.45,2009-12-01 12:13:00,2009-12-01,16393,United Kingdom,False
489536,21892,1,1.25,1.25,2009-12-01 12:13:00,2009-12-01,16393,United Kingdom,False
489536,21650,1,0.65,0.65,2009-12-01 12:13:00,2009-12-01,16393,United Kingdom,False
489536,85227,1,0.85,0.85,2009-12-01 12:13:00,2009-12-01,16393,United Kingdom,False
489536,85227,3,0.85,2.55,2009-12-01 12:13:00,2009-12-01,16393,United Kingdom,False
489536,20655,1,1.25,1.25,2009-12-01 12:13:00,2009-12-01,16393,United Kingdom,False
489536,21791,1,1.25,1.25,2009-12-01 12:13:00,2009-12-01,16393,United Kingdom,False
489536,21990,1,2.95,2.95,2009-12-01 12:13:00,2009-12-01,16393,United Kingdom,False
489536,21231,1,1.25,1.25,2009-12-01 12:13:00,2009-12-01,16393,United Kingdom,False
489536,22064,4,1.65,6.6,2009-12-01 12:13:00,2009-12-01,16393,United Kingdom,False
489536,21934,1,1.65,1.65,2009-12-01 12:13:00,2009-12-01,16393,United Kingdom,False
489536,21578,1,2.25,2.25,2009-12-01 12:13:00,2009-12-01,16393,United Kingdom,False
489536,21579,1,2.25,2.25,2009-12-01 12:13:00,2009-12-01,16393,United Kingdom,False
489536,21577,2,2.25,4.5,2009-12-01 12:13:00,2009-12-01,16393,United Kingdom,False
489536,21931,5,1.95,9.75,2009-12-01 12:13:00,2009-12-01,16393,United Kingdom,False
489536,85099B,5,1.95,9.75,2009-12-01 12:13:00,2009-12-01,16393,United Kingdom,False
489536,20713,1,1.95,1.95,2009-12-01 12:13:00,2009-12-01,16393,United Kingdom,False
489536,20712,1,1.95,1.95,2009-12-01 12:13:00,2009-12-01,16393,United Kingdom,False
489536,16047,1,0.85,0.85,2009-12-01 12:13:00,2009-12-01,16393,United Kingdom,False
489536,21561,1,2.55,2.55,2009-12-01 12:13:00,2009-12-01,16393,United Kingdom,False
489536,20814,1,1.25,1.25,2009-12-01 12:13:00,2009-12-01,16393,United Kingdom,False
489536,21122,1,1.25,1.25,2009-12-01 12:13:00,2009-12-01,16393,United Kingdom,False
489536,21231,1,1.25,1.25,2009-12-01 12:13:00,2009-12-01,16393,United Kingdom,False
489536,21232,3,1.25,3.75,2009-12-01 12:13:00,2009-12-01,16393,United Kingdom,False
489536,84946,6,1.25,7.5,2009-12-01 12:13:00,2009-12-01,16393,United Kingdom,False
489536,22068,4,1.65,6.6,2009-12-01 12:13:00,2009-12-01,16393,United Kingdom,False
489536,21377,1,1.65,1.65,2009-12-01 12:13:00,2009-12-01,16393,United Kingdom,False
489536,21379,1,1.25,1.25,2009-12-01 12:13:00,2009-12-01,16393,United Kingdom,False
489536,20956,1,1.25,1.25,2009-12-01 12:13:00,2009-12-01,16393,United Kingdom,False
489536,21018,1,0.85,0.85,2009-12-01 12:13:00,2009-12-01,16393,United Kingdom,False
489536,35995,1,2.1,2.1,2009-12-01 12:13:00,2009-12-01,16393,United Kingdom,False
489536,85033S,1,1.95,1.95,2009-12-01 12:13:00,2009-12-01,16393,United Kingdom,False
489536,22185,2,1.65,3.3,2009-12-01 12:13:00,2009-12-01,16393,United Kingdom,False
489536,21578,2,2.25,4.5,2009-12-01 12:13:00,2009-12-01,16393,United Kingdom,False
489536,21579,1,2.25,2.25,2009-12-01 12:13:00,2009-12-01,16393,United Kingdom,False
489536,22355,9,0.85,7.65,2009-12-01 12:13:00,2009-12-01,16393,United Kingdom,False
489536,21934,2,1.65,3.3,2009-12-01 12:13:00,2009-12-01,16393,United Kingdom,False
489536,21579,1,2.25,2.25,2009-12-01 12:13:00,2009-12-01,16393,United Kingdom,False
489536,21034,1,0.95,0.95,2009-12-01 12:13:00,2009-12-01,16393,United Kingdom,False
489536,22356,3,0.85,2.55,2009-12-01 12:13:00,2009-12-01,16393,United Kingdom,False
489536,21581,4,2.25,9.0,2009-12-01 12:13:00,2009-12-01,16393,United Kingdom,False
489536,20956,2,1.25,2.5,2009-12-01 12:13:00,2009-12-01,16393,United Kingdom,False
489536,20727,3,1.65,4.95,2009-12-01 12:13:00,2009-12-01,16393,United Kingdom,False
489536,21071,1,1.25,1.25,2009-12-01 12:13:00,2009-12-01,16393,United Kingdom,False
489536,21068,1,1.25,1.25,2009-12-01 12:13:00,2009-12-01,16393,United Kingdom,False
489536,22107,1,3.75,3.75,2009-12-01 12:13:00,2009-12-01,16393,United Kingdom,False
489536,22189,1,3.95,3.95,2009-12-01 12:13:00,2009-12-01,16393,United Kingdom,False
489536,21786,1,0.42,0.42,2009-12-01 12:13:00,2009-12-01,16393,United Kingdom,False
489536,48179,1,6.75,6.75,2009-12-01 12:13:00,2009-12-01,16393,United Kingdom,False
489537,48129,1,6.75,6.75,2009-12-01 12:14:00,2009-12-01,14040,United Kingdom,False
489537,21523,1,6.75,6.75,2009-12-01 12:14:00,2009-12-01,14040,United Kingdom,False
489537,48188,2,6.75,13.5,2009-12-01 12:14:00,2009-12-01,14040,United Kingdom,False
489537,48111,2,6.75,13.5,2009-12-01 12:14:00,2009-12-01,14040,United Kingdom,False
489537,48194,2,6.75,13.5,2009-12-01 12:14:00,2009-12-01,14040,United Kingdom,False
489537,20685,2,6.75,13.5,2009-12-01 12:14:00,2009-12-01,14040,United Kingdom,False
489537,48195,2,6.75,13.5,2009-12-01 12:14:00,2009-12-01,14040,United Kingdom,False
489537,48184,2,6.75,13.5,2009-12-01 12:14:00,2009-12-01,14040,United Kingdom,False
489537,21733,10,2.95,29.5,2009-12-01 12:14:00,2009-12-01,14040,United Kingdom,False
489537,21777,4,7.95,31.8,2009-12-01 12:14:00,2009-12-01,14040,United Kingdom,False
489537,20969,4,3.75,15.0,2009-12-01 12:14:00,2009-12-01,14040,United Kingdom,False
489537,20970,4,3.75,15.0,2009-12-01 12:14:00,2009-12-01,14040,United Kingdom,False
489537,20968,4,3.75,15.0,2009-12-01 12:14:00,2009-12-01,14040,United Kingdom,False
489537,20967,2,3.75,7.5,2009-12-01 12:14:00,2009-12-01,14040,United Kingdom,False
489537,21737,1,19.95,19.95,2009-12-01 12:14:00,2009-12-01,14040,United Kingdom,False
489537,84899E,2,1.25,2.5,2009-12-01 12:14:00,2009-12-01,14040,United Kingdom,False
489537,84899F,3,1.25,3.75,2009-12-01 12:14:00,2009-12-01,14040,United Kingdom,False
489537,84898F,5,2.1,10.5,2009-12-01 12:14:00,2009-12-01,14040,United Kingdom,False
489537,20971,5,1.25,6.25,2009-12-01 12:14:00,2009-12-01,14040,United Kingdom,False
489537,20972,5,1.25,6.25,2009-12-01 12:14:00,2009-12-01,14040,United Kingdom,False
489537,22207,1,4.25,4.25,2009-12-01 12:14:00,2009-12-01,14040,United Kingdom,False
489537,21016,1,0.85,0.85,2009-12-01 12:14:00,2009-12-01,14040,United Kingdom,False
489537,22115,1,2.95,2.95,2009-12-01 12:14:00,2009-12-01,14040,United Kingdom,False
489537,22273,2,2.95,5.9,2009-12-01 12:14:00,2009-12-01,14040,United Kingdom,False
489537,20828,6,2.55,15.3,2009-12-01 12:14:00,2009-12-01,14040,United Kingdom,False
489537,20829,6,2.1,12.6,2009-12-01 12:14:00,2009-12-01,14040,United Kingdom,False
489537,85231B,5,0.85,4.25,2009-12-01 12:14:00,2009-12-01,14040,United Kingdom,False
489537,85231G,5,0.85,4.25,2009-12-01 12:14:00,2009-12-01,14040,United Kingdom,False
489537,21407,1,4.25,4.25,2009-12-01 12:14:00,2009-12-01,14040,United Kingdom,False
489537,21410,2,4.25,8.5,2009-12-01 12:14:00,2009-12-01,14040,United Kingdom,False
489537,72800F,1,2.55,2.55,2009-12-01 12:14:00,2009-12-01,14040,United Kingdom,False
489537,21411,4,4.25,17.0,2009-12-01 12:14:00,2009-12-01,14040,United Kingdom,False
489537,21993,3,2.95,8.85,2009-12-01 12:14:00,2009-12-01,14040,United Kingdom,False
489537,84032B,4,2.95,11.8,2009-12-01 12:14:00,2009-12-01,14040,United Kingdom,False
489537,22125,3,5.95,17.85,2009-12-01 12:14:00,2009-12-01,14040,United Kingdom,False
489537,84032A,4,2.95,11.8,2009-12-01 12:14:00,2009-12-01,14040,United Kingdom,False
489537,21482,3,2.95,8.85,2009-12-01 12:14:00,2009-12-01,14040,United Kingdom,False
489537,21479,2,3.75,7.5,2009-12-01 12:14:00,2009-12-01,14040,United Kingdom,False
489537,21480,5,2.95,14.75,2009-12-01 12:14:00,2009-12-01,14040,United Kingdom,False
489537,21486,2,3.75,7.5,2009-12-01 12:14:00,2009-12-01,14040,United Kingdom,False
489537,21481,3,2.95,8.85,2009-12-01 12:14:00,2009-12-01,14040,United Kingdom,False
489537,72008,24,0.42,10.08,2009-12-01 12:14:00,2009-12-01,14040,United Kingdom,False
489537,21231,20,1.25,25.0,2009-12-01 12:14:00,2009-12-01,14040,United Kingdom,False
489537,21232,20,1.25,25.0,2009-12-01 12:14:00,2009-12-01,14040,United Kingdom,False
489537,21813,1,4.95,4.95,2009-12-01 12:14:00,2009-12-01,14040,United Kingdom,False
489537,21812,4,4.95,19.8,2009-12-01 12:14:00,2009-12-01,14040,United Kingdom,False
489537,21489,3,3.95,11.85,2009-12-01 12:14:00,2009-12-01,14040,United Kingdom,False
489537,21488,3,3.95,11.85,2009-12-01 12:14:00,2009-12-01,14040,United Kingdom,False
489537,84029E,1,3.75,3.75,2009-12-01 12:14:00,2009-12-01,14040,United Kingdom,False
489537,75013B,3,1.65,4.95,2009-12-01 12:14:00,2009-12-01,14040,United Kingdom,False
489537,72800E,4,2.55,10.2,2009-12-01 12:14:00,2009-12-01,14040,United Kingdom,False
489537,72800F,3,2.55,7.65,2009-12-01 12:14:00,2009-12-01,14040,United Kingdom,False
489537,72801G,3,1.25,3.75,2009-12-01 12:14:00,2009-12-01,14040,United Kingdom,False
489537,72801F,6,1.25,7.5,2009-12-01 12:14:00,2009-12-01,14040,United Kingdom,False
489537,72801E,6,1.25,7.5,2009-12-01 12:14:00,2009-12-01,14040,United Kingdom,False
489537,21790,11,0.85,9.35,2009-12-01 12:14:00,2009-12-01,14040,United Kingdom,False
489537,21791,6,1.25,7.5,2009-12-01 12:14:00,2009-12-01,14040,United Kingdom,False
489537,21888,3,3.75,11.25,2009-12-01 12:14:00,2009-12-01,14040,United Kingdom,False
489537,21351,2,6.75,13.5,2009-12-01 12:14:00,2009-12-01,14040,United Kingdom,False
C489538,22183,-4,6.75,-27.0,2009-12-01 12:18:00,2009-12-01,15796,United Kingdom,True
C489538,POST,-1,9.58,-9.58,2009-12-01 12:18:00,2009-12-01,15796,United Kingdom,True
489540,21732,24,3.39,81.36,2009-12-01 12:18:00,2009-12-01,12913,United Kingdom,False
489540,21754,24,5.45,130.8,2009-12-01 12:18:00,2009-12-01,12913,United Kingdom,False
489540,22083,58,2.55,147.9,2009-12-01 12:18:00,2009-12-01,12913,United Kingdom,False
489540,22086,58,2.55,147.9,2009-12-01 12:18:00,2009-12-01,12913,United Kingdom,False
489540,84946,24,1.25,30.0,2009-12-01 12:18:00,2009-12-01,12913,United Kingdom,False
C489541,21254,-4,2.95,-11.8,2009-12-01 12:18:00,2009-12-01,15091,United Kingdom,True
489539,22086,160,2.55,408.0,2009-12-01 12:18:00,2009-12-01,15061,United Kingdom,False
489539,22083,160,2.55,408.0,2009-12-01 12:18:00,2009-12-01,15061,United Kingdom,False
489539,85041,48,1.45,69.6,2009-12-01 12:18:00,2009-12-01,15061,United Kingdom,False
489539,85040B,192,1.45,278.4,2009-12-01 12:18:00,2009-12-01,15061,United Kingdom,False
489539,84879,96,1.69,162.24,2009-12-01 12:18:00,2009-12-01,15061,United Kingdom,False
489539,79323P,24,5.45,130.8,2009-12-01 12:18:00,2009-12-01,15061,United Kingdom,False
489539,48184,20,5.95,119.0,2009-12-01 12:18:00,2009-12-01,15061,United Kingdom,False
489539,37461,96,0.85,81.6,2009-12-01 12:18:00,2009-12-01,15061,United Kingdom,False
489539,22139,72,4.25,306.0,2009-12-01 12:18:00,2009-12-01,15061,United Kingdom,False
489539,21700,144,0.85,122.4,2009-12-01 12:18:00,2009-12-01,15061,United Kingdom,False
489539,21673,60,1.06,63.6,2009-12-01 12:18:00,2009-12-01,15061,United Kingdom,False
489539,21671,60,1.06,63.6,2009-12-01 12:18:00,2009-12-01,15061,United Kingdom,False
489539,21669,60,1.06,63.6,2009-12-01 12:18:00,2009-12-01,15061,United Kingdom,False
489539,21500,100,0.34,34.0,2009-12-01 12:18:00,2009-12-01,15061,United Kingdom,False
489539,20692,96,3.75,360.0,2009-12-01 12:18:00,2009-12-01,15061,United Kingdom,False
489539,20685,30,5.95,178.5,2009-12-01 12:18:00,2009-12-01,15061,United Kingdom,False
489539,16237,180,0.21,37.8,2009-12-01 12:18:00,2009-12-01,15061,United Kingdom,False
489542,37410,216,0.85,183.6,2009-12-01 12:19:00,2009-12-01,15061,United Kingdom,False
489542,22139,48,4.25,204.0,2009-12-01 12:19:00,2009-12-01,15061,United Kingdom,False
C489543,35400,-2,8.95,-17.9,2009-12-01 12:19:00,2009-12-01,14292,United Kingdom,True
489544,22086,18,2.95,53.1,2009-12-01 12:20:00,2009-12-01,14341,United Kingdom,False
489544,84347,18,2.55,45.9,2009-12-01 12:20:00,2009-12-01,14341,United Kingdom,False
489544,22065,12,1.45,17.4,2009-12-01 12:20:00,2009-12-01,14341,United Kingdom,False
489544,21813,6,4.95,29.7,2009-12-01 12:20:00,2009-12-01,14341,United Kingdom,False
489544,84251F,12,0.19,2.28,2009-12-01 12:20:00,2009-12-01,14341,United Kingdom,False
489544,20975,24,0.65,15.6,2009-12-01 12:20:00,2009-12-01,14341,United Kingdom,False
489544,21080,12,0.85,10.2,2009-12-01 12:20:00,2009-12-01,14341,United Kingdom,False
489544,21844,6,2.95,17.7,2009-12-01 12:20:00,2009-12-01,14341,United Kingdom,False
489544,22070,6,3.75,22.5,2009-12-01 12:20:00,2009-12-01,14341,United Kingdom,False
489544,21980,48,0.29,13.92,2009-12-01 12:20:00,2009-12-01,14341,United Kingdom,False
489544,21967,48,0.29,13.92,2009-12-01 12:20:00,2009-12-01,14341,United Kingdom,False
489544,22125,3,5.95,17.85,2009-12-01 12:20:00,2009-12-01,14341,United Kingdom,False
489544,21364,1,6.75,6.75,2009-12-01 12:20:00,2009-12-01,14341,United Kingdom,False
489544,21809,12,1.25,15.0,2009-12-01 12:20:00,2009-12-01,14341,United Kingdom,False
489545,90062,1,12.75,12.75,2009-12-01 12:22:00,2009-12-01,17804,United Kingdom,False
489545,21480,2,2.95,5.9,2009-12-01 12:22:00,2009-12-01,17804,United Kingdom,False
489545,22110,1,3.45,3.45,2009-12-01 12:22:00,2009-12-01,17804,United Kingdom,False
489545,22113,1,3.45,3.45,2009-12-01 12:22:00,2009-12-01,17804,United Kingdom,False
489545,21484,2,3.45,6.9,2009-12-01 12:22:00,2009-12-01,17804,United Kingdom,False
489545,20914,1,2.95,2.95,2009-12-01 12:22:00,2009-12-01,17804,United Kingdom,False
489545,84977,6,1.25,7.5,2009-12-01 12:22:00,2009-12-01,17804,United Kingdom,False
489545,21868,1,1.25,1.25,2009-12-01 12:22:00,2009-12-01,17804,United Kingdom,False
489545,18010,6,0.42,2.52,2009-12-01 12:22:00,2009-12-01,17804,United Kingdom,False
489545,21162,1,1.45,1.45,2009-12-01 12:22:00,2009-12-01,17804,United Kingdom,False
489545,37370,2,1.25,2.5,2009-12-01 12:22:00,2009-12-01,17804,United Kingdom,False
489545,22152,15,0.42,6.3,2009-12-01 12:22:00,2009-12-01,17804,United Kingdom,False
489545,72267,3,2.1,6.3,2009-12-01 12:22:00,2009-12-01,17804,United Kingdom,False
489545,22139,4,4.95,19.8,2009-12-01 12:22:00,2009-12-01,17804,United Kingdom,False
489545,22143,1,2.1,2.1,2009-12-01 12:22:00,2009-12-01,17804,United Kingdom,False
489545,22197,3,0.85,2.55,2009-12-01 12:22:00,2009-12-01,17804,United Kingdom,False
489545,22081,1,1.65,1.65,2009-12-01 12:22:00,2009-12-01,17804,United Kingdom,False
489545,22079,1,1.65,1.65,2009-12-01 12:22:00,2009-12-01,17804,United Kingdom,False
489545,22273,1,2.95,2.95,2009-12-01 12:22:00,2009-12-01,17804,United Kingdom,False
489545,22272,1,2.95,2.95,2009-12-01 12:22:00,2009-12-01,17804,United Kingdom,False
489545,22274,1,2.95,2.95,2009-12-01 12:22:00,2009-12-01,17804,United Kingdom,False
489545,21124,1,1.25,1.25,2009-12-01 12:22:00,2009-12-01,17804,United Kingdom,False
489545,21122,1,1.25,1.25,2009-12-01 12:22:00,2009-12-01,17804,United Kingdom,False
489545,20758,3,0.85,2.55,2009-12-01 12:22:00,2009-12-01,17804,United Kingdom,False
489545,20756,3,0.85,2.55,2009-12-01 12:22:00,2009-12-01,17804,United Kingdom,False
489545,21126,1,1.25,1.25,2009-12-01 12:22:00,2009-12-01,17804,United Kingdom,False
489545,21125,1,1.25,1.25,2009-12-01 12:22:00,2009-12-01,17804,United Kingdom,False
489545,22154,8,0.42,3.36,2009-12-01 12:22:00,2009-12-01,17804,United Kingdom,False
489545,22102,3,1.65,4.95,2009-12-01 12:22:00,2009-12-01,17804,United Kingdom,False
489545,35955,4,0.42,1.68,2009-12-01 12:22:00,2009-12-01,17804,United Kingdom,False
489545,35954,6,0.42,2.52,2009-12-01 12:22:00,2009-12-01,17804,United Kingdom,False
489545,35957,6,0.42,2.52,2009-12-01 12:22:00,2009-12-01,17804,United Kingdom,False
489546,84050,6,1.65,9.9,2009-12-01 12:30:00,2009-12-01,14156,EIRE,False
489546,47568,6,2.1,12.6,2009-12-01 12:30:00,2009-12-01,14156,EIRE,False
489546,84782A,2,12.75,25.5,2009-12-01 12:30:00,2009-12-01,14156,EIRE,False
489546,84782C,1,12.75,12.75,2009-12-01 12:30:00,2009-12-01,14156,EIRE,False
489546,21232,12,1.25,15.0,2009-12-01 12:30:00,2009-12-01,14156,EIRE,False
489546,21231,12,1.25,15.0,2009-12-01 12:30:00,2009-12-01,14156,EIRE,False
489546,22186,6,2.95,17.7,2009-12-01 12:30:00,2009-12-01,14156,EIRE,False
489546,22169,4,8.5,34.0,2009-12-01 12:30:00,2009-12-01,14156,EIRE,False
489546,82494L,6,2.95,17.7,2009-12-01 12:30:00,2009-12-01,14156,EIRE,False
489546,84933A,6,2.1,12.6,2009-12-01 12:30:00,2009-12-01,14156,EIRE,False
489546,84933B,6,2.1,12.6,2009-12-01 12:30:00,2009-12-01,14156,EIRE,False
489546,22201,4,4.25,17.0,2009-12-01 12:30:00,2009-12-01,14156,EIRE,False
489546,37503,4,10.75,43.0,2009-12-01 12:30:00,2009-12-01,14156,EIRE,False
489546,48185,4,6.75,27.0,2009-12-01 12:30:00,2009-12-01,14156,EIRE,False
489547,22086,18,2.95,53.1,2009-12-01 12:30:00,2009-12-01,13599,United Kingdom,False
489547,21871,12,1.25,15.0,2009-12-01 12:30:00,2009-12-01,13599,United Kingdom,False
489547,21875,12,1.25,15.0,2009-12-01 12:30:00,2009-12-01,13599,United Kingdom,False
489547,21587,12,2.55,30.6,2009-12-01 12:30:00,2009-12-01,13599,United Kingdom,False
489547,21593,24,1.25,30.0,2009-12-01 12:30:00,2009-12-01,13599,United Kingdom,False
489547,21591,24,1.25,30.0,2009-12-01 12:30:00,2009-12-01,13599,United Kingdom,False
489547,21590,24,1.25,30.0,2009-12-01 12:30:00,2009-12-01,13599,United Kingdom,False
489547,22083,6,2.95,17.7,2009-12-01 12:30:00,2009-12-01,13599,United Kingdom,False
489547,22085,6,2.95,17.7,2009-12-01 12:30:00,2009-12-01,13599,United Kingdom,False
489547,21493,12,0.85,10.2,2009-12-01 12:30:00,2009-12-01,13599,United Kingdom,False
489547,22138,3,4.95,14.85,2009-12-01 12:30:00,2009-12-01,13599,United Kingdom,False
489547,21930,10,1.95,19.5,2009-12-01 12:30:00,2009-12-01,13599,United Kingdom,False
489547,85099B,10,1.95,19.5,2009-12-01 12:30:00,2009-12-01,13599,United Kingdom,False
489547,85099C,10,1.95,19.5,2009-12-01 12:30:00,2009-12-01,13599,United Kingdom,False
489547,20719,10,0.85,8.5,2009-12-01 12:30:00,2009-12-01,13599,United Kingdom,False
489547,22356,100,0.72,72.0,2009-12-01 12:30:00,2009-12-01,13599,United Kingdom,False
489547,20724,10,0.85,8.5,2009-12-01 12:30:00,2009-12-01,13599,United Kingdom,False
489547,20727,10,1.65,16.5,2009-12-01 12:30:00,2009-12-01,13599,United Kingdom,False
489547,20726,10,1.65,16.5,2009-12-01 12:30:00,2009-12-01,13599,United Kingdom,False
489547,20725,20,1.65,33.0,2009-12-01 12:30:00,2009-12-01,13599,United Kingdom,False
489547,22348,12,0.85,10.2,2009-12-01 12:30:00,2009-12-01,13599,United Kingdom,False
489547,85061W,240,0.64,153.6,2009-12-01 12:30:00,2009-12-01,13599,United Kingdom,False
489546,48188,2,6.75,13.5,2009-12-01 12:30:00,2009-12-01,14156,EIRE,False
489546,48194,2,6.75,13.5,2009-12-01 12:30:00,2009-12-01,14156,EIRE,False
489546,48129,2,6.75,13.5,2009-12-01 12:30:00,2009-12-01,14156,EIRE,False
489546,84997D,6,3.75,22.5,2009-12-01 12:30:00,2009-12-01,14156,EIRE,False
489546,21781,1,14.95,14.95,2009-12-01 12:30:00,2009-12-01,14156,EIRE,False
489546,22111,3,4.95,14.85,2009-12-01 12:30:00,2009-12-01,14156,EIRE,False
489546,21485,3,4.95,14.85,2009-12-01 12:30:00,2009-12-01,14156,EIRE,False
489546,21484,4,3.45,13.8,2009-12-01 12:30:00,2009-12-01,14156,EIRE,False
489546,20692,9,4.25,38.25,2009-12-01 12:30:00,2009-12-01,14156,EIRE,False
489546,20768,6,2.55,15.3,2009-12-01 12:30:00,2009-12-01,14156,EIRE,False
489546,21082,12,0.85,10.2,2009-12-01 12:30:00,2009-12-01,14156,EIRE,False
489546,47591D,8,1.95,15.6,2009-12-01 12:30:00,2009-12-01,14156,EIRE,False
489546,47591B,8,1.65,13.2,2009-12-01 12:30:00,2009-12-01,14156,EIRE,False
489546,21004,3,4.25,12.75,2009-12-01 12:30:00,2009-12-01,14156,EIRE,False
489546,21212,24,0.55,13.2,2009-12-01 12:30:00,2009-12-01,14156,EIRE,False
489546,20751,12,2.1,25.2,2009-12-01 12:30:00,2009-12-01,14156,EIRE,False
489546,22195,12,1.65,19.8,2009-12-01 12:30:00,2009-12-01,14156,EIRE,False
489546,22196,12,0.85,10.2,2009-12-01 12:30:00,2009-12-01,14156,EIRE,False
489546,22199,4,4.25,17.0,2009-12-01 12:30:00,2009-12-01,14156,EIRE,False
489548,22271,1,2.95,2.95,2009-12-01 12:32:00,2009-12-01,GUEST,United Kingdom,False
489548,22254,12,1.25,15.0,2009-12-01 12:32:00,2009-12-01,GUEST,United Kingdom,False
489548,22273,3,2.95,8.85,2009-12-01 12:32:00,2009-12-01,GUEST,United Kingdom,False
489548,22195,1,1.65,1.65,2009-12-01 12:32:00,2009-12-01,GUEST,United Kingdom,False
489548,22131,2,1.95,3.9,2009-12-01 12:32:00,2009-12-01,GUEST,United Kingdom,False
489548,22079,10,1.65,16.5,2009-12-01 12:32:00,2009-12-01,GUEST,United Kingdom,False
489548,22138,3,4.95,14.85,2009-12-01 12:32:00,2009-12-01,GUEST,United Kingdom,False
489548,22147,2,1.45,2.9,2009-12-01 12:32:00,2009-12-01,GUEST,United Kingdom,False
489548,22142,2,1.45,2.9,2009-12-01 12:32:00,2009-12-01,GUEST,United Kingdom,False
489548,22150,2,1.95,3.9,2009-12-01 12:32:00,2009-12-01,GUEST,United Kingdom,False
489548,20804,1,1.65,1.65,2009-12-01 12:32:00,2009-12-01,GUEST,United Kingdom,False
489548,22196,8,0.85,6.8,2009-12-01 12:32:00,2009-12-01,GUEST,United Kingdom,False
489548,22086,3,2.95,8.85,2009-12-01 12:32:00,2009-12-01,GUEST,United Kingdom,False
489548,21115,1,6.75,6.75,2009-12-01 12:32:00,2009-12-01,GUEST,United Kingdom,False
489548,21067,6,1.25,7.5,2009-12-01 12:32:00,2009-12-01,GUEST,United Kingdom,False
489548,22134,12,0.42,5.04,2009-12-01 12:32:00,2009-12-01,GUEST,United Kingdom,False
489548,22132,12,0.85,10.2,2009-12-01 12:32:00,2009-12-01,GUEST,United Kingdom,False
489548,22196,1,0.85,0.85,2009-12-01 12:32:00,2009-12-01,GUEST,United Kingdom,False
489548,22196,1,0.85,0.85,2009-12-01 12:32:00,2009-12-01,GUEST,United Kingdom,False
489548,22195,5,1.65,8.25,2009-12-01 12:32:00,2009-12-01,GUEST,United Kingdom,False
489548,21086,25,0.65,16.25,2009-12-01 12:32:00,2009-12-01,GUEST,United Kingdom,False
489548,20963,10,1.25,12.5,2009-12-01 12:32:00,2009-12-01,GUEST,United Kingdom,False
489548,85053,1,2.1,2.1,2009-12-01 12:32:00,2009-12-01,GUEST,United Kingdom,False
489548,84670,12,0.42,5.04,2009-12-01 12:32:00,2009-12-01,GUEST,United Kingdom,False
489548,21559,2,2.55,5.1,2009-12-01 12:32:00,2009-12-01,GUEST,United Kingdom,False
489548,21558,3,2.55,7.65,2009-12-01 12:32:00,2009-12-01,GUEST,United Kingdom,False
489548,22352,1,2.55,2.55,2009-12-01 12:32:00,2009-12-01,GUEST,United Kingdom,False
489548,85053,1,2.1,2.1,2009-12-01 12:32:00,2009-12-01,GUEST,United Kingdom,False
489548,21004,3,4.25,12.75,2009-12-01 12:32:00,2009-12-01,GUEST,United Kingdom,False
489548,21431,1,1.65,1.65,2009-12-01 12:32:00,2009-12-01,GUEST,United Kingdom,False
489548,21980,12,0.29,3.48,2009-12-01 12:32:00,2009-12-01,GUEST,United Kingdom,False
489548,35004P,1,5.45,5.45,2009-12-01 12:32:00,2009-12-01,GUEST,United Kingdom,False
489548,21321,6,2.55,15.3,2009-12-01 12:32:00,2009-12-01,GUEST,United Kingdom,False
489548,22275,1,8.5,8.5,2009-12-01 12:32:00,2009-12-01,GUEST,United Kingdom,False
489548,22276,1,2.55,2.55,2009-12-01 12:32:00,2009-12-01,GUEST,United Kingdom,False
489548,22276,1,2.55,2.55,2009-12-01 12:32:00,2009-12-01,GUEST,United Kingdom,False
489548,21094,22,0.85,18.7,2009-12-01 12:32:00,2009-12-01,GUEST,United Kingdom,False
489548,20753,1,2.1,2.1,2009-12-01 12:32:00,2009-12-01,GUEST,United Kingdom,False
489548,20754,2,2.1,4.2,2009-12-01 12:32:00,2009-12-01,GUEST,United Kingdom,False
489548,20752,3,2.1,6.3,2009-12-01 12:32:00,2009-12-01,GUEST,United Kingdom,False
489548,21489,1,3.95,3.95,2009-12-01 12:32:00,2009-12-01,GUEST,United Kingdom,False
489548,21488,1,3.95,3.95,2009-12-01 12:32:00,2009-12-01,GUEST,United Kingdom,False
489548,22281,2,5.95,11.9,2009-12-01 12:32:00,2009-12-01,GUEST,United Kingdom,False
489548,21320,6,2.55,15.3,2009-12-01 12:32:00,2009-12-01,GUEST,United Kingdom,False
489548,22302,6,2.55,15.3,2009-12-01 12:32:00,2009-12-01,GUEST,United Kingdom,False
489548,22303,6,2.55,15.3,2009-12-01 12:32:00,2009-12-01,GUEST,United Kingdom,False
489548,21034,3,0.95,2.85,2009-12-01 12:32:00,2009-12-01,GUEST,United Kingdom,False
489548,21187,2,1.65,3.3,2009-12-01 12:32:00,2009-12-01,GUEST,United Kingdom,False
489548,21186,6,1.65,9.9,2009-12-01 12:32:00,2009-12-01,GUEST,United Kingdom,False
489548,22083,3,2.95,8.85,2009-12-01 12:32:00,2009-12-01,GUEST,United Kingdom,False
489548,79000,12,0.85,10.2,2009-12-01 12:32:00,2009-12-01,GUEST,United Kingdom,False
489548,22080,5,1.65,8.25,2009-12-01 12:32:00,2009-12-01,GUEST,United Kingdom,False
489548,84706F,1,8.95,8.95,2009-12-01 12:32:00,2009-12-01,GUEST,United Kingdom,False
489548,22271,1,2.95,2.95,2009-12-01 12:32:00,2009-12-01,GUEST,United Kingdom,False
489548,22274,1,2.95,2.95,2009-12-01 12:32:00,2009-12-01,GUEST,United Kingdom,False
C489549,35400,-2,7.95,-15.9,2009-12-01 12:33:00,2009-12-01,13768,United Kingdom,True
489550,48187,2,6.75,13.5,2009-12-01 12:33:00,2009-12-01,14156,EIRE,False
489550,21523,2,6.75,13.5,2009-12-01 12:33:00,2009-12-01,14156,EIRE,False
489550,84968C,4,12.75,51.0,2009-12-01 12:33:00,2009-12-01,14156,EIRE,False
489550,84968F,2,12.75,25.5,2009-12-01 12:33:00,2009-12-01,14156,EIRE,False
489550,84968B,2,12.75,25.5,2009-12-01 12:33:00,2009-12-01,14156,EIRE,False
489550,21977,48,0.55,26.4,2009-12-01 12:33:00,2009-12-01,14156,EIRE,False
489550,22276,6,2.55,15.3,2009-12-01 12:33:00,2009-12-01,14156,EIRE,False
489550,72760B,4,9.95,39.8,2009-12-01 12:33:00,2009-12-01,14156,EIRE,False
489550,85231L,12,0.85,10.2,2009-12-01 12:33:00,2009-12-01,14156,EIRE,False
489550,85231G,12,0.85,10.2,2009-12-01 12:33:00,2009-12-01,14156,EIRE,False
489550,21618,6,3.75,22.5,2009-12-01 12:33:00,2009-12-01,14156,EIRE,False
489550,21615,6,3.75,22.5,2009-12-01 12:33:00,2009-12-01,14156,EIRE,False
489550,21619,6,3.75,22.5,2009-12-01 12:33:00,2009-12-01,14156,EIRE,False
489550,21612,6,2.95,17.7,2009-12-01 12:33:00,2009-12-01,14156,EIRE,False
489550,85049A,12,1.25,15.0,2009-12-01 12:33:00,2009-12-01,14156,EIRE,False
489550,85049B,12,1.25,15.0,2009-12-01 12:33:00,2009-12-01,14156,EIRE,False
489550,85049G,12,1.25,15.0,2009-12-01 12:33:00,2009-12-01,14156,EIRE,False
489550,21175,6,2.1,12.6,2009-12-01 12:33:00,2009-12-01,14156,EIRE,False
489550,21770,2,4.95,9.9,2009-12-01 12:33:00,2009-12-01,14156,EIRE,False
489550,20747,2,14.95,29.9,2009-12-01 12:33:00,2009-12-01,14156,EIRE,False
489550,37500,2,9.95,19.9,2009-12-01 12:33:00,2009-12-01,14156,EIRE,False
489550,84991,48,0.55,26.4,2009-12-01 12:33:00,2009-12-01,14156,EIRE,False
489550,21637,18,1.25,22.5,2009-12-01 12:33:00,2009-12-01,14156,EIRE,False
C489551,85048,-1,6.95,-6.95,2009-12-01 12:35:00,2009-12-01,17641,United Kingdom,True
489552,35400,1,8.95,8.95,2009-12-01 12:36:00,2009-12-01,17063,United Kingdom,False
489552,21901,10,0.65,6.5,2009-12-01 12:36:00,2009-12-01,17063,United Kingdom,False
489552,21900,10,0.65,6.5,2009-12-01 12:36:00,2009-12-01,17063,United Kingdom,False
489552,21902,12,0.65,7.8,2009-12-01 12:36:00,2009-12-01,17063,United Kingdom,False
489552,22079,2,1.65,3.3,2009-12-01 12:36:00,2009-12-01,17063,United Kingdom,False
489552,21223,2,1.25,2.5,2009-12-01 12:36:00,2009-12-01,17063,United Kingdom,False
489552,21162,4,1.45,5.8,2009-12-01 12:36:00,2009-12-01,17063,United Kingdom,False
489552,85049D,2,1.25,2.5,2009-12-01 12:36:00,2009-12-01,17063,United Kingdom,False
489552,85049H,1,1.25,1.25,2009-12-01 12:36:00,2009-12-01,17063,United Kingdom,False
489552,85049G,3,1.25,3.75,2009-12-01 12:36:00,2009-12-01,17063,United Kingdom,False
489552,22086,2,2.95,5.9,2009-12-01 12:36:00,2009-12-01,17063,United Kingdom,False
489552,22130,18,0.85,15.3,2009-12-01 12:36:00,2009-12-01,17063,United Kingdom,False
489552,72756,9,1.49,13.41,2009-12-01 12:36:00,2009-12-01,17063,United Kingdom,False
489552,84997A,6,3.75,22.5,2009-12-01 12:36:00,2009-12-01,17063,United Kingdom,False
489552,84997D,6,3.75,22.5,2009-12-01 12:36:00,2009-12-01,17063,United Kingdom,False
489552,84997B,6,3.75,22.5,2009-12-01 12:36:00,2009-12-01,17063,United Kingdom,False
489552,84997C,6,3.75,22.5,2009-12-01 12:36:00,2009-12-01,17063,United Kingdom,False
489552,21576,1,2.25,2.25,2009-12-01 12:36:00,2009-12-01,17063,United Kingdom,False
489552,21580,1,2.25,2.25,2009-12-01 12:36:00,2009-12-01,17063,United Kingdom,False
489552,22111,8,4.95,39.6,2009-12-01 12:36:00,2009-12-01,17063,United Kingdom,False
489552,21479,10,3.75,37.5,2009-12-01 12:36:00,2009-12-01,17063,United Kingdom,False
489552,21490,3,1.95,5.85,2009-12-01 12:36:00,2009-12-01,17063,United Kingdom,False
489552,22271,2,2.95,5.9,2009-12-01 12:36:00,2009-12-01,17063,United Kingdom,False
489552,22273,2,2.95,5.9,2009-12-01 12:36:00,2009-12-01,17063,United Kingdom,False
489552,22272,2,2.95,5.9,2009-12-01 12:36:00,2009-12-01,17063,United Kingdom,False
C489553,35004S,-1,6.35,-6.35,2009-12-01 12:41:00,2009-12-01,13545,United Kingdom,True
C489553,35001W,-6,3.49,-20.94,2009-12-01 12:41:00,2009-12-01,13545,United Kingdom,True
C489554,85042,-3,4.25,-12.75,2009-12-01 12:43:00,2009-12-01,13767,United Kingdom,True
C489554,35001B,-2,2.95,-5.9,2009-12-01 12:43:00,2009-12-01,13767,United Kingdom,True
C489555,21260,-6,3.25,-19.5,2009-12-01 12:44:00,2009-12-01,16955,United Kingdom,True
489556,20866,2,1.25,2.5,2009-12-01 12:47:00,2009-12-01,15719,United Kingdom,False
489556,20867,2,1.25,2.5,2009-12-01 12:47:00,2009-12-01,15719,United Kingdom,False
489556,20979,4,1.25,5.0,2009-12-01 12:47:00,2009-12-01,15719,United Kingdom,False
489556,20983,2,0.85,1.7,2009-12-01 12:47:00,2009-12-01,15719,United Kingdom,False
489556,20981,1,0.85,0.85,2009-12-01 12:47:00,2009-12-01,15719,United Kingdom,False
489556,10135,1,1.25,1.25,2009-12-01 12:47:00,2009-12-01,15719,United Kingdom,False
489556,20975,8,0.65,5.2,2009-12-01 12:47:00,2009-12-01,15719,United Kingdom,False
489556,20977,2,1.25,2.5,2009-12-01 12:47:00,2009-12-01,15719,United Kingdom,False
489556,20977,2,1.25,2.5,2009-12-01 12:47:00,2009-12-01,15719,United Kingdom,False
489556,20974,3,0.65,1.95,2009-12-01 12:47:00,2009-12-01,15719,United Kingdom,False
489556,21114,15,1.25,18.75,2009-12-01 12:47:00,2009-12-01,15719,United Kingdom,False
489556,85123A,3,2.95,8.85,2009-12-01 12:47:00,2009-12-01,15719,United Kingdom,False
489556,72760B,2,9.95,19.9,2009-12-01 12:47:00,2009-12-01,15719,United Kingdom,False
489556,85232A,1,4.95,4.95,2009-12-01 12:47:00,2009-12-01,15719,United Kingdom,False
489556,21876,6,1.25,7.5,2009-12-01 12:47:00,2009-12-01,15719,United Kingdom,False
489556,21212,24,0.55,13.2,2009-12-01 12:47:00,2009-12-01,15719,United Kingdom,False
489556,22189,2,3.95,7.9,2009-12-01 12:47:00,2009-12-01,15719,United Kingdom,False
489556,21217,2,9.95,19.9,2009-12-01 12:47:00,2009-12-01,15719,United Kingdom,False
489556,21875,2,1.25,2.5,2009-12-01 12:47:00,2009-12-01,15719,United Kingdom,False
489556,20972,1,1.25,1.25,2009-12-01 12:47:00,2009-12-01,15719,United Kingdom,False
489556,35971,2,1.25,2.5,2009-12-01 12:47:00,2009-12-01,15719,United Kingdom,False
489556,22138,1,4.95,4.95,2009-12-01 12:47:00,2009-12-01,15719,United Kingdom,False
489556,22143,2,2.1,4.2,2009-12-01 12:47:00,2009-12-01,15719,United Kingdom,False
489556,21486,1,3.75,3.75,2009-12-01 12:47:00,2009-12-01,15719,United Kingdom,False
489556,21485,1,4.95,4.95,2009-12-01 12:47:00,2009-12-01,15719,United Kingdom,False
489556,22125,1,5.95,5.95,2009-12-01 12:47:00,2009-12-01,15719,United Kingdom,False
489556,21479,1,3.75,3.75,2009-12-01 12:47:00,2009-12-01,15719,United Kingdom,False
489556,21740,2,2.95,5.9,2009-12-01 12:47:00,2009-12-01,15719,United Kingdom,False
489556,22082,5,1.65,8.25,2009-12-01 12:47:00,2009-12-01,15719,United Kingdom,False
489556,22195,2,1.65,3.3,2009-12-01 12:47:00,2009-12-01,15719,United Kingdom,False
489556,21624,1,5.95,5.95,2009-12-01 12:47:00,2009-12-01,15719,United Kingdom,False
489556,21738,2,2.95,5.9,2009-12-01 12:47:00,2009-12-01,15719,United Kingdom,False
489556,22280,2,2.1,4.2,2009-12-01 12:47:00,2009-12-01,15719,United Kingdom,False
489556,21841,2,4.25,8.5,2009-12-01 12:47:00,2009-12-01,15719,United Kingdom,False
489556,84582,1,4.25,4.25,2009-12-01 12:47:00,2009-12-01,15719,United Kingdom,False
489556,21621,1,8.5,8.5,2009-12-01 12:47:00,2009-12-01,15719,United Kingdom,False
489556,21622,1,4.95,4.95,2009-12-01 12:47:00,2009-12-01,15719,United Kingdom,False
489556,21004,2,4.25,8.5,2009-12-01 12:47:00,2009-12-01,15719,United Kingdom,False
489556,20718,3,1.25,3.75,2009-12-01 12:47:00,2009-12-01,15719,United Kingdom,False
489556,21252,2,2.95,5.9,2009-12-01 12:47:00,2009-12-01,15719,United Kingdom,False
489556,84946,6,1.25,7.5,2009-12-01 12:47:00,2009-12-01,15719,United Kingdom,False
489556,85231B,2,0.85,1.7,2009-12-01 12:47:00,2009-12-01,15719,United Kingdom,False
489556,85231L,1,0.85,0.85,2009-12-01 12:47:00,2009-12-01,15719,United Kingdom,False
489556,20750,1,7.95,7.95,2009-12-01 12:47:00,2009-12-01,15719,United Kingdom,False
489556,82482,4,2.55,10.2,2009-12-01 12:47:00,2009-12-01,15719,United Kingdom,False
489556,85152,4,2.1,8.4,2009-12-01 12:47:00,2009-12-01,15719,United Kingdom,False
489556,21174,2,1.95,3.9,2009-12-01 12:47:00,2009-12-01,15719,United Kingdom,False
489556,20665,1,2.95,2.95,2009-12-01 12:47:00,2009-12-01,15719,United Kingdom,False
489556,82486,2,7.95,15.9,2009-12-01 12:47:00,2009-12-01,15719,United Kingdom,False
489556,84837,1,12.75,12.75,2009-12-01 12:47:00,2009-12-01,15719,United Kingdom,False
489556,20685,2,6.75,13.5,2009-12-01 12:47:00,2009-12-01,15719,United Kingdom,False
489556,48187,1,6.75,6.75,2009-12-01 12:47:00,2009-12-01,15719,United Kingdom,False
489556,21490,3,1.95,5.85,2009-12-01 12:47:00,2009-12-01,15719,United Kingdom,False
489556,21491,6,1.95,11.7,2009-12-01 12:47:00,2009-12-01,15719,United Kingdom,False
489556,21493,2,0.85,1.7,2009-12-01 12:47:00,2009-12-01,15719,United Kingdom,False
489556,21480,4,2.95,11.8,2009-12-01 12:47:00,2009-12-01,15719,United Kingdom,False
489556,21481,2,2.95,5.9,2009-12-01 12:47:00,2009-12-01,15719,United Kingdom,False
489556,21493,8,0.85,6.8,2009-12-01 12:47:00,2009-12-01,15719,United Kingdom,False
489556,35971,4,1.25,5.0,2009-12-01 12:47:00,2009-12-01,15719,United Kingdom,False
489557,21439,12,1.25,15.0,2009-12-01 12:52:00,2009-12-01,12490,France,False
489557,16169D,25,0.42,10.5,2009-12-01 12:52:00,2009-12-01,12490,France,False
489557,16169C,25,0.42,10.5,2009-12-01 12:52:00,2009-12-01,12490,France,False
489557,21017,192,0.72,138.24,2009-12-01 12:52:00,2009-12-01,12490,France,False
489557,21731,24,1.65,39.6,2009-12-01 12:52:00,2009-12-01,12490,France,False
489557,22352,12,2.55,30.6,2009-12-01 12:52:00,2009-12-01,12490,France,False
489557,22353,6,2.55,15.3,2009-12-01 12:52:00,2009-12-01,12490,France,False
489557,20685,2,6.75,13.5,2009-12-01 12:52:00,2009-12-01,12490,France,False
489557,21210,12,1.45,17.4,2009-12-01 12:52:00,2009-12-01,12490,France,False
489557,21212,24,0.55,13.2,2009-12-01 12:52:00,2009-12-01,12490,France,False
489557,21238,16,0.85,13.6,2009-12-01 12:52:00,2009-12-01,12490,France,False
489557,85099B,20,1.95,39.0,2009-12-01 12:52:00,2009-12-01,12490,France,False
489557,20719,10,0.85,8.5,2009-12-01 12:52:00,2009-12-01,12490,France,False
489557,21039,12,2.55,30.6,2009-12-01 12:52:00,2009-12-01,12490,France,False
489557,20712,10,1.95,19.5,2009-12-01 12:52:00,2009-12-01,12490,France,False
489557,20711,10,1.95,19.5,2009-12-01 12:52:00,2009-12-01,12490,France,False
489557,21432,8,5.95,47.6,2009-12-01 12:52:00,2009-12-01,12490,France,False
489557,21424,6,2.95,17.7,2009-12-01 12:52:00,2009-12-01,12490,France,False
489557,21426,6,2.1,12.6,2009-12-01 12:52:00,2009-12-01,12490,France,False
489557,20682,6,3.25,19.5,2009-12-01 12:52:00,2009-12-01,12490,France,False
489557,POST,4,18.0,72.0,2009-12-01 12:52:00,2009-12-01,12490,France,False
489558,84946,72,1.06,76.32,2009-12-01 12:54:00,2009-12-01,15793,United Kingdom,False
489558,21756,6,5.95,35.7,2009-12-01 12:54:00,2009-12-01,15793,United Kingdom,False
489558,21754,12,5.95,71.4,2009-12-01 12:54:00,2009-12-01,15793,United Kingdom,False
489558,84879,64,1.69,108.16,2009-12-01 12:54:00,2009-12-01,15793,United Kingdom,False
489559,22111,2,4.95,9.9,2009-12-01 12:55:00,2009-12-01,17056,United Kingdom,False
489559,22114,1,3.95,3.95,2009-12-01 12:55:00,2009-12-01,17056,United Kingdom,False
489559,22349,1,3.75,3.75,2009-12-01 12:55:00,2009-12-01,17056,United Kingdom,False
489559,21890,1,2.95,2.95,2009-12-01 12:55:00,2009-12-01,17056,United Kingdom,False
489559,21891,1,1.25,1.25,2009-12-01 12:55:00,2009-12-01,17056,United Kingdom,False
489559,21098,6,1.25,7.5,2009-12-01 12:55:00,2009-12-01,17056,United Kingdom,False
489559,22415,2,7.95,15.9,2009-12-01 12:55:00,2009-12-01,17056,United Kingdom,False
489559,85048,12,6.95,83.4,2009-12-01 12:55:00,2009-12-01,17056,United Kingdom,False
489560,17164D,288,0.37,106.56,2009-12-01 12:56:00,2009-12-01,13526,United Kingdom,False
489560,17165D,108,0.85,91.8,2009-12-01 12:56:00,2009-12-01,13526,United Kingdom,False
489560,17165B,288,0.85,244.8,2009-12-01 12:56:00,2009-12-01,13526,United Kingdom,False
489560,35955,33,0.42,13.86,2009-12-01 12:56:00,2009-12-01,13526,United Kingdom,False
489560,85208,1,2.1,2.1,2009-12-01 12:56:00,2009-12-01,13526,United Kingdom,False
489560,90090,12,0.85,10.2,2009-12-01 12:56:00,2009-12-01,13526,United Kingdom,False
489560,90092,3,0.85,2.55,2009-12-01 12:56:00,2009-12-01,13526,United Kingdom,False
489560,16161C,100,0.1,10.0,2009-12-01 12:56:00,2009-12-01,13526,United Kingdom,False
489560,22155,12,0.42,5.04,2009-12-01 12:56:00,2009-12-01,13526,United Kingdom,False
489560,35160,8,0.85,6.8,2009-12-01 12:56:00,2009-12-01,13526,United Kingdom,False
489560,17108D,12,0.42,5.04,2009-12-01 12:56:00,2009-12-01,13526,United Kingdom,False
489560,21805,36,0.42,15.12,2009-12-01 12:56:00,2009-12-01,13526,United Kingdom,False
489560,90125A,12,2.1,25.2,2009-12-01 12:56:00,2009-12-01,13526,United Kingdom,False
489560,84578,1,3.75,3.75,2009-12-01 12:56:00,2009-12-01,13526,United Kingdom,False
489560,84901,1,3.75,3.75,2009-12-01 12:56:00,2009-12-01,13526,United Kingdom,False
489560,84327A,3,2.1,6.3,2009-12-01 12:56:00,2009-12-01,13526,United Kingdom,False
489560,84270,90,0.21,18.9,2009-12-01 12:56:00,2009-12-01,13526,United Kingdom,False
489560,21034,3,0.95,2.85,2009-12-01 12:56:00,2009-12-01,13526,United Kingdom,False
489560,35931,48,0.38,18.24,2009-12-01 12:56:00,2009-12-01,13526,United Kingdom,False
489560,35933,48,0.38,18.24,2009-12-01 12:56:00,2009-12-01,13526,United Kingdom,False
489560,90087,48,0.85,40.8,2009-12-01 12:56:00,2009-12-01,13526,United Kingdom,False
489560,90092,24,0.85,20.4,2009-12-01 12:56:00,2009-12-01,13526,United Kingdom,False
489560,90085,81,0.85,68.85,2009-12-01 12:56:00,2009-12-01,13526,United Kingdom,False
489560,90093,24,0.85,20.4,2009-12-01 12:56:00,2009-12-01,13526,United Kingdom,False
489560,90084,12,0.85,10.2,2009-12-01 12:56:00,2009-12-01,13526,United Kingdom,False
489560,90090,24,0.85,20.4,2009-12-01 12:56:00,2009-12-01,13526,United Kingdom,False
489560,90088,24,0.85,20.4,2009-12-01 12:56:00,2009-12-01,13526,United Kingdom,False
489560,21034,1,0.95,0.95,2009-12-01 12:56:00,2009-12-01,13526,United Kingdom,False
489560,35955,96,0.19,18.24,2009-12-01 12:56:00,2009-12-01,13526,United Kingdom,False
489560,35957,144,0.19,27.36,2009-12-01 12:56:00,2009-12-01,13526,United Kingdom,False
489561,16169D,25,0.42,10.5,2009-12-01 12:57:00,2009-12-01,14654,United Kingdom,False
489561,21805,6,0.42,2.52,2009-12-01 12:57:00,2009-12-01,14654,United Kingdom,False
489561,21807,6,0.42,2.52,2009-12-01 12:57:00,2009-12-01,14654,United Kingdom,False
489561,21806,6,0.42,2.52,2009-12-01 12:57:00,2009-12-01,14654,United Kingdom,False
489561,22294,6,1.25,7.5,2009-12-01 12:57:00,2009-12-01,14654,United Kingdom,False
489561,21815,6,1.45,8.7,2009-12-01 12:57:00,2009-12-01,14654,United Kingdom,False
489561,21816,6,1.45,8.7,2009-12-01 12:57:00,2009-12-01,14654,United Kingdom,False
489561,35051B,6,0.42,2.52,2009-12-01 12:57:00,2009-12-01,14654,United Kingdom,False
489561,22153,48,0.42,20.16,2009-12-01 12:57:00,2009-12-01,14654,United Kingdom,False
489561,20943,6,1.25,7.5,2009-12-01 12:57:00,2009-12-01,14654,United Kingdom,False
489561,72816,6,1.25,7.5,2009-12-01 12:57:00,2009-12-01,14654,United Kingdom,False
489561,85038,6,2.1,12.6,2009-12-01 12:57:00,2009-12-01,14654,United Kingdom,False
489561,20979,16,1.25,20.0,2009-12-01 12:57:00,2009-12-01,14654,United Kingdom,False
489561,20978,16,1.25,20.0,2009-12-01 12:57:00,2009-12-01,14654,United Kingdom,False
489561,20942,1,1.25,1.25,2009-12-01 12:57:00,2009-12-01,14654,United Kingdom,False
489561,84559A,6,0.85,5.1,2009-12-01 12:57:00,2009-12-01,14654,United Kingdom,False
489561,84466,6,1.25,7.5,2009-12-01 12:57:00,2009-12-01,14654,United Kingdom,False
489561,20994,3,0.85,2.55,2009-12-01 12:57:00,2009-12-01,14654,United Kingdom,False
489561,20992,3,0.85,2.55,2009-12-01 12:57:00,2009-12-01,14654,United Kingdom,False
489561,70006,6,1.65,9.9,2009-12-01 12:57:00,2009-12-01,14654,United Kingdom,False
489561,70007,6,1.65,9.9,2009-12-01 12:57:00,2009-12-01,14654,United Kingdom,False
489561,84670,12,0.42,5.04,2009-12-01 12:57:00,2009-12-01,14654,United Kingdom,False
489561,84077,48,0.21,10.08,2009-12-01 12:57:00,2009-12-01,14654,United Kingdom,False
489561,84029C,7,3.75,26.25,2009-12-01 12:57:00,2009-12-01,14654,United Kingdom,False
489561,22111,1,4.95,4.95,2009-12-01 12:57:00,2009-12-01,14654,United Kingdom,False
489561,22113,8,3.45,27.6,2009-12-01 12:57:00,2009-12-01,14654,United Kingdom,False
489561,21034,1,0.95,0.95,2009-12-01 12:57:00,2009-12-01,14654,United Kingdom,False
489562,22336,1,0.65,0.65,2009-12-01 13:07:00,2009-12-01,17998,United Kingdom,False
489562,21817,1,0.85,0.85,2009-12-01 13:07:00,2009-12-01,17998,United Kingdom,False
489562,22156,1,0.85,0.85,2009-12-01 13:07:00,2009-12-01,17998,United Kingdom,False
489562,22338,1,0.65,0.65,2009-12-01 13:07:00,2009-12-01,17998,United Kingdom,False
489562,21825,1,1.45,1.45,2009-12-01 13:07:00,2009-12-01,17998,United Kingdom,False
489562,21822,1,1.95,1.95,2009-12-01 13:07:00,2009-12-01,17998,United Kingdom,False
489562,22276,1,2.55,2.55,2009-12-01 13:07:00,2009-12-01,17998,United Kingdom,False
489562,22277,1,2.1,2.1,2009-12-01 13:07:00,2009-12-01,17998,United Kingdom,False
489562,35979,1,2.95,2.95,2009-12-01 13:07:00,2009-12-01,17998,United Kingdom,False
489562,22169,1,8.5,8.5,2009-12-01 13:07:00,2009-12-01,17998,United Kingdom,False
489562,21700,12,0.85,10.2,2009-12-01 13:07:00,2009-12-01,17998,United Kingdom,False
489562,35071,1,0.85,0.85,2009-12-01 13:07:00,2009-12-01,17998,United Kingdom,False
489562,84270,30,0.21,6.3,2009-12-01 13:07:00,2009-12-01,17998,United Kingdom,False
489562,21890,2,2.95,5.9,2009-12-01 13:07:00,2009-12-01,17998,United Kingdom,False
489562,21891,2,1.25,2.5,2009-12-01 13:07:00,2009-12-01,17998,United Kingdom,False
489562,47566,1,4.65,4.65,2009-12-01 13:07:00,2009-12-01,17998,United Kingdom,False
489562,21344,1,9.95,9.95,2009-12-01 13:07:00,2009-12-01,17998,United Kingdom,False
489562,21755,1,5.95,5.95,2009-12-01 13:07:00,2009-12-01,17998,United Kingdom,False
489562,21477,1,12.75,12.75,2009-12-01 13:07:00,2009-12-01,17998,United Kingdom,False
489562,22143,1,2.1,2.1,2009-12-01 13:07:00,2009-12-01,17998,United Kingdom,False
489562,22142,1,1.45,1.45,2009-12-01 13:07:00,2009-12-01,17998,United Kingdom,False
489562,85047,1,6.35,6.35,2009-12-01 13:07:00,2009-12-01,17998,United Kingdom,False
489562,85099B,2,1.95,3.9,2009-12-01 13:07:00,2009-12-01,17998,United Kingdom,False
489562,21929,2,1.95,3.9,2009-12-01 13:07:00,2009-12-01,17998,United Kingdom,False
489562,22139,1,4.95,4.95,2009-12-01 13:07:00,2009-12-01,17998,United Kingdom,False
489562,20681,1,3.25,3.25,2009-12-01 13:07:00,2009-12-01,17998,United Kingdom,False
489562,85014D,1,5.95,5.95,2009-12-01 13:07:00,2009-12-01,17998,United Kingdom,False
489562,84837,1,12.75,12.75,2009-12-01 13:07:00,2009-12-01,17998,United Kingdom,False
489562,84884A,1,3.95,3.95,2009-12-01 13:07:00,2009-12-01,17998,United Kingdom,False
489562,84648,1,12.75,12.75,2009-12-01 13:07:00,2009-12-01,17998,United Kingdom,False
489562,84472,1,45.95,45.95,2009-12-01 13:07:00,2009-12-01,17998,United Kingdom,False
489562,84910A,1,5.95,5.95,2009-12-01 13:07:00,2009-12-01,17998,United Kingdom,False
489562,84656,1,5.95,5.95,2009-12-01 13:07:00,2009-12-01,17998,United Kingdom,False
489562,84580,1,3.75,3.75,2009-12-01 13:07:00,2009-12-01,17998,United Kingdom,False
489562,84622,2,5.95,11.9,2009-12-01 13:07:00,2009-12-01,17998,United Kingdom,False
489562,22151,24,0.42,10.08,2009-12-01 13:07:00,2009-12-01,17998,United Kingdom,False
489562,35957,1,0.42,0.42,2009-12-01 13:07:00,2009-12-01,17998,United Kingdom,False
489562,35962,1,2.1,2.1,2009-12-01 13:07:00,2009-12-01,17998,United Kingdom,False
489562,22337,1,0.65,0.65,2009-12-01 13:07:00,2009-12-01,17998,United Kingdom,False
C489563,90088,-24,0.85,-20.4,2009-12-01 13:09:00,2009-12-01,13526,United Kingdom,True
C489563,90090,-24,0.85,-20.4,2009-12-01 13:09:00,2009-12-01,13526,United Kingdom,True
C489563,90084,-12,0.85,-10.2,2009-12-01 13:09:00,2009-12-01,13526,United Kingdom,True
C489563,90093,-24,0.85,-20.4,2009-12-01 13:09:00,2009-12-01,13526,United Kingdom,True
C489563,90085,-81,0.85,-68.85,2009-12-01 13:09:00,2009-12-01,13526,United Kingdom,True
C489563,90092,-24,0.85,-20.4,2009-12-01 13:09:00,2009-12-01,13526,United Kingdom,True
C489563,90087,-48,0.85,-40.8,2009-12-01 13:09:00,2009-12-01,13526,United Kingdom,True
C489563,90092,-3,0.85,-2.55,2009-12-01 13:09:00,2009-12-01,13526,United Kingdom,True
C489563,90090,-12,0.85,-10.2,2009-12-01 13:09:00,2009-12-01,13526,United Kingdom,True
489564,90090,36,0.85,30.6,2009-12-01 13:13:00,2009-12-01,13526,United Kingdom,False
489564,90125C,12,2.1,25.2,2009-12-01 13:13:00,2009-12-01,13526,United Kingdom,False
489564,90125D,12,2.1,25.2,2009-12-01 13:13:00,2009-12-01,13526,United Kingdom,False
489564,90214H,2,1.25,2.5,2009-12-01 13:13:00,2009-12-01,13526,United Kingdom,False
489564,90125A,12,2.1,25.2,2009-12-01 13:13:00,2009-12-01,13526,United Kingdom,False
489564,90085,81,0.85,68.85,2009-12-01 13:13:00,2009-12-01,13526,United Kingdom,False
489564,90092,24,0.85,20.4,2009-12-01 13:13:00,2009-12-01,13526,United Kingdom,False
489564,90087,48,0.85,40.8,2009-12-01 13:13:00,2009-12-01,13526,United Kingdom,False
489564,90092,3,0.85,2.55,2009-12-01 13:13:00,2009-12-01,13526,United Kingdom,False
489564,90090,12,0.85,10.2,2009-12-01 13:13:00,2009-12-01,13526,United Kingdom,False
489564,90088,24,0.85,20.4,2009-12-01 13:13:00,2009-12-01,13526,United Kingdom,False
489564,90090,24,0.85,20.4,2009-12-01 13:13:00,2009-12-01,13526,United Kingdom,False
489564,90084,12,0.85,10.2,2009-12-01 13:13:00,2009-12-01,13526,United Kingdom,False
489564,90093,24,0.85,20.4,2009-12-01 13:13:00,2009-12-01,13526,United Kingdom,False
C489565,90125A,-12,2.1,-25.2,2009-12-01 13:14:00,2009-12-01,13526,United Kingdom,True
489566,20901,6,6.35,38.1,2009-12-01 13:16:00,2009-12-01,17742,United Kingdom,False
489566,82483,3,5.95,17.85,2009-12-01 13:16:00,2009-12-01,17742,United Kingdom,False
489566,22172,2,8.5,17.0,2009-12-01 13:16:00,2009-12-01,17742,United Kingdom,False
489566,22282,4,12.75,51.0,2009-12-01 13:16:00,2009-12-01,17742,United Kingdom,False
489566,85067,2,18.95,37.9,2009-12-01 13:16:00,2009-12-01,17742,United Kingdom,False
489566,21299,2,12.75,25.5,2009-12-01 13:16:00,2009-12-01,17742,United Kingdom,False
489566,21156,8,1.95,15.6,2009-12-01 13:16:00,2009-12-01,17742,United Kingdom,False
489566,47591D,8,1.95,15.6,2009-12-01 13:16:00,2009-12-01,17742,United Kingdom,False
489567,84352,2,16.95,33.9,2009-12-01 13:19:00,2009-12-01,15326,United Kingdom,False
489567,22113,4,3.45,13.8,2009-12-01 13:19:00,2009-12-01,15326,United Kingdom,False
489567,85150,6,2.55,15.3,2009-12-01 13:19:00,2009-12-01,15326,United Kingdom,False
489567,21908,6,2.1,12.6,2009-12-01 13:19:00,2009-12-01,15326,United Kingdom,False
489567,21480,6,2.95,17.7,2009-12-01 13:19:00,2009-12-01,15326,United Kingdom,False
489567,84029E,4,3.75,15.0,2009-12-01 13:19:00,2009-12-01,15326,United Kingdom,False
489567,21172,12,1.45,17.4,2009-12-01 13:19:00,2009-12-01,15326,United Kingdom,False
489567,72127,6,1.25,7.5,2009-12-01 13:19:00,2009-12-01,15326,United Kingdom,False
489567,48195,2,6.75,13.5,2009-12-01 13:19:00,2009-12-01,15326,United Kingdom,False
489567,21976,24,0.55,13.2,2009-12-01 13:19:00,2009-12-01,15326,United Kingdom,False
489567,84992,24,0.55,13.2,2009-12-01 13:19:00,2009-12-01,15326,United Kingdom,False
489567,84929,24,0.55,13.2,2009-12-01 13:19:00,2009-12-01,15326,United Kingdom,False
489567,85216,12,0.65,7.8,2009-12-01 13:19:00,2009-12-01,15326,United Kingdom,False
489567,21649,6,2.95,17.7,2009-12-01 13:19:00,2009-12-01,15326,United Kingdom,False
489567,85042,4,4.95,19.8,2009-12-01 13:19:00,2009-12-01,15326,United Kingdom,False
489567,21463,2,5.95,11.9,2009-12-01 13:19:00,2009-12-01,15326,United Kingdom,False
489567,85162A,1,9.95,9.95,2009-12-01 13:19:00,2009-12-01,15326,United Kingdom,False
489567,21761,1,29.95,29.95,2009-12-01 13:19:00,2009-12-01,15326,United Kingdom,False
489567,84839,2,6.75,13.5,2009-12-01 13:19:00,2009-12-01,15326,United Kingdom,False
489567,85064,2,5.45,10.9,2009-12-01 13:19:00,2009-12-01,15326,United Kingdom,False
489569,22415,1,7.95,7.95,2009-12-01 13:20:00,2009-12-01,14478,United Kingdom,False
489569,72801F,6,1.25,7.5,2009-12-01 13:20:00,2009-12-01,14478,United Kingdom,False
489569,84706C,1,8.95,8.95,2009-12-01 13:20:00,2009-12-01,14478,United Kingdom,False
489569,22294,24,1.25,30.0,2009-12-01 13:20:00,2009-12-01,14478,United Kingdom,False
489569,22086,5,2.95,14.75,2009-12-01 13:20:00,2009-12-01,14478,United Kingdom,False
489569,22156,36,0.85,30.6,2009-12-01 13:20:00,2009-12-01,14478,United Kingdom,False
489569,22178,12,1.25,15.0,2009-12-01 13:20:00,2009-12-01,14478,United Kingdom,False
489569,72760B,1,9.95,9.95,2009-12-01 13:20:00,2009-12-01,14478,United Kingdom,False
489569,21807,36,0.42,15.12,2009-12-01 13:20:00,2009-12-01,14478,United Kingdom,False
489569,22154,48,0.42,20.16,2009-12-01 13:20:00,2009-12-01,14478,United Kingdom,False
489569,21805,36,0.42,15.12,2009-12-01 13:20:00,2009-12-01,14478,United Kingdom,False
489569,22155,48,0.42,20.16,2009-12-01 13:20:00,2009-12-01,14478,United Kingdom,False
489569,84839,2,6.75,13.5,2009-12-01 13:20:00,2009-12-01,14478,United Kingdom,False
489569,21868,6,1.25,7.5,2009-12-01 13:20:00,2009-12-01,14478,United Kingdom,False
489569,21806,36,0.42,15.12,2009-12-01 13:20:00,2009-12-01,14478,United Kingdom,False
489569,21804,12,3.75,45.0,2009-12-01 13:20:00,2009-12-01,14478,United Kingdom,False
489569,21707,1,4.95,4.95,2009-12-01 13:20:00,2009-12-01,14478,United Kingdom,False
489569,21034,1,0.95,0.95,2009-12-01 13:20:00,2009-12-01,14478,United Kingdom,False
C489568,22107,-1,3.75,-3.75,2009-12-01 13:20:00,2009-12-01,15005,United Kingdom,True
C489568,82483,-1,5.95,-5.95,2009-12-01 13:20:00,2009-12-01,15005,United Kingdom,True
C489568,22138,-1,4.95,-4.95,2009-12-01 13:20:00,2009-12-01,15005,United Kingdom,True
C489568,21218,-1,3.75,-3.75,2009-12-01 13:20:00,2009-12-01,15005,United Kingdom,True
C489570,79323W,-1,6.75,-6.75,2009-12-01 13:28:00,2009-12-01,15967,United Kingdom,True
C489570,15056N,-1,5.95,-5.95,2009-12-01 13:28:00,2009-12-01,15967,United Kingdom,True
C489570,85103,-1,6.75,-6.75,2009-12-01 13:28:00,2009-12-01,15967,United Kingdom,True
C489570,20894,-1,2.95,-2.95,2009-12-01 13:28:00,2009-12-01,15967,United Kingdom,True
489571,22189,2,3.95,7.9,2009-12-01 13:29:00,2009-12-01,15967,United Kingdom,False
489571,85036C,1,4.25,4.25,2009-12-01 13:29:00,2009-12-01,15967,United Kingdom,False
489571,20967,1,3.75,3.75,2009-12-01 13:29:00,2009-12-01,15967,United Kingdom,False
489571,20975,1,0.65,0.65,2009-12-01 13:29:00,2009-12-01,15967,United Kingdom,False
489571,79323W,1,6.75,6.75,2009-12-01 13:29:00,2009-12-01,15967,United Kingdom,False
489571,85099C,2,1.95,3.9,2009-12-01 13:29:00,2009-12-01,15967,United Kingdom,False
489571,22162,5,2.95,14.75,2009-12-01 13:29:00,2009-12-01,15967,United Kingdom,False
489571,22296,4,1.65,6.6,2009-12-01 13:29:00,2009-12-01,15967,United Kingdom,False
489571,22297,8,1.25,10.0,2009-12-01 13:29:00,2009-12-01,15967,United Kingdom,False
489571,16237,1,0.21,0.21,2009-12-01 13:29:00,2009-12-01,15967,United Kingdom,False
489571,84836,2,1.25,2.5,2009-12-01 13:29:00,2009-12-01,15967,United Kingdom,False
489571,85104,1,2.95,2.95,2009-12-01 13:29:00,2009-12-01,15967,United Kingdom,False
489571,84813,2,12.75,25.5,2009-12-01 13:29:00,2009-12-01,15967,United Kingdom,False
489571,22273,1,2.95,2.95,2009-12-01 13:29:00,2009-12-01,15967,United Kingdom,False
489571,22272,1,2.95,2.95,2009-12-01 13:29:00,2009-12-01,15967,United Kingdom,False
489571,22271,1,2.95,2.95,2009-12-01 13:29:00,2009-12-01,15967,United Kingdom,False
489571,21181,1,2.1,2.1,2009-12-01 13:29:00,2009-12-01,15967,United Kingdom,False
489571,21484,1,3.45,3.45,2009-12-01 13:29:00,2009-12-01,15967,United Kingdom,False
489571,21479,1,3.75,3.75,2009-12-01 13:29:00,2009-12-01,15967,United Kingdom,False
489571,21621,2,8.5,17.0,2009-12-01 13:29:00,2009-12-01,15967,United Kingdom,False
489571,21590,1,1.25,1.25,2009-12-01 13:29:00,2009-12-01,15967,United Kingdom,False
489571,21587,1,2.55,2.55,2009-12-01 13:29:00,2009-12-01,15967,United Kingdom,False
489571,21730,1,4.95,4.95,2009-12-01 13:29:00,2009-12-01,15967,United Kingdom,False
489571,22138,1,4.95,4.95,2009-12-01 13:29:00,2009-12-01,15967,United Kingdom,False
489571,20894,1,2.95,2.95,2009-12-01 13:29:00,2009-12-01,15967,United Kingdom,False
489571,72799D,2,2.95,5.9,2009-12-01 13:29:00,2009-12-01,15967,United Kingdom,False
489571,21741,1,2.95,2.95,2009-12-01 13:29:00,2009-12-01,15967,United Kingdom,False
489571,21740,1,2.95,2.95,2009-12-01 13:29:00,2009-12-01,15967,United Kingdom,False
489571,85071D,1,2.55,2.55,2009-12-01 13:29:00,2009-12-01,15967,United Kingdom,False
489571,21724,1,0.85,0.85,2009-12-01 13:29:00,2009-12-01,15967,United Kingdom,False
489572,22081,5,1.65,8.25,2009-12-01 13:29:00,2009-12-01,17611,United Kingdom,False
489572,22415,1,7.95,7.95,2009-12-01 13:29:00,2009-12-01,17611,United Kingdom,False
489572,48187,2,6.75,13.5,2009-12-01 13:29:00,2009-12-01,17611,United Kingdom,False
489572,20685,2,6.75,13.5,2009-12-01 13:29:00,2009-12-01,17611,United Kingdom,False
489572,48173C,2,6.75,13.5,2009-12-01 13:29:00,2009-12-01,17611,United Kingdom,False
489572,21524,1,6.75,6.75,2009-12-01 13:29:00,2009-12-01,17611,United Kingdom,False
489572,48197,1,6.75,6.75,2009-12-01 13:29:00,2009-12-01,17611,United Kingdom,False
489572,84684,2,2.55,5.1,2009-12-01 13:29:00,2009-12-01,17611,United Kingdom,False
489572,20812,2,2.55,5.1,2009-12-01 13:29:00,2009-12-01,17611,United Kingdom,False
489572,82494L,2,2.95,5.9,2009-12-01 13:29:00,2009-12-01,17611,United Kingdom,False
489572,22035,12,0.42,5.04,2009-12-01 13:29:00,2009-12-01,17611,United Kingdom,False
489572,21508,12,0.42,5.04,2009-12-01 13:29:00,2009-12-01,17611,United Kingdom,False
489572,22029,12,0.42,5.04,2009-12-01 13:29:00,2009-12-01,17611,United Kingdom,False
489572,22027,12,0.42,5.04,2009-12-01 13:29:00,2009-12-01,17611,United Kingdom,False
489572,82482,2,2.55,5.1,2009-12-01 13:29:00,2009-12-01,17611,United Kingdom,False
489572,21333,2,2.95,5.9,2009-12-01 13:29:00,2009-12-01,17611,United Kingdom,False
489572,22297,5,1.25,6.25,2009-12-01 13:29:00,2009-12-01,17611,United Kingdom,False
489572,85059,2,3.75,7.5,2009-12-01 13:29:00,2009-12-01,17611,United Kingdom,False
489572,21928,2,1.95,3.9,2009-12-01 13:29:00,2009-12-01,17611,United Kingdom,False
489572,85099C,2,1.95,3.9,2009-12-01 13:29:00,2009-12-01,17611,United Kingdom,False
489572,22197,2,0.85,1.7,2009-12-01 13:29:00,2009-12-01,17611,United Kingdom,False
489572,21465,1,3.75,3.75,2009-12-01 13:29:00,2009-12-01,17611,United Kingdom,False
489572,21466,1,3.75,3.75,2009-12-01 13:29:00,2009-12-01,17611,United Kingdom,False
489572,21467,1,3.75,3.75,2009-12-01 13:29:00,2009-12-01,17611,United Kingdom,False
489572,21470,1,3.75,3.75,2009-12-01 13:29:00,2009-12-01,17611,United Kingdom,False
489572,21472,1,3.75,3.75,2009-12-01 13:29:00,2009-12-01,17611,United Kingdom,False
489572,21471,1,3.75,3.75,2009-12-01 13:29:00,2009-12-01,17611,United Kingdom,False
489572,85014B,1,5.95,5.95,2009-12-01 13:29:00,2009-12-01,17611,United Kingdom,False
489572,85014C,1,5.95,5.95,2009-12-01 13:29:00,2009-12-01,17611,United Kingdom,False
489572,85014A,1,5.95,5.95,2009-12-01 13:29:00,2009-12-01,17611,United Kingdom,False
489572,85014D,1,5.95,5.95,2009-12-01 13:29:00,2009-12-01,17611,United Kingdom,False
489572,22300,6,2.55,15.3,2009-12-01 13:29:00,2009-12-01,17611,United Kingdom,False
489572,84946,6,1.25,7.5,2009-12-01 13:29:00,2009-12-01,17611,United Kingdom,False
489572,84977,6,1.25,7.5,2009-12-01 13:29:00,2009-12-01,17611,United Kingdom,False
489572,21034,1,0.95,0.95,2009-12-01 13:29:00,2009-12-01,17611,United Kingdom,False
489572,22178,6,1.25,7.5,2009-12-01 13:29:00,2009-12-01,17611,United Kingdom,False
489572,21314,4,2.1,8.4,2009-12-01 13:29:00,2009-12-01,17611,United Kingdom,False
489572,84975,6,1.69,10.14,2009-12-01 13:29:00,2009-12-01,17611,United Kingdom,False
489572,21949,1,1.25,1.25,2009-12-01 13:29:00,2009-12-01,17611,United Kingdom,False
489572,21948,5,1.25,6.25,2009-12-01 13:29:00,2009-12-01,17611,United Kingdom,False
489572,21947,3,1.25,3.75,2009-12-01 13:29:00,2009-12-01,17611,United Kingdom,False
489572,22079,5,1.65,8.25,2009-12-01 13:29:00,2009-12-01,17611,United Kingdom,False
489572,22080,5,1.65,8.25,2009-12-01 13:29:00,2009-12-01,17611,United Kingdom,False
489572,22082,5,1.65,8.25,2009-12-01 13:29:00,2009-12-01,17611,United Kingdom,False
489572,21538,2,3.75,7.5,2009-12-01 13:29:00,2009-12-01,17611,United Kingdom,False
489572,21534,2,4.95,9.9,2009-12-01 13:29:00,2009-12-01,17611,United Kingdom,False
489572,21528,2,6.95,13.9,2009-12-01 13:29:00,2009-12-01,17611,United Kingdom,False
489572,21548,1,2.95,2.95,2009-12-01 13:29:00,2009-12-01,17611,United Kingdom,False
489572,21684,12,0.85,10.2,2009-12-01 13:29:00,2009-12-01,17611,United Kingdom,False
489572,21549,1,2.95,2.95,2009-12-01 13:29:00,2009-12-01,17611,United Kingdom,False
489572,21545,1,2.95,2.95,2009-12-01 13:29:00,2009-12-01,17611,United Kingdom,False
489572,21547,1,2.95,2.95,2009-12-01 13:29:00,2009-12-01,17611,United Kingdom,False
489572,21540,2,4.25,8.5,2009-12-01 13:29:00,2009-12-01,17611,United Kingdom,False
489572,85054,2,2.95,5.9,2009-12-01 13:29:00,2009-12-01,17611,United Kingdom,False
489572,85053,2,2.1,4.2,2009-12-01 13:29:00,2009-12-01,17611,United Kingdom,False
489572,21532,2,2.1,4.2,2009-12-01 13:29:00,2009-12-01,17611,United Kingdom,False
489572,21530,2,2.95,5.9,2009-12-01 13:29:00,2009-12-01,17611,United Kingdom,False
489572,37444A,2,2.95,5.9,2009-12-01 13:29:00,2009-12-01,17611,United Kingdom,False
489572,37444B,2,2.95,5.9,2009-12-01 13:29:00,2009-12-01,17611,United Kingdom,False
489573,21955,3,6.75,20.25,2009-12-01 13:29:00,2009-12-01,15051,United Kingdom,False
489573,22294,24,1.25,30.0,2009-12-01 13:29:00,2009-12-01,15051,United Kingdom,False
489573,22042,12,0.42,5.04,2009-12-01 13:29:00,2009-12-01,15051,United Kingdom,False
489573,84247C,1,2.95,2.95,2009-12-01 13:29:00,2009-12-01,15051,United Kingdom,False
489573,22034,12,0.42,5.04,2009-12-01 13:29:00,2009-12-01,15051,United Kingdom,False
489573,84754,12,1.25,15.0,2009-12-01 13:29:00,2009-12-01,15051,United Kingdom,False
489573,84949,6,1.65,9.9,2009-12-01 13:29:00,2009-12-01,15051,United Kingdom,False
489573,22295,24,1.65,39.6,2009-12-01 13:29:00,2009-12-01,15051,United Kingdom,False
489573,21912,3,3.75,11.25,2009-12-01 13:29:00,2009-12-01,15051,United Kingdom,False
489573,21888,4,3.75,15.0,2009-12-01 13:29:00,2009-12-01,15051,United Kingdom,False
489573,21754,5,5.95,29.75,2009-12-01 13:29:00,2009-12-01,15051,United Kingdom,False
489573,21313,12,0.85,10.2,2009-12-01 13:29:00,2009-12-01,15051,United Kingdom,False
489573,84509A,1,3.75,3.75,2009-12-01 13:29:00,2009-12-01,15051,United Kingdom,False
489573,84946,30,1.25,37.5,2009-12-01 13:29:00,2009-12-01,15051,United Kingdom,False
489573,84510A,1,1.25,1.25,2009-12-01 13:29:00,2009-12-01,15051,United Kingdom,False
489573,21587,12,2.55,30.6,2009-12-01 13:29:00,2009-12-01,15051,United Kingdom,False
489573,72008,12,0.42,5.04,2009-12-01 13:29:00,2009-12-01,15051,United Kingdom,False
489573,22071,4,3.75,15.0,2009-12-01 13:29:00,2009-12-01,15051,United Kingdom,False
489573,84340,1,2.55,2.55,2009-12-01 13:29:00,2009-12-01,15051,United Kingdom,False
489573,22070,4,3.75,15.0,2009-12-01 13:29:00,2009-12-01,15051,United Kingdom,False
489573,84997B,4,3.75,15.0,2009-12-01 13:29:00,2009-12-01,15051,United Kingdom,False
489573,84997C,4,3.75,15.0,2009-12-01 13:29:00,2009-12-01,15051,United Kingdom,False
489573,22186,11,2.95,32.45,2009-12-01 13:29:00,2009-12-01,15051,United Kingdom,False
489573,22139,3,4.95,14.85,2009-12-01 13:29:00,2009-12-01,15051,United Kingdom,False
489573,21625,7,6.95,48.65,2009-12-01 13:29:00,2009-12-01,15051,United Kingdom,False
489573,21326,60,0.65,39.0,2009-12-01 13:29:00,2009-12-01,15051,United Kingdom,False
489573,18096C,6,2.55,15.3,2009-12-01 13:29:00,2009-12-01,15051,United Kingdom,False
489573,18097C,6,2.55,15.3,2009-12-01 13:29:00,2009-12-01,15051,United Kingdom,False
489573,22113,12,3.45,41.4,2009-12-01 13:29:00,2009-12-01,15051,United Kingdom,False
489573,85147,4,4.95,19.8,2009-12-01 13:29:00,2009-12-01,15051,United Kingdom,False
489573,21868,3,1.25,3.75,2009-12-01 13:29:00,2009-12-01,15051,United Kingdom,False
489573,22138,3,4.95,14.85,2009-12-01 13:29:00,2009-12-01,15051,United Kingdom,False
489572,37444C,2,2.95,5.9,2009-12-01 13:29:00,2009-12-01,17611,United Kingdom,False
489572,85055,2,3.75,7.5,2009-12-01 13:29:00,2009-12-01,17611,United Kingdom,False
489572,85028L,2,7.95,15.9,2009-12-01 13:29:00,2009-12-01,17611,United Kingdom,False
489572,85028S,2,4.95,9.9,2009-12-01 13:29:00,2009-12-01,17611,United Kingdom,False
489572,22145,2,2.1,4.2,2009-12-01 13:29:00,2009-12-01,17611,United Kingdom,False
489572,22142,2,1.45,2.9,2009-12-01 13:29:00,2009-12-01,17611,United Kingdom,False
489572,21491,1,1.95,1.95,2009-12-01 13:29:00,2009-12-01,17611,United Kingdom,False
489572,21490,2,1.95,3.9,2009-12-01 13:29:00,2009-12-01,17611,United Kingdom,False
489572,21214,2,1.45,2.9,2009-12-01 13:29:00,2009-12-01,17611,United Kingdom,False
489572,84985B,2,1.45,2.9,2009-12-01 13:29:00,2009-12-01,17611,United Kingdom,False
489572,84985A,2,1.45,2.9,2009-12-01 13:29:00,2009-12-01,17611,United Kingdom,False
489572,20987,2,1.95,3.9,2009-12-01 13:29:00,2009-12-01,17611,United Kingdom,False
489572,20989,2,1.95,3.9,2009-12-01 13:29:00,2009-12-01,17611,United Kingdom,False
489572,47021G,4,1.25,5.0,2009-12-01 13:29:00,2009-12-01,17611,United Kingdom,False
489572,21911,4,1.65,6.6,2009-12-01 13:29:00,2009-12-01,17611,United Kingdom,False
489572,21070,2,1.25,2.5,2009-12-01 13:29:00,2009-12-01,17611,United Kingdom,False
489572,21066,2,1.25,2.5,2009-12-01 13:29:00,2009-12-01,17611,United Kingdom,False
489572,21067,2,1.25,2.5,2009-12-01 13:29:00,2009-12-01,17611,United Kingdom,False
489572,21069,2,1.25,2.5,2009-12-01 13:29:00,2009-12-01,17611,United Kingdom,False
489572,21986,12,0.29,3.48,2009-12-01 13:29:00,2009-12-01,17611,United Kingdom,False
489572,21985,12,0.29,3.48,2009-12-01 13:29:00,2009-12-01,17611,United Kingdom,False
489572,21980,12,0.29,3.48,2009-12-01 13:29:00,2009-12-01,17611,United Kingdom,False
489572,22325,3,4.95,14.85,2009-12-01 13:29:00,2009-12-01,17611,United Kingdom,False
489572,22320,3,5.95,17.85,2009-12-01 13:29:00,2009-12-01,17611,United Kingdom,False
489574,21524,2,6.75,13.5,2009-12-01 13:31:00,2009-12-01,13097,United Kingdom,False
489574,48187,1,6.75,6.75,2009-12-01 13:31:00,2009-12-01,13097,United Kingdom,False
489574,48185,1,6.75,6.75,2009-12-01 13:31:00,2009-12-01,13097,United Kingdom,False
489574,20940,1,2.95,2.95,2009-12-01 13:31:00,2009-12-01,13097,United Kingdom,False
489574,72798C,1,1.65,1.65,2009-12-01 13:31:00,2009-12-01,13097,United Kingdom,False
489574,40018F,10,1.95,19.5,2009-12-01 13:31:00,2009-12-01,13097,United Kingdom,False
489574,40018E,10,1.95,19.5,2009-12-01 13:31:00,2009-12-01,13097,United Kingdom,False
489574,85014B,2,5.95,11.9,2009-12-01 13:31:00,2009-12-01,13097,United Kingdom,False
489574,85014D,2,5.95,11.9,2009-12-01 13:31:00,2009-12-01,13097,United Kingdom,False
489574,85014C,2,5.95,11.9,2009-12-01 13:31:00,2009-12-01,13097,United Kingdom,False
489574,85014A,2,5.95,11.9,2009-12-01 13:31:00,2009-12-01,13097,United Kingdom,False
489574,85178,10,1.25,12.5,2009-12-01 13:31:00,2009-12-01,13097,United Kingdom,False
489574,85176,12,0.85,10.2,2009-12-01 13:31:00,2009-12-01,13097,United Kingdom,False
489574,22035,24,0.42,10.08,2009-12-01 13:31:00,2009-12-01,13097,United Kingdom,False
489574,22037,24,0.42,10.08,2009-12-01 13:31:00,2009-12-01,13097,United Kingdom,False
489574,21893,3,4.25,12.75,2009-12-01 13:31:00,2009-12-01,13097,United Kingdom,False
489574,21745,4,3.75,15.0,2009-12-01 13:31:00,2009-12-01,13097,United Kingdom,False
489574,17084J,2,0.21,0.42,2009-12-01 13:31:00,2009-12-01,13097,United Kingdom,False
489574,71279,2,2.95,5.9,2009-12-01 13:31:00,2009-12-01,13097,United Kingdom,False
489574,21417,2,2.1,4.2,2009-12-01 13:31:00,2009-12-01,13097,United Kingdom,False
489574,22083,5,2.95,14.75,2009-12-01 13:31:00,2009-12-01,13097,United Kingdom,False
489574,22125,2,5.95,11.9,2009-12-01 13:31:00,2009-12-01,13097,United Kingdom,False
489574,22088,1,2.95,2.95,2009-12-01 13:31:00,2009-12-01,13097,United Kingdom,False
489574,22093,3,1.25,3.75,2009-12-01 13:31:00,2009-12-01,13097,United Kingdom,False
489574,84288B,1,1.95,1.95,2009-12-01 13:31:00,2009-12-01,13097,United Kingdom,False
489574,21741,3,2.95,8.85,2009-12-01 13:31:00,2009-12-01,13097,United Kingdom,False
489574,21740,3,2.95,8.85,2009-12-01 13:31:00,2009-12-01,13097,United Kingdom,False
489574,35924,3,2.1,6.3,2009-12-01 13:31:00,2009-12-01,13097,United Kingdom,False
489574,20941,4,1.25,5.0,2009-12-01 13:31:00,2009-12-01,13097,United Kingdom,False
489574,22138,4,4.95,19.8,2009-12-01 13:31:00,2009-12-01,13097,United Kingdom,False
489574,21868,6,1.25,7.5,2009-12-01 13:31:00,2009-12-01,13097,United Kingdom,False
489574,82567,2,2.1,4.2,2009-12-01 13:31:00,2009-12-01,13097,United Kingdom,False
489574,22088,2,2.95,5.9,2009-12-01 13:31:00,2009-12-01,13097,United Kingdom,False
489574,22222,2,4.95,9.9,2009-12-01 13:31:00,2009-12-01,13097,United Kingdom,False
489574,85232A,1,4.95,4.95,2009-12-01 13:31:00,2009-12-01,13097,United Kingdom,False
489574,21548,1,2.95,2.95,2009-12-01 13:31:00,2009-12-01,13097,United Kingdom,False
489574,21547,1,2.95,2.95,2009-12-01 13:31:00,2009-12-01,13097,United Kingdom,False
489574,21534,3,4.95,14.85,2009-12-01 13:31:00,2009-12-01,13097,United Kingdom,False
489574,21553,1,5.95,5.95,2009-12-01 13:31:00,2009-12-01,13097,United Kingdom,False
489574,21554,1,5.95,5.95,2009-12-01 13:31:00,2009-12-01,13097,United Kingdom,False
489574,21481,2,2.95,5.9,2009-12-01 13:31:00,2009-12-01,13097,United Kingdom,False
489574,21482,3,2.95,8.85,2009-12-01 13:31:00,2009-12-01,13097,United Kingdom,False
489574,85232D,2,4.95,9.9,2009-12-01 13:31:00,2009-12-01,13097,United Kingdom,False
489574,16169C,25,0.42,10.5,2009-12-01 13:31:00,2009-12-01,13097,United Kingdom,False
489574,22215,2,8.5,17.0,2009-12-01 13:31:00,2009-12-01,13097,United Kingdom,False
489574,20804,4,1.65,6.6,2009-12-01 13:31:00,2009-12-01,13097,United Kingdom,False
489574,21260,6,3.25,19.5,2009-12-01 13:31:00,2009-12-01,13097,United Kingdom,False
489574,20804,4,1.65,6.6,2009-12-01 13:31:00,2009-12-01,13097,United Kingdom,False
489574,21875,6,1.25,7.5,2009-12-01 13:31:00,2009-12-01,13097,United Kingdom,False
489574,21016,4,0.85,3.4,2009-12-01 13:31:00,2009-12-01,13097,United Kingdom,False
489574,21015,4,0.85,3.4,2009-12-01 13:31:00,2009-12-01,13097,United Kingdom,False
489574,21014,4,0.85,3.4,2009-12-01 13:31:00,2009-12-01,13097,United Kingdom,False
489574,21917,10,0.42,4.2,2009-12-01 13:31:00,2009-12-01,13097,United Kingdom,False
489574,21916,10,0.42,4.2,2009-12-01 13:31:00,2009-12-01,13097,United Kingdom,False
489574,21918,10,0.42,4.2,2009-12-01 13:31:00,2009-12-01,13097,United Kingdom,False
489574,21791,10,1.25,12.5,2009-12-01 13:31:00,2009-12-01,13097,United Kingdom,False
489574,21889,12,1.25,15.0,2009-12-01 13:31:00,2009-12-01,13097,United Kingdom,False
489574,21098,3,1.25,3.75,2009-12-01 13:31:00,2009-12-01,13097,United Kingdom,False
489574,21231,1,1.25,1.25,2009-12-01 13:31:00,2009-12-01,13097,United Kingdom,False
489574,21232,4,1.25,5.0,2009-12-01 13:31:00,2009-12-01,13097,United Kingdom,False
489574,10135,10,1.25,12.5,2009-12-01 13:31:00,2009-12-01,13097,United Kingdom,False
489574,21491,2,1.95,3.9,2009-12-01 13:31:00,2009-12-01,13097,United Kingdom,False
489574,21888,3,3.75,11.25,2009-12-01 13:31:00,2009-12-01,13097,United Kingdom,False
489574,21913,3,3.75,11.25,2009-12-01 13:31:00,2009-12-01,13097,United Kingdom,False
489574,21912,3,3.75,11.25,2009-12-01 13:31:00,2009-12-01,13097,United Kingdom,False
489575,35957,96,0.19,18.24,2009-12-01 13:37:00,2009-12-01,13590,United Kingdom,False
489575,22138,3,4.95,14.85,2009-12-01 13:37:00,2009-12-01,13590,United Kingdom,False
489575,85150,6,2.55,15.3,2009-12-01 13:37:00,2009-12-01,13590,United Kingdom,False
489575,21232,12,1.25,15.0,2009-12-01 13:37:00,2009-12-01,13590,United Kingdom,False
489575,22069,12,1.65,19.8,2009-12-01 13:37:00,2009-12-01,13590,United Kingdom,False
489575,84997A,6,3.75,22.5,2009-12-01 13:37:00,2009-12-01,13590,United Kingdom,False
489575,84997B,6,3.75,22.5,2009-12-01 13:37:00,2009-12-01,13590,United Kingdom,False
489575,47591D,8,1.95,15.6,2009-12-01 13:37:00,2009-12-01,13590,United Kingdom,False
489575,47591C,8,1.95,15.6,2009-12-01 13:37:00,2009-12-01,13590,United Kingdom,False
489575,21175,6,2.1,12.6,2009-12-01 13:37:00,2009-12-01,13590,United Kingdom,False
489575,21098,12,1.25,15.0,2009-12-01 13:37:00,2009-12-01,13590,United Kingdom,False
489575,22064,12,1.65,19.8,2009-12-01 13:37:00,2009-12-01,13590,United Kingdom,False
489575,22415,1,7.95,7.95,2009-12-01 13:37:00,2009-12-01,13590,United Kingdom,False
489575,48111,2,6.75,13.5,2009-12-01 13:37:00,2009-12-01,13590,United Kingdom,False
489575,22215,2,8.5,17.0,2009-12-01 13:37:00,2009-12-01,13590,United Kingdom,False
489575,35951,48,0.38,18.24,2009-12-01 13:37:00,2009-12-01,13590,United Kingdom,False
489575,21731,12,1.65,19.8,2009-12-01 13:37:00,2009-12-01,13590,United Kingdom,False
489575,84991,24,0.55,13.2,2009-12-01 13:37:00,2009-12-01,13590,United Kingdom,False
489575,21743,6,2.95,17.7,2009-12-01 13:37:00,2009-12-01,13590,United Kingdom,False
489575,21744,6,2.95,17.7,2009-12-01 13:37:00,2009-12-01,13590,United Kingdom,False
489575,21482,6,2.95,17.7,2009-12-01 13:37:00,2009-12-01,13590,United Kingdom,False
489575,21481,6,2.95,17.7,2009-12-01 13:37:00,2009-12-01,13590,United Kingdom,False
C489577,37503,-3,9.95,-29.85,2009-12-01 13:38:00,2009-12-01,14030,United Kingdom,True
C489577,22127,-48,1.25,-60.0,2009-12-01 13:38:00,2009-12-01,14030,United Kingdom,True
C489577,37501,-1,6.95,-6.95,2009-12-01 13:38:00,2009-12-01,14030,United Kingdom,True
489576,85049E,5,1.25,6.25,2009-12-01 13:38:00,2009-12-01,15984,United Kingdom,False
489576,85049A,17,1.25,21.25,2009-12-01 13:38:00,2009-12-01,15984,United Kingdom,False
489576,84352,1,16.95,16.95,2009-12-01 13:38:00,2009-12-01,15984,United Kingdom,False
489576,21842,8,2.55,20.4,2009-12-01 13:38:00,2009-12-01,15984,United Kingdom,False
489576,22152,24,0.42,10.08,2009-12-01 13:38:00,2009-12-01,15984,United Kingdom,False
489576,84836,12,1.25,15.0,2009-12-01 13:38:00,2009-12-01,15984,United Kingdom,False
489576,85048,5,7.95,39.75,2009-12-01 13:38:00,2009-12-01,15984,United Kingdom,False
489576,21385,24,0.85,20.4,2009-12-01 13:38:00,2009-12-01,15984,United Kingdom,False
489576,22086,10,2.95,29.5,2009-12-01 13:38:00,2009-12-01,15984,United Kingdom,False
489576,22296,12,1.65,19.8,2009-12-01 13:38:00,2009-12-01,15984,United Kingdom,False
489576,22151,24,0.42,10.08,2009-12-01 13:38:00,2009-12-01,15984,United Kingdom,False
489576,21929,3,1.95,5.85,2009-12-01 13:38:00,2009-12-01,15984,United Kingdom,False
489576,85099F,3,1.95,5.85,2009-12-01 13:38:00,2009-12-01,15984,United Kingdom,False
489576,21928,5,1.95,9.75,2009-12-01 13:38:00,2009-12-01,15984,United Kingdom,False
489576,85123A,6,2.95,17.7,2009-12-01 13:38:00,2009-12-01,15984,United Kingdom,False
489576,22113,18,3.45,62.1,2009-12-01 13:38:00,2009-12-01,15984,United Kingdom,False
489576,35400,1,8.95,8.95,2009-12-01 13:38:00,2009-12-01,15984,United Kingdom,False
C489578,21481,-1,2.95,-2.95,2009-12-01 13:40:00,2009-12-01,17091,United Kingdom,True
489579,35001G,2,4.25,8.5,2009-12-01 13:41:00,2009-12-01,16887,United Kingdom,False
489579,84855,1,4.95,4.95,2009-12-01 13:41:00,2009-12-01,16887,United Kingdom,False
489579,84854,1,4.95,4.95,2009-12-01 13:41:00,2009-12-01,16887,United Kingdom,False
489579,72756,9,1.49,13.41,2009-12-01 13:41:00,2009-12-01,16887,United Kingdom,False
489579,72741,9,1.45,13.05,2009-12-01 13:41:00,2009-12-01,16887,United Kingdom,False
489579,21216,1,4.95,4.95,2009-12-01 13:41:00,2009-12-01,16887,United Kingdom,False
489579,22315,2,1.25,2.5,2009-12-01 13:41:00,2009-12-01,16887,United Kingdom,False
489579,21244,4,1.69,6.76,2009-12-01 13:41:00,2009-12-01,16887,United Kingdom,False
489579,21243,4,1.69,6.76,2009-12-01 13:41:00,2009-12-01,16887,United Kingdom,False
489579,21041,4,2.95,11.8,2009-12-01 13:41:00,2009-12-01,16887,United Kingdom,False
489579,21155,4,2.1,8.4,2009-12-01 13:41:00,2009-12-01,16887,United Kingdom,False
489579,35991,3,1.69,5.07,2009-12-01 13:41:00,2009-12-01,16887,United Kingdom,False
489579,21412,2,2.1,4.2,2009-12-01 13:41:00,2009-12-01,16887,United Kingdom,False
489579,72799F,3,2.95,8.85,2009-12-01 13:41:00,2009-12-01,16887,United Kingdom,False
489579,72799E,3,2.95,8.85,2009-12-01 13:41:00,2009-12-01,16887,United Kingdom,False
489579,72799C,2,2.95,5.9,2009-12-01 13:41:00,2009-12-01,16887,United Kingdom,False
489579,21500,25,0.42,10.5,2009-12-01 13:41:00,2009-12-01,16887,United Kingdom,False
489579,21499,25,0.42,10.5,2009-12-01 13:41:00,2009-12-01,16887,United Kingdom,False
489579,21498,25,0.42,10.5,2009-12-01 13:41:00,2009-12-01,16887,United Kingdom,False
489579,21246,1,4.95,4.95,2009-12-01 13:41:00,2009-12-01,16887,United Kingdom,False
489579,21247,1,1.49,1.49,2009-12-01 13:41:00,2009-12-01,16887,United Kingdom,False
489579,21124,4,1.25,5.0,2009-12-01 13:41:00,2009-12-01,16887,United Kingdom,False
489579,21122,4,1.25,5.0,2009-12-01 13:41:00,2009-12-01,16887,United Kingdom,False
489579,85136C,1,7.95,7.95,2009-12-01 13:41:00,2009-12-01,16887,United Kingdom,False
489579,72267,4,2.1,8.4,2009-12-01 13:41:00,2009-12-01,16887,United Kingdom,False
489579,21217,1,9.95,9.95,2009-12-01 13:41:00,2009-12-01,16887,United Kingdom,False
489579,21218,1,3.75,3.75,2009-12-01 13:41:00,2009-12-01,16887,United Kingdom,False
489579,21240,4,0.85,3.4,2009-12-01 13:41:00,2009-12-01,16887,United Kingdom,False
489579,21238,2,0.85,1.7,2009-12-01 13:41:00,2009-12-01,16887,United Kingdom,False
489579,21239,4,0.85,3.4,2009-12-01 13:41:00,2009-12-01,16887,United Kingdom,False
489579,20677,4,1.25,5.0,2009-12-01 13:41:00,2009-12-01,16887,United Kingdom,False
489579,20675,4,1.25,5.0,2009-12-01 13:41:00,2009-12-01,16887,United Kingdom,False
489579,21986,12,0.29,3.48,2009-12-01 13:41:00,2009-12-01,16887,United Kingdom,False
489579,21034,1,0.95,0.95,2009-12-01 13:41:00,2009-12-01,16887,United Kingdom,False
489580,21232,24,1.25,30.0,2009-12-01 13:43:00,2009-12-01,12921,United Kingdom,False
489580,21231,24,1.25,30.0,2009-12-01 13:43:00,2009-12-01,12921,United Kingdom,False
489580,21975,24,0.55,13.2,2009-12-01 13:43:00,2009-12-01,12921,United Kingdom,False
489580,21213,24,0.55,13.2,2009-12-01 13:43:00,2009-12-01,12921,United Kingdom,False
489580,21977,24,0.55,13.2,2009-12-01 13:43:00,2009-12-01,12921,United Kingdom,False
489580,21212,24,0.55,13.2,2009-12-01 13:43:00,2009-12-01,12921,United Kingdom,False
489580,84991,24,0.55,13.2,2009-12-01 13:43:00,2009-12-01,12921,United Kingdom,False
489580,72756,108,1.25,135.0,2009-12-01 13:43:00,2009-12-01,12921,United Kingdom,False
C489583,72807B,-1,4.25,-4.25,2009-12-01 13:47:00,2009-12-01,14621,United Kingdom,True
C489583,72802C,-1,4.25,-4.25,2009-12-01 13:47:00,2009-12-01,14621,United Kingdom,True
C489583,72802B,-2,4.25,-8.5,2009-12-01 13:47:00,2009-12-01,14621,United Kingdom,True
C489583,85047,-1,6.35,-6.35,2009-12-01 13:47:00,2009-12-01,14621,United Kingdom,True
489582,72799B,10,2.95,29.5,2009-12-01 13:47:00,2009-12-01,14543,United Kingdom,False
489582,35400,2,8.95,17.9,2009-12-01 13:47:00,2009-12-01,14543,United Kingdom,False
489582,84970L,72,0.95,68.4,2009-12-01 13:47:00,2009-12-01,14543,United Kingdom,False
489582,21768,1,14.95,14.95,2009-12-01 13:47:00,2009-12-01,14543,United Kingdom,False
489582,21477,2,12.75,25.5,2009-12-01 13:47:00,2009-12-01,14543,United Kingdom,False
489582,85048,2,7.95,15.9,2009-12-01 13:47:00,2009-12-01,14543,United Kingdom,False
489582,84984D,12,4.25,51.0,2009-12-01 13:47:00,2009-12-01,14543,United Kingdom,False
489582,84773,18,2.95,53.1,2009-12-01 13:47:00,2009-12-01,14543,United Kingdom,False
489582,84601A,6,2.95,17.7,2009-12-01 13:47:00,2009-12-01,14543,United Kingdom,False
489581,85174,1,4.95,4.95,2009-12-01 13:47:00,2009-12-01,15945,United Kingdom,False
489581,71028B,1,1.65,1.65,2009-12-01 13:47:00,2009-12-01,15945,United Kingdom,False
489581,84755,8,0.65,5.2,2009-12-01 13:47:00,2009-12-01,15945,United Kingdom,False
489581,22114,1,3.95,3.95,2009-12-01 13:47:00,2009-12-01,15945,United Kingdom,False
489581,72267,1,2.1,2.1,2009-12-01 13:47:00,2009-12-01,15945,United Kingdom,False
489581,72140F,1,0.42,0.42,2009-12-01 13:47:00,2009-12-01,15945,United Kingdom,False
489581,84950,12,0.85,10.2,2009-12-01 13:47:00,2009-12-01,15945,United Kingdom,False
489581,85175,64,0.42,26.88,2009-12-01 13:47:00,2009-12-01,15945,United Kingdom,False
489581,72487,36,0.38,13.68,2009-12-01 13:47:00,2009-12-01,15945,United Kingdom,False
489581,84360,12,4.65,55.8,2009-12-01 13:47:00,2009-12-01,15945,United Kingdom,False
489584,21335,1,21.95,21.95,2009-12-01 13:48:00,2009-12-01,18037,United Kingdom,False
489585,84832,24,0.85,20.4,2009-12-01 13:49:00,2009-12-01,15662,United Kingdom,False
489585,21133,24,1.69,40.56,2009-12-01 13:49:00,2009-12-01,15662,United Kingdom,False
489585,84879,16,1.69,27.04,2009-12-01 13:49:00,2009-12-01,15662,United Kingdom,False
489585,21755,3,5.95,17.85,2009-12-01 13:49:00,2009-12-01,15662,United Kingdom,False
489586,35001W,36,2.95,106.2,2009-12-01 13:50:00,2009-12-01,15380,United Kingdom,False
489586,84396,24,1.95,46.8,2009-12-01 13:50:00,2009-12-01,15380,United Kingdom,False
489586,35001G,18,3.39,61.02,2009-12-01 13:50:00,2009-12-01,15380,United Kingdom,False
489586,72753A,8,2.1,16.8,2009-12-01 13:50:00,2009-12-01,15380,United Kingdom,False
489586,72750C,8,1.95,15.6,2009-12-01 13:50:00,2009-12-01,15380,United Kingdom,False
489586,21895,4,4.25,17.0,2009-12-01 13:50:00,2009-12-01,15380,United Kingdom,False
C489587,21639,-5,0.85,-4.25,2009-12-01 13:52:00,2009-12-01,16422,United Kingdom,True
C489588,79323P,-2,6.75,-13.5,2009-12-01 14:01:00,2009-12-01,13711,United Kingdom,True
C489588,79323GR,-2,6.75,-13.5,2009-12-01 14:01:00,2009-12-01,13711,United Kingdom,True
C489588,22120,-1,9.95,-9.95,2009-12-01 14:01:00,2009-12-01,13711,United Kingdom,True
C489589,21535,-1,2.55,-2.55,2009-12-01 14:02:00,2009-12-01,16150,United Kingdom,True
C489589,22073,-1,3.75,-3.75,2009-12-01 14:02:00,2009-12-01,16150,United Kingdom,True
489590,21733,12,2.95,35.4,2009-12-01 14:14:00,2009-12-01,13110,United Kingdom,False
489590,85123A,6,2.95,17.7,2009-12-01 14:14:00,2009-12-01,13110,United Kingdom,False
489590,22113,7,3.45,24.15,2009-12-01 14:14:00,2009-12-01,13110,United Kingdom,False
489590,85211,1,1.65,1.65,2009-12-01 14:14:00,2009-12-01,13110,United Kingdom,False
489590,22086,2,2.95,5.9,2009-12-01 14:14:00,2009-12-01,13110,United Kingdom,False
489590,84341B,2,0.85,1.7,2009-12-01 14:14:00,2009-12-01,13110,United Kingdom,False
489590,22211,1,1.65,1.65,2009-12-01 14:14:00,2009-12-01,13110,United Kingdom,False
489590,22275,1,8.5,8.5,2009-12-01 14:14:00,2009-12-01,13110,United Kingdom,False
489590,22283,2,7.95,15.9,2009-12-01 14:14:00,2009-12-01,13110,United Kingdom,False
489590,22186,2,2.95,5.9,2009-12-01 14:14:00,2009-12-01,13110,United Kingdom,False
489590,22187,2,4.25,8.5,2009-12-01 14:14:00,2009-12-01,13110,United Kingdom,False
489590,35001G,2,4.25,8.5,2009-12-01 14:14:00,2009-12-01,13110,United Kingdom,False
489590,35001W,2,3.49,6.98,2009-12-01 14:14:00,2009-12-01,13110,United Kingdom,False
489590,35400,2,8.95,17.9,2009-12-01 14:14:00,2009-12-01,13110,United Kingdom,False
489590,21804,12,3.75,45.0,2009-12-01 14:14:00,2009-12-01,13110,United Kingdom,False
489590,21735,2,12.75,25.5,2009-12-01 14:14:00,2009-12-01,13110,United Kingdom,False
489590,22295,12,1.65,19.8,2009-12-01 14:14:00,2009-12-01,13110,United Kingdom,False
489590,21755,6,5.95,35.7,2009-12-01 14:14:00,2009-12-01,13110,United Kingdom,False
489590,22325,1,4.95,4.95,2009-12-01 14:14:00,2009-12-01,13110,United Kingdom,False
489590,22320,1,5.95,5.95,2009-12-01 14:14:00,2009-12-01,13110,United Kingdom,False
489590,21756,2,5.95,11.9,2009-12-01 14:14:00,2009-12-01,13110,United Kingdom,False
489590,22120,2,9.95,19.9,2009-12-01 14:14:00,2009-12-01,13110,United Kingdom,False
489590,20685,1,6.75,6.75,2009-12-01 14:14:00,2009-12-01,13110,United Kingdom,False
489590,48194,1,6.75,6.75,2009-12-01 14:14:00,2009-12-01,13110,United Kingdom,False
489590,48173C,1,6.75,6.75,2009-12-01 14:14:00,2009-12-01,13110,United Kingdom,False
489590,48189,1,6.75,6.75,2009-12-01 14:14:00,2009-12-01,13110,United Kingdom,False
489590,48116,1,6.75,6.75,2009-12-01 14:14:00,2009-12-01,13110,United Kingdom,False
C489591,79323B,-3,5.45,-16.35,2009-12-01 14:17:00,2009-12-01,12921,United Kingdom,True
489593,48194,3,6.75,20.25,2009-12-01 14:19:00,2009-12-01,12836,United Kingdom,False
489593,21181,12,2.1,25.2,2009-12-01 14:19:00,2009-12-01,12836,United Kingdom,False
489593,21761,1,29.95,29.95,2009-12-01 14:19:00,2009-12-01,12836,United Kingdom,False
489593,84879,8,1.69,13.52,2009-12-01 14:19:00,2009-12-01,12836,United Kingdom,False
489593,85067,1,18.95,18.95,2009-12-01 14:19:00,2009-12-01,12836,United Kingdom,False
489593,22113,3,3.45,10.35,2009-12-01 14:19:00,2009-12-01,12836,United Kingdom,False
489593,22112,2,4.95,9.9,2009-12-01 14:19:00,2009-12-01,12836,United Kingdom,False
489593,21480,2,2.95,5.9,2009-12-01 14:19:00,2009-12-01,12836,United Kingdom,False
489593,79323S,4,6.75,27.0,2009-12-01 14:19:00,2009-12-01,12836,United Kingdom,False
489593,79323W,6,6.75,40.5,2009-12-01 14:19:00,2009-12-01,12836,United Kingdom,False
489593,37503,4,10.75,43.0,2009-12-01 14:19:00,2009-12-01,12836,United Kingdom,False
489593,22086,4,2.95,11.8,2009-12-01 14:19:00,2009-12-01,12836,United Kingdom,False
489593,21016,1,0.85,0.85,2009-12-01 14:19:00,2009-12-01,12836,United Kingdom,False
489593,21257,2,7.95,15.9,2009-12-01 14:19:00,2009-12-01,12836,United Kingdom,False
489593,21767,1,29.95,29.95,2009-12-01 14:19:00,2009-12-01,12836,United Kingdom,False
489593,85068,1,7.95,7.95,2009-12-01 14:19:00,2009-12-01,12836,United Kingdom,False
489593,21768,1,14.95,14.95,2009-12-01 14:19:00,2009-12-01,12836,United Kingdom,False
489593,22171,2,8.5,17.0,2009-12-01 14:19:00,2009-12-01,12836,United Kingdom,False
489593,21490,4,1.95,7.8,2009-12-01 14:19:00,2009-12-01,12836,United Kingdom,False
489593,21491,4,1.95,7.8,2009-12-01 14:19:00,2009-12-01,12836,United Kingdom,False
489593,22273,2,2.95,5.9,2009-12-01 14:19:00,2009-12-01,12836,United Kingdom,False
489593,22272,2,2.95,5.9,2009-12-01 14:19:00,2009-12-01,12836,United Kingdom,False
489593,22349,3,3.75,11.25,2009-12-01 14:19:00,2009-12-01,12836,United Kingdom,False
489593,21790,6,0.85,5.1,2009-12-01 14:19:00,2009-12-01,12836,United Kingdom,False
489593,21791,3,1.25,3.75,2009-12-01 14:19:00,2009-12-01,12836,United Kingdom,False
489593,21591,2,1.25,2.5,2009-12-01 14:19:00,2009-12-01,12836,United Kingdom,False
489593,22150,3,1.95,5.85,2009-12-01 14:19:00,2009-12-01,12836,United Kingdom,False
489593,21493,5,0.85,4.25,2009-12-01 14:19:00,2009-12-01,12836,United Kingdom,False
489593,21257,2,7.95,15.9,2009-12-01 14:19:00,2009-12-01,12836,United Kingdom,False
489593,84855,1,4.95,4.95,2009-12-01 14:19:00,2009-12-01,12836,United Kingdom,False
C489592,22301,-2,2.55,-5.1,2009-12-01 14:19:00,2009-12-01,18287,United Kingdom,True
489594,85045,1,4.95,4.95,2009-12-01 14:19:00,2009-12-01,15005,United Kingdom,False
489594,85042,1,4.95,4.95,2009-12-01 14:19:00,2009-12-01,15005,United Kingdom,False
489594,72349B,4,2.1,8.4,2009-12-01 14:19:00,2009-12-01,15005,United Kingdom,False
489594,84596K,7,1.25,8.75,2009-12-01 14:19:00,2009-12-01,15005,United Kingdom,False
489594,20977,3,1.25,3.75,2009-12-01 14:19:00,2009-12-01,15005,United Kingdom,False
489594,20676,6,1.25,7.5,2009-12-01 14:19:00,2009-12-01,15005,United Kingdom,False
489594,20675,4,1.25,5.0,2009-12-01 14:19:00,2009-12-01,15005,United Kingdom,False
489594,84596E,5,1.25,6.25,2009-12-01 14:19:00,2009-12-01,15005,United Kingdom,False
489594,84596G,5,1.25,6.25,2009-12-01 14:19:00,2009-12-01,15005,United Kingdom,False
489594,20975,4,0.65,2.6,2009-12-01 14:19:00,2009-12-01,15005,United Kingdom,False
489594,21931,2,1.95,3.9,2009-12-01 14:19:00,2009-12-01,15005,United Kingdom,False
489594,85099C,2,1.95,3.9,2009-12-01 14:19:00,2009-12-01,15005,United Kingdom,False
489594,21929,2,1.95,3.9,2009-12-01 14:19:00,2009-12-01,15005,United Kingdom,False
489594,37448,3,1.49,4.47,2009-12-01 14:19:00,2009-12-01,15005,United Kingdom,False
489594,22131,3,1.95,5.85,2009-12-01 14:19:00,2009-12-01,15005,United Kingdom,False
489594,37447,2,1.49,2.98,2009-12-01 14:19:00,2009-12-01,15005,United Kingdom,False
489594,22055,2,1.65,3.3,2009-12-01 14:19:00,2009-12-01,15005,United Kingdom,False
489594,22062,1,2.95,2.95,2009-12-01 14:19:00,2009-12-01,15005,United Kingdom,False
489594,84596B,8,1.25,10.0,2009-12-01 14:19:00,2009-12-01,15005,United Kingdom,False
489594,21232,12,1.25,15.0,2009-12-01 14:19:00,2009-12-01,15005,United Kingdom,False
489594,22055,1,1.65,1.65,2009-12-01 14:19:00,2009-12-01,15005,United Kingdom,False
489594,37448,2,1.49,2.98,2009-12-01 14:19:00,2009-12-01,15005,United Kingdom,False
489594,22347,6,1.25,7.5,2009-12-01 14:19:00,2009-12-01,15005,United Kingdom,False
489594,37448,1,1.49,1.49,2009-12-01 14:19:00,2009-12-01,15005,United Kingdom,False
489594,22350,2,2.55,5.1,2009-12-01 14:19:00,2009-12-01,15005,United Kingdom,False
489594,21791,4,1.25,5.0,2009-12-01 14:19:00,2009-12-01,15005,United Kingdom,False
489594,84507C,1,2.55,2.55,2009-12-01 14:19:00,2009-12-01,15005,United Kingdom,False
489594,84507B,1,2.55,2.55,2009-12-01 14:19:00,2009-12-01,15005,United Kingdom,False
489594,84508A,2,2.55,5.1,2009-12-01 14:19:00,2009-12-01,15005,United Kingdom,False
489594,22062,1,2.95,2.95,2009-12-01 14:19:00,2009-12-01,15005,United Kingdom,False
489594,37450,3,2.95,8.85,2009-12-01 14:19:00,2009-12-01,15005,United Kingdom,False
489594,22065,6,1.45,8.7,2009-12-01 14:19:00,2009-12-01,15005,United Kingdom,False
489594,79302M,1,2.95,2.95,2009-12-01 14:19:00,2009-12-01,15005,United Kingdom,False
489594,21034,3,0.95,2.85,2009-12-01 14:19:00,2009-12-01,15005,United Kingdom,False
489594,37502,8,2.95,23.6,2009-12-01 14:19:00,2009-12-01,15005,United Kingdom,False
489594,37503,1,10.75,10.75,2009-12-01 14:19:00,2009-12-01,15005,United Kingdom,False
489594,37449,2,9.95,19.9,2009-12-01 14:19:00,2009-12-01,15005,United Kingdom,False
489594,84534B,4,0.85,3.4,2009-12-01 14:19:00,2009-12-01,15005,United Kingdom,False
489594,84535B,8,0.65,5.2,2009-12-01 14:19:00,2009-12-01,15005,United Kingdom,False
489594,84536B,8,0.42,3.36,2009-12-01 14:19:00,2009-12-01,15005,United Kingdom,False
489594,21875,2,1.25,2.5,2009-12-01 14:19:00,2009-12-01,15005,United Kingdom,False
489594,37450,1,2.95,2.95,2009-12-01 14:19:00,2009-12-01,15005,United Kingdom,False
489594,22068,2,1.65,3.3,2009-12-01 14:19:00,2009-12-01,15005,United Kingdom,False
489594,22064,4,1.65,6.6,2009-12-01 14:19:00,2009-12-01,15005,United Kingdom,False
489594,20726,4,1.65,6.6,2009-12-01 14:19:00,2009-12-01,15005,United Kingdom,False
489594,20725,3,1.65,4.95,2009-12-01 14:19:00,2009-12-01,15005,United Kingdom,False
489594,21216,1,4.95,4.95,2009-12-01 14:19:00,2009-12-01,15005,United Kingdom,False
489594,22114,3,3.95,11.85,2009-12-01 14:19:00,2009-12-01,15005,United Kingdom,False
489594,22187,2,4.25,8.5,2009-12-01 14:19:00,2009-12-01,15005,United Kingdom,False
489594,82482,6,2.55,15.3,2009-12-01 14:19:00,2009-12-01,15005,United Kingdom,False
489594,21231,11,1.25,13.75,2009-12-01 14:19:00,2009-12-01,15005,United Kingdom,False
C489595,21752,-1,14.95,-14.95,2009-12-01 14:20:00,2009-12-01,15254,United Kingdom,True
489596,22275,2,8.5,17.0,2009-12-01 14:27:00,2009-12-01,GUEST,United Kingdom,False
489597,17012A,1,5.17,5.17,2009-12-01 14:28:00,2009-12-01,GUEST,United Kingdom,False
489597,17129D,1,1.7,1.7,2009-12-01 14:28:00,2009-12-01,GUEST,United Kingdom,False
489597,20616,1,4.3,4.3,2009-12-01 14:28:00,2009-12-01,GUEST,United Kingdom,False
489597,20618,1,4.3,4.3,2009-12-01 14:28:00,2009-12-01,GUEST,United Kingdom,False
489597,20652,1,2.57,2.57,2009-12-01 14:28:00,2009-12-01,GUEST,United Kingdom,False
489597,20654,1,2.57,2.57,2009-12-01 14:28:00,2009-12-01,GUEST,United Kingdom,False
489597,20655,1,2.57,2.57,2009-12-01 14:28:00,2009-12-01,GUEST,United Kingdom,False
489597,20659,1,2.57,2.57,2009-12-01 14:28:00,2009-12-01,GUEST,United Kingdom,False
489597,20674,1,2.57,2.57,2009-12-01 14:28:00,2009-12-01,GUEST,United Kingdom,False
489597,20675,2,2.57,5.14,2009-12-01 14:28:00,2009-12-01,GUEST,United Kingdom,False
489597,20677,2,2.57,5.14,2009-12-01 14:28:00,2009-12-01,GUEST,United Kingdom,False
489597,20682,1,6.91,6.91,2009-12-01 14:28:00,2009-12-01,GUEST,United Kingdom,False
489597,20694,1,7.78,7.78,2009-12-01 14:28:00,2009-12-01,GUEST,United Kingdom,False
489597,20695,1,8.65,8.65,2009-12-01 14:28:00,2009-12-01,GUEST,United Kingdom,False
489597,20712,6,4.3,25.8,2009-12-01 14:28:00,2009-12-01,GUEST,United Kingdom,False
489597,20714,1,2.57,2.57,2009-12-01 14:28:00,2009-12-01,GUEST,United Kingdom,False
489597,20719,1,1.7,1.7,2009-12-01 14:28:00,2009-12-01,GUEST,United Kingdom,False
489597,20724,3,1.7,5.1,2009-12-01 14:28:00,2009-12-01,GUEST,United Kingdom,False
489597,20725,1,4.3,4.3,2009-12-01 14:28:00,2009-12-01,GUEST,United Kingdom,False
489597,20729,1,2.57,2.57,2009-12-01 14:28:00,2009-12-01,GUEST,United Kingdom,False
489597,20739,1,8.65,8.65,2009-12-01 14:28:00,2009-12-01,GUEST,United Kingdom,False
489597,20752,3,4.3,12.9,2009-12-01 14:28:00,2009-12-01,GUEST,United Kingdom,False
489597,20753,1,4.3,4.3,2009-12-01 14:28:00,2009-12-01,GUEST,United Kingdom,False
489597,20754,2,4.3,8.6,2009-12-01 14:28:00,2009-12-01,GUEST,United Kingdom,False
489597,20761,1,7.78,7.78,2009-12-01 14:28:00,2009-12-01,GUEST,United Kingdom,False
489597,20780,1,11.26,11.26,2009-12-01 14:28:00,2009-12-01,GUEST,United Kingdom,False
489597,20782,2,11.26,22.52,2009-12-01 14:28:00,2009-12-01,GUEST,United Kingdom,False
489597,20783,1,11.26,11.26,2009-12-01 14:28:00,2009-12-01,GUEST,United Kingdom,False
489597,20798,3,4.3,12.9,2009-12-01 14:28:00,2009-12-01,GUEST,United Kingdom,False
489597,20799,3,4.3,12.9,2009-12-01 14:28:00,2009-12-01,GUEST,United Kingdom,False
489597,20825,1,26.04,26.04,2009-12-01 14:28:00,2009-12-01,GUEST,United Kingdom,False
489597,20828,1,5.17,5.17,2009-12-01 14:28:00,2009-12-01,GUEST,United Kingdom,False
489597,20832,1,1.7,1.7,2009-12-01 14:28:00,2009-12-01,GUEST,United Kingdom,False
489597,20863,1,4.3,4.3,2009-12-01 14:28:00,2009-12-01,GUEST,United Kingdom,False
489597,20865,2,4.3,8.6,2009-12-01 14:28:00,2009-12-01,GUEST,United Kingdom,False
489597,20866,2,2.57,5.14,2009-12-01 14:28:00,2009-12-01,GUEST,United Kingdom,False
489597,20886,1,4.3,4.3,2009-12-01 14:28:00,2009-12-01,GUEST,United Kingdom,False
489597,20888,1,6.04,6.04,2009-12-01 14:28:00,2009-12-01,GUEST,United Kingdom,False
489597,20897,1,6.04,6.04,2009-12-01 14:28:00,2009-12-01,GUEST,United Kingdom,False
489597,20903,1,13.0,13.0,2009-12-01 14:28:00,2009-12-01,GUEST,United Kingdom,False
489597,20914,1,6.04,6.04,2009-12-01 14:28:00,2009-12-01,GUEST,United Kingdom,False
489597,20940,1,6.04,6.04,2009-12-01 14:28:00,2009-12-01,GUEST,United Kingdom,False
489597,20961,2,2.57,5.14,2009-12-01 14:28:00,2009-12-01,GUEST,United Kingdom,False
489597,20966,3,2.57,7.71,2009-12-01 14:28:00,2009-12-01,GUEST,United Kingdom,False
489597,20970,1,7.78,7.78,2009-12-01 14:28:00,2009-12-01,GUEST,United Kingdom,False
489597,20972,1,2.57,2.57,2009-12-01 14:28:00,2009-12-01,GUEST,United Kingdom,False
489597,20974,1,1.3,1.3,2009-12-01 14:28:00,2009-12-01,GUEST,United Kingdom,False
489597,20975,1,1.3,1.3,2009-12-01 14:28:00,2009-12-01,GUEST,United Kingdom,False
489597,20977,5,2.57,12.85,2009-12-01 14:28:00,2009-12-01,GUEST,United Kingdom,False
489597,20978,1,2.57,2.57,2009-12-01 14:28:00,2009-12-01,GUEST,United Kingdom,False
489597,20979,3,2.57,7.71,2009-12-01 14:28:00,2009-12-01,GUEST,United Kingdom,False
489597,20980,1,2.57,2.57,2009-12-01 14:28:00,2009-12-01,GUEST,United Kingdom,False
489597,20981,3,1.7,5.1,2009-12-01 14:28:00,2009-12-01,GUEST,United Kingdom,False
489597,20982,2,1.7,3.4,2009-12-01 14:28:00,2009-12-01,GUEST,United Kingdom,False
489597,20983,1,1.7,1.7,2009-12-01 14:28:00,2009-12-01,GUEST,United Kingdom,False
489597,20984,1,1.7,1.7,2009-12-01 14:28:00,2009-12-01,GUEST,United Kingdom,False
489597,20987,1,4.3,4.3,2009-12-01 14:28:00,2009-12-01,GUEST,United Kingdom,False
489597,20991,1,1.3,1.3,2009-12-01 14:28:00,2009-12-01,GUEST,United Kingdom,False
489597,21012,1,4.3,4.3,2009-12-01 14:28:00,2009-12-01,GUEST,United Kingdom,False
489597,21025,1,2.57,2.57,2009-12-01 14:28:00,2009-12-01,GUEST,United Kingdom,False
489597,21035,1,6.04,6.04,2009-12-01 14:28:00,2009-12-01,GUEST,United Kingdom,False
489597,21055,1,17.35,17.35,2009-12-01 14:28:00,2009-12-01,GUEST,United Kingdom,False
489597,21058,3,1.7,5.1,2009-12-01 14:28:00,2009-12-01,GUEST,United Kingdom,False
489597,21064,1,12.13,12.13,2009-12-01 14:28:00,2009-12-01,GUEST,United Kingdom,False
489597,21069,1,2.57,2.57,2009-12-01 14:28:00,2009-12-01,GUEST,United Kingdom,False
489597,21071,4,2.57,10.28,2009-12-01 14:28:00,2009-12-01,GUEST,United Kingdom,False
489597,21080,2,1.7,3.4,2009-12-01 14:28:00,2009-12-01,GUEST,United Kingdom,False
489597,21098,14,2.57,35.98,2009-12-01 14:28:00,2009-12-01,GUEST,United Kingdom,False
489597,21108,5,5.17,25.85,2009-12-01 14:28:00,2009-12-01,GUEST,United Kingdom,False
489597,21110,1,13.87,13.87,2009-12-01 14:28:00,2009-12-01,GUEST,United Kingdom,False
489597,21115,1,14.74,14.74,2009-12-01 14:28:00,2009-12-01,GUEST,United Kingdom,False
489597,21116,3,8.65,25.95,2009-12-01 14:28:00,2009-12-01,GUEST,United Kingdom,False
489597,21122,1,2.57,2.57,2009-12-01 14:28:00,2009-12-01,GUEST,United Kingdom,False
489597,21124,1,2.57,2.57,2009-12-01 14:28:00,2009-12-01,GUEST,United Kingdom,False
489597,21134,1,26.04,26.04,2009-12-01 14:28:00,2009-12-01,GUEST,United Kingdom,False
489597,21143,1,4.3,4.3,2009-12-01 14:28:00,2009-12-01,GUEST,United Kingdom,False
489597,21145,1,14.74,14.74,2009-12-01 14:28:00,2009-12-01,GUEST,United Kingdom,False
489597,21154,2,2.57,5.14,2009-12-01 14:28:00,2009-12-01,GUEST,United Kingdom,False
489597,21160,1,3.43,3.43,2009-12-01 14:28:00,2009-12-01,GUEST,United Kingdom,False
489597,21164,1,6.04,6.04,2009-12-01 14:28:00,2009-12-01,GUEST,United Kingdom,False
489597,21165,2,4.3,8.6,2009-12-01 14:28:00,2009-12-01,GUEST,United Kingdom,False
489597,21173,1,4.3,4.3,2009-12-01 14:28:00,2009-12-01,GUEST,United Kingdom,False
489597,21174,3,4.3,12.9,2009-12-01 14:28:00,2009-12-01,GUEST,United Kingdom,False
489597,21175,2,4.3,8.6,2009-12-01 14:28:00,2009-12-01,GUEST,United Kingdom,False
489597,21181,1,4.3,4.3,2009-12-01 14:28:00,2009-12-01,GUEST,United Kingdom,False
489597,21185,2,13.0,26.0,2009-12-01 14:28:00,2009-12-01,GUEST,United Kingdom,False
489597,21191,3,4.3,12.9,2009-12-01 14:28:00,2009-12-01,GUEST,United Kingdom,False
489597,21198,1,3.43,3.43,2009-12-01 14:28:00,2009-12-01,GUEST,United Kingdom,False
489597,21210,3,3.04,9.12,2009-12-01 14:28:00,2009-12-01,GUEST,United Kingdom,False
489597,21212,18,1.3,23.4,2009-12-01 14:28:00,2009-12-01,GUEST,United Kingdom,False
489597,21213,1,1.3,1.3,2009-12-01 14:28:00,2009-12-01,GUEST,United Kingdom,False
489597,21218,1,8.65,8.65,2009-12-01 14:28:00,2009-12-01,GUEST,United Kingdom,False
489597,21231,13,2.57,33.41,2009-12-01 14:28:00,2009-12-01,GUEST,United Kingdom,False
489597,21232,12,2.57,30.84,2009-12-01 14:28:00,2009-12-01,GUEST,United Kingdom,False
489597,21242,6,3.43,20.58,2009-12-01 14:28:00,2009-12-01,GUEST,United Kingdom,False
489597,21249,2,6.04,12.08,2009-12-01 14:28:00,2009-12-01,GUEST,United Kingdom,False
489597,21251,2,6.04,12.08,2009-12-01 14:28:00,2009-12-01,GUEST,United Kingdom,False
489597,21255,1,3.43,3.43,2009-12-01 14:28:00,2009-12-01,GUEST,United Kingdom,False
489597,21256,2,3.43,6.86,2009-12-01 14:28:00,2009-12-01,GUEST,United Kingdom,False
489597,21259,1,13.0,13.0,2009-12-01 14:28:00,2009-12-01,GUEST,United Kingdom,False
489597,21266,1,4.3,4.3,2009-12-01 14:28:00,2009-12-01,GUEST,United Kingdom,False
489597,21283,1,6.91,6.91,2009-12-01 14:28:00,2009-12-01,GUEST,United Kingdom,False
489597,21284,1,3.43,3.43,2009-12-01 14:28:00,2009-12-01,GUEST,United Kingdom,False
489597,21291,3,1.7,5.1,2009-12-01 14:28:00,2009-12-01,GUEST,United Kingdom,False
489597,21314,4,4.3,17.2,2009-12-01 14:28:00,2009-12-01,GUEST,United Kingdom,False
489597,21328,1,3.43,3.43,2009-12-01 14:28:00,2009-12-01,GUEST,United Kingdom,False
489597,21329,6,3.43,20.58,2009-12-01 14:28:00,2009-12-01,GUEST,United Kingdom,False
489597,21330,2,3.43,6.86,2009-12-01 14:28:00,2009-12-01,GUEST,United Kingdom,False
489597,21348,1,6.04,6.04,2009-12-01 14:28:00,2009-12-01,GUEST,United Kingdom,False
489597,21356,2,2.57,5.14,2009-12-01 14:28:00,2009-12-01,GUEST,United Kingdom,False
489597,21357,4,2.57,10.28,2009-12-01 14:28:00,2009-12-01,GUEST,United Kingdom,False
489597,21379,1,2.57,2.57,2009-12-01 14:28:00,2009-12-01,GUEST,United Kingdom,False
489597,21396,7,3.43,24.01,2009-12-01 14:28:00,2009-12-01,GUEST,United Kingdom,False
489597,21412,1,4.3,4.3,2009-12-01 14:28:00,2009-12-01,GUEST,United Kingdom,False
489597,21429,1,3.43,3.43,2009-12-01 14:28:00,2009-12-01,GUEST,United Kingdom,False
489597,21431,1,3.43,3.43,2009-12-01 14:28:00,2009-12-01,GUEST,United Kingdom,False
489597,21444,1,7.78,7.78,2009-12-01 14:28:00,2009-12-01,GUEST,United Kingdom,False
489597,21445,1,2.57,2.57,2009-12-01 14:28:00,2009-12-01,GUEST,United Kingdom,False
489597,21479,1,7.78,7.78,2009-12-01 14:28:00,2009-12-01,GUEST,United Kingdom,False
489597,21480,1,6.04,6.04,2009-12-01 14:28:00,2009-12-01,GUEST,United Kingdom,False
489597,21481,2,6.04,12.08,2009-12-01 14:28:00,2009-12-01,GUEST,United Kingdom,False
489597,21482,1,6.04,6.04,2009-12-01 14:28:00,2009-12-01,GUEST,United Kingdom,False
489597,21485,1,11.26,11.26,2009-12-01 14:28:00,2009-12-01,GUEST,United Kingdom,False
489597,21486,3,4.3,12.9,2009-12-01 14:28:00,2009-12-01,GUEST,United Kingdom,False
489597,21490,2,4.3,8.6,2009-12-01 14:28:00,2009-12-01,GUEST,United Kingdom,False
489597,21491,1,4.3,4.3,2009-12-01 14:28:00,2009-12-01,GUEST,United Kingdom,False
489597,21493,4,1.7,6.8,2009-12-01 14:28:00,2009-12-01,GUEST,United Kingdom,False
489597,21494,1,5.17,5.17,2009-12-01 14:28:00,2009-12-01,GUEST,United Kingdom,False
489597,21506,1,0.86,0.86,2009-12-01 14:28:00,2009-12-01,GUEST,United Kingdom,False
489597,21519,1,0.86,0.86,2009-12-01 14:28:00,2009-12-01,GUEST,United Kingdom,False
489597,21520,1,0.86,0.86,2009-12-01 14:28:00,2009-12-01,GUEST,United Kingdom,False
489597,21524,1,13.87,13.87,2009-12-01 14:28:00,2009-12-01,GUEST,United Kingdom,False
489597,21527,2,17.35,34.7,2009-12-01 14:28:00,2009-12-01,GUEST,United Kingdom,False
489597,21529,3,6.04,18.12,2009-12-01 14:28:00,2009-12-01,GUEST,United Kingdom,False
489597,21537,2,8.65,17.3,2009-12-01 14:28:00,2009-12-01,GUEST,United Kingdom,False
489597,21541,2,1.7,3.4,2009-12-01 14:28:00,2009-12-01,GUEST,United Kingdom,False
489597,21542,1,1.7,1.7,2009-12-01 14:28:00,2009-12-01,GUEST,United Kingdom,False
489597,21543,1,1.7,1.7,2009-12-01 14:28:00,2009-12-01,GUEST,United Kingdom,False
489597,21544,3,1.7,5.1,2009-12-01 14:28:00,2009-12-01,GUEST,United Kingdom,False
489597,21548,1,6.04,6.04,2009-12-01 14:28:00,2009-12-01,GUEST,United Kingdom,False
489597,21553,1,13.0,13.0,2009-12-01 14:28:00,2009-12-01,GUEST,United Kingdom,False
489597,21557,5,6.04,30.2,2009-12-01 14:28:00,2009-12-01,GUEST,United Kingdom,False
489597,21558,4,5.17,20.68,2009-12-01 14:28:00,2009-12-01,GUEST,United Kingdom,False
489597,21559,2,5.17,10.34,2009-12-01 14:28:00,2009-12-01,GUEST,United Kingdom,False
489597,21577,1,5.17,5.17,2009-12-01 14:28:00,2009-12-01,GUEST,United Kingdom,False
489597,21580,1,5.17,5.17,2009-12-01 14:28:00,2009-12-01,GUEST,United Kingdom,False
489597,21581,2,5.17,10.34,2009-12-01 14:28:00,2009-12-01,GUEST,United Kingdom,False
489597,21612,1,6.04,6.04,2009-12-01 14:28:00,2009-12-01,GUEST,United Kingdom,False
489597,21622,2,13.87,27.74,2009-12-01 14:28:00,2009-12-01,GUEST,United Kingdom,False
489597,21625,1,14.74,14.74,2009-12-01 14:28:00,2009-12-01,GUEST,United Kingdom,False
489597,21626,1,4.3,4.3,2009-12-01 14:28:00,2009-12-01,GUEST,United Kingdom,False
489597,21638,5,4.3,21.5,2009-12-01 14:28:00,2009-12-01,GUEST,United Kingdom,False
489597,21639,5,1.7,8.5,2009-12-01 14:28:00,2009-12-01,GUEST,United Kingdom,False
489597,21642,1,1.7,1.7,2009-12-01 14:28:00,2009-12-01,GUEST,United Kingdom,False
489597,21643,2,2.57,5.14,2009-12-01 14:28:00,2009-12-01,GUEST,United Kingdom,False
489597,21647,2,4.3,8.6,2009-12-01 14:28:00,2009-12-01,GUEST,United Kingdom,False
489597,21648,3,2.57,7.71,2009-12-01 14:28:00,2009-12-01,GUEST,United Kingdom,False
489597,10123C,3,1.3,3.9,2009-12-01 14:28:00,2009-12-01,GUEST,United Kingdom,False
489597,10123G,2,1.7,3.4,2009-12-01 14:28:00,2009-12-01,GUEST,United Kingdom,False
489597,10125,1,1.7,1.7,2009-12-01 14:28:00,2009-12-01,GUEST,United Kingdom,False
489597,11001,2,3.43,6.86,2009-12-01 14:28:00,2009-12-01,GUEST,United Kingdom,False
489597,15034,1,0.83,0.83,2009-12-01 14:28:00,2009-12-01,GUEST,United Kingdom,False
489597,15044C,1,6.04,6.04,2009-12-01 14:28:00,2009-12-01,GUEST,United Kingdom,False
489597,15044D,3,6.04,18.12,2009-12-01 14:28:00,2009-12-01,GUEST,United Kingdom,False
489597,15059A,2,13.0,26.0,2009-12-01 14:28:00,2009-12-01,GUEST,United Kingdom,False
489597,16235,2,0.43,0.86,2009-12-01 14:28:00,2009-12-01,GUEST,United Kingdom,False
489597,16237,2,0.43,0.86,2009-12-01 14:28:00,2009-12-01,GUEST,United Kingdom,False
489597,21673,2,2.57,5.14,2009-12-01 14:28:00,2009-12-01,GUEST,United Kingdom,False
489597,21679,2,1.7,3.4,2009-12-01 14:28:00,2009-12-01,GUEST,United Kingdom,False
489597,21680,1,1.7,1.7,2009-12-01 14:28:00,2009-12-01,GUEST,United Kingdom,False
489597,21687,1,8.65,8.65,2009-12-01 14:28:00,2009-12-01,GUEST,United Kingdom,False
489597,21688,2,6.04,12.08,2009-12-01 14:28:00,2009-12-01,GUEST,United Kingdom,False
489597,21694,1,6.04,6.04,2009-12-01 14:28:00,2009-12-01,GUEST,United Kingdom,False
489597,21700,1,8.65,8.65,2009-12-01 14:28:00,2009-12-01,GUEST,United Kingdom,False
489597,21704,1,1.7,1.7,2009-12-01 14:28:00,2009-12-01,GUEST,United Kingdom,False
489597,21719,2,1.7,3.4,2009-12-01 14:28:00,2009-12-01,GUEST,United Kingdom,False
489597,21721,2,1.7,3.4,2009-12-01 14:28:00,2009-12-01,GUEST,United Kingdom,False
489597,21722,2,1.7,3.4,2009-12-01 14:28:00,2009-12-01,GUEST,United Kingdom,False
489597,21724,1,1.7,1.7,2009-12-01 14:28:00,2009-12-01,GUEST,United Kingdom,False
489597,21725,1,1.7,1.7,2009-12-01 14:28:00,2009-12-01,GUEST,United Kingdom,False
489597,21730,1,10.39,10.39,2009-12-01 14:28:00,2009-12-01,GUEST,United Kingdom,False
489597,21731,2,3.43,6.86,2009-12-01 14:28:00,2009-12-01,GUEST,United Kingdom,False
489597,21733,2,6.04,12.08,2009-12-01 14:28:00,2009-12-01,GUEST,United Kingdom,False
489597,21740,6,6.04,36.24,2009-12-01 14:28:00,2009-12-01,GUEST,United Kingdom,False
489597,21741,1,6.04,6.04,2009-12-01 14:28:00,2009-12-01,GUEST,United Kingdom,False
489597,21743,1,6.04,6.04,2009-12-01 14:28:00,2009-12-01,GUEST,United Kingdom,False
489597,21746,4,2.57,10.28,2009-12-01 14:28:00,2009-12-01,GUEST,United Kingdom,False
489597,21754,1,12.13,12.13,2009-12-01 14:28:00,2009-12-01,GUEST,United Kingdom,False
489597,21770,1,10.39,10.39,2009-12-01 14:28:00,2009-12-01,GUEST,United Kingdom,False
489597,21773,2,2.57,5.14,2009-12-01 14:28:00,2009-12-01,GUEST,United Kingdom,False
489597,21781,1,30.39,30.39,2009-12-01 14:28:00,2009-12-01,GUEST,United Kingdom,False
489597,21784,3,21.7,65.1,2009-12-01 14:28:00,2009-12-01,GUEST,United Kingdom,False
489597,21788,1,1.7,1.7,2009-12-01 14:28:00,2009-12-01,GUEST,United Kingdom,False
489597,21790,5,1.7,8.5,2009-12-01 14:28:00,2009-12-01,GUEST,United Kingdom,False
489597,21791,4,2.57,10.28,2009-12-01 14:28:00,2009-12-01,GUEST,United Kingdom,False
489597,21805,5,0.87,4.35,2009-12-01 14:28:00,2009-12-01,GUEST,United Kingdom,False
489597,21806,4,0.87,3.48,2009-12-01 14:28:00,2009-12-01,GUEST,United Kingdom,False
489597,21807,4,0.87,3.48,2009-12-01 14:28:00,2009-12-01,GUEST,United Kingdom,False
489597,21808,1,7.78,7.78,2009-12-01 14:28:00,2009-12-01,GUEST,United Kingdom,False
489597,21809,1,2.57,2.57,2009-12-01 14:28:00,2009-12-01,GUEST,United Kingdom,False
489597,21812,1,10.39,10.39,2009-12-01 14:28:00,2009-12-01,GUEST,United Kingdom,False
489597,21816,2,3.04,6.08,2009-12-01 14:28:00,2009-12-01,GUEST,United Kingdom,False
489597,21826,4,2.57,10.28,2009-12-01 14:28:00,2009-12-01,GUEST,United Kingdom,False
489597,21827,4,2.57,10.28,2009-12-01 14:28:00,2009-12-01,GUEST,United Kingdom,False
489597,21828,3,2.57,7.71,2009-12-01 14:28:00,2009-12-01,GUEST,United Kingdom,False
489597,21829,6,0.43,2.58,2009-12-01 14:28:00,2009-12-01,GUEST,United Kingdom,False
489597,21832,2,3.43,6.86,2009-12-01 14:28:00,2009-12-01,GUEST,United Kingdom,False
489597,21833,2,3.43,6.86,2009-12-01 14:28:00,2009-12-01,GUEST,United Kingdom,False
489597,21843,2,21.7,43.4,2009-12-01 14:28:00,2009-12-01,GUEST,United Kingdom,False
489597,21844,4,6.04,24.16,2009-12-01 14:28:00,2009-12-01,GUEST,United Kingdom,False
489597,21864,1,4.3,4.3,2009-12-01 14:28:00,2009-12-01,GUEST,United Kingdom,False
489597,21865,1,4.3,4.3,2009-12-01 14:28:00,2009-12-01,GUEST,United Kingdom,False
489597,21866,2,2.57,5.14,2009-12-01 14:28:00,2009-12-01,GUEST,United Kingdom,False
489597,21867,2,2.57,5.14,2009-12-01 14:28:00,2009-12-01,GUEST,United Kingdom,False
489597,21868,2,3.43,6.86,2009-12-01 14:28:00,2009-12-01,GUEST,United Kingdom,False
489597,21870,1,3.43,3.43,2009-12-01 14:28:00,2009-12-01,GUEST,United Kingdom,False
489597,21871,3,3.43,10.29,2009-12-01 14:28:00,2009-12-01,GUEST,United Kingdom,False
489597,21875,2,3.43,6.86,2009-12-01 14:28:00,2009-12-01,GUEST,United Kingdom,False
489597,21876,1,3.43,3.43,2009-12-01 14:28:00,2009-12-01,GUEST,United Kingdom,False
489597,21883,1,1.7,1.7,2009-12-01 14:28:00,2009-12-01,GUEST,United Kingdom,False
489597,21888,1,7.78,7.78,2009-12-01 14:28:00,2009-12-01,GUEST,United Kingdom,False
489597,21889,4,2.57,10.28,2009-12-01 14:28:00,2009-12-01,GUEST,United Kingdom,False
489597,21890,1,6.04,6.04,2009-12-01 14:28:00,2009-12-01,GUEST,United Kingdom,False
489597,21891,1,2.57,2.57,2009-12-01 14:28:00,2009-12-01,GUEST,United Kingdom,False
489597,21892,6,2.57,15.42,2009-12-01 14:28:00,2009-12-01,GUEST,United Kingdom,False
489597,21896,2,4.3,8.6,2009-12-01 14:28:00,2009-12-01,GUEST,United Kingdom,False
489597,21897,1,6.04,6.04,2009-12-01 14:28:00,2009-12-01,GUEST,United Kingdom,False
489597,21899,1,1.7,1.7,2009-12-01 14:28:00,2009-12-01,GUEST,United Kingdom,False
489597,21901,1,1.7,1.7,2009-12-01 14:28:00,2009-12-01,GUEST,United Kingdom,False
489597,21912,1,7.78,7.78,2009-12-01 14:28:00,2009-12-01,GUEST,United Kingdom,False
489597,21931,1,4.3,4.3,2009-12-01 14:28:00,2009-12-01,GUEST,United Kingdom,False
489597,21934,5,3.43,17.15,2009-12-01 14:28:00,2009-12-01,GUEST,United Kingdom,False
489597,21935,4,3.43,13.72,2009-12-01 14:28:00,2009-12-01,GUEST,United Kingdom,False
489597,21942,4,1.7,6.8,2009-12-01 14:28:00,2009-12-01,GUEST,United Kingdom,False
489597,21945,3,1.7,5.1,2009-12-01 14:28:00,2009-12-01,GUEST,United Kingdom,False
489597,21967,1,0.83,0.83,2009-12-01 14:28:00,2009-12-01,GUEST,United Kingdom,False
489597,21975,1,1.3,1.3,2009-12-01 14:28:00,2009-12-01,GUEST,United Kingdom,False
489597,21977,3,1.3,3.9,2009-12-01 14:28:00,2009-12-01,GUEST,United Kingdom,False
489597,21985,1,0.83,0.83,2009-12-01 14:28:00,2009-12-01,GUEST,United Kingdom,False
489597,21990,1,6.04,6.04,2009-12-01 14:28:00,2009-12-01,GUEST,United Kingdom,False
489597,21993,1,6.04,6.04,2009-12-01 14:28:00,2009-12-01,GUEST,United Kingdom,False
489597,22054,1,3.43,3.43,2009-12-01 14:28:00,2009-12-01,GUEST,United Kingdom,False
489597,22055,2,3.43,6.86,2009-12-01 14:28:00,2009-12-01,GUEST,United Kingdom,False
489597,22064,3,3.43,10.29,2009-12-01 14:28:00,2009-12-01,GUEST,United Kingdom,False
489597,22068,1,3.43,3.43,2009-12-01 14:28:00,2009-12-01,GUEST,United Kingdom,False
489597,22069,1,3.43,3.43,2009-12-01 14:28:00,2009-12-01,GUEST,United Kingdom,False
489597,22072,10,7.78,77.8,2009-12-01 14:28:00,2009-12-01,GUEST,United Kingdom,False
489597,22079,2,3.43,6.86,2009-12-01 14:28:00,2009-12-01,GUEST,United Kingdom,False
489597,22081,1,3.43,3.43,2009-12-01 14:28:00,2009-12-01,GUEST,United Kingdom,False
489597,22083,1,6.04,6.04,2009-12-01 14:28:00,2009-12-01,GUEST,United Kingdom,False
489597,22086,12,6.04,72.48,2009-12-01 14:28:00,2009-12-01,GUEST,United Kingdom,False
489597,22107,3,7.78,23.34,2009-12-01 14:28:00,2009-12-01,GUEST,United Kingdom,False
489597,22108,1,7.78,7.78,2009-12-01 14:28:00,2009-12-01,GUEST,United Kingdom,False
489597,22109,2,7.78,15.56,2009-12-01 14:28:00,2009-12-01,GUEST,United Kingdom,False
489597,22111,1,8.65,8.65,2009-12-01 14:28:00,2009-12-01,GUEST,United Kingdom,False
489597,84380,3,2.57,7.71,2009-12-01 14:28:00,2009-12-01,GUEST,United Kingdom,False
489597,22111,4,11.26,45.04,2009-12-01 14:28:00,2009-12-01,GUEST,United Kingdom,False
489597,22112,1,11.26,11.26,2009-12-01 14:28:00,2009-12-01,GUEST,United Kingdom,False
489597,22113,1,7.78,7.78,2009-12-01 14:28:00,2009-12-01,GUEST,United Kingdom,False
489597,22114,9,8.65,77.85,2009-12-01 14:28:00,2009-12-01,GUEST,United Kingdom,False
489597,22115,1,6.04,6.04,2009-12-01 14:28:00,2009-12-01,GUEST,United Kingdom,False
489597,22117,1,6.04,6.04,2009-12-01 14:28:00,2009-12-01,GUEST,United Kingdom,False
489597,22118,1,12.13,12.13,2009-12-01 14:28:00,2009-12-01,GUEST,United Kingdom,False
489597,22121,1,12.13,12.13,2009-12-01 14:28:00,2009-12-01,GUEST,United Kingdom,False
489597,22122,1,6.04,6.04,2009-12-01 14:28:00,2009-12-01,GUEST,United Kingdom,False
489597,22130,1,8.65,8.65,2009-12-01 14:28:00,2009-12-01,GUEST,United Kingdom,False
489597,22132,6,1.7,10.2,2009-12-01 14:28:00,2009-12-01,GUEST,United Kingdom,False
489597,22133,4,1.7,6.8,2009-12-01 14:28:00,2009-12-01,GUEST,United Kingdom,False
489597,22134,1,0.87,0.87,2009-12-01 14:28:00,2009-12-01,GUEST,United Kingdom,False
489597,22135,1,0.87,0.87,2009-12-01 14:28:00,2009-12-01,GUEST,United Kingdom,False
489597,22138,3,11.26,33.78,2009-12-01 14:28:00,2009-12-01,GUEST,United Kingdom,False
489597,22139,2,11.26,22.52,2009-12-01 14:28:00,2009-12-01,GUEST,United Kingdom,False
489597,22141,6,4.3,25.8,2009-12-01 14:28:00,2009-12-01,GUEST,United Kingdom,False
489597,22142,2,3.43,6.86,2009-12-01 14:28:00,2009-12-01,GUEST,United Kingdom,False
489597,22143,2,4.3,8.6,2009-12-01 14:28:00,2009-12-01,GUEST,United Kingdom,False
489597,22144,3,4.3,12.9,2009-12-01 14:28:00,2009-12-01,GUEST,United Kingdom,False
489597,22147,1,3.43,3.43,2009-12-01 14:28:00,2009-12-01,GUEST,United Kingdom,False
489597,22149,2,4.3,8.6,2009-12-01 14:28:00,2009-12-01,GUEST,United Kingdom,False
489597,22150,2,4.3,8.6,2009-12-01 14:28:00,2009-12-01,GUEST,United Kingdom,False
489597,22153,5,0.87,4.35,2009-12-01 14:28:00,2009-12-01,GUEST,United Kingdom,False
489597,22155,5,0.87,4.35,2009-12-01 14:28:00,2009-12-01,GUEST,United Kingdom,False
489597,22156,2,1.7,3.4,2009-12-01 14:28:00,2009-12-01,GUEST,United Kingdom,False
489597,22163,2,6.04,12.08,2009-12-01 14:28:00,2009-12-01,GUEST,United Kingdom,False
489597,22173,1,6.04,6.04,2009-12-01 14:28:00,2009-12-01,GUEST,United Kingdom,False
489597,22174,5,3.43,17.15,2009-12-01 14:28:00,2009-12-01,GUEST,United Kingdom,False
489597,22177,1,21.7,21.7,2009-12-01 14:28:00,2009-12-01,GUEST,United Kingdom,False
489597,22187,2,8.65,17.3,2009-12-01 14:28:00,2009-12-01,GUEST,United Kingdom,False
489597,22189,1,8.65,8.65,2009-12-01 14:28:00,2009-12-01,GUEST,United Kingdom,False
489597,22190,2,4.3,8.6,2009-12-01 14:28:00,2009-12-01,GUEST,United Kingdom,False
489597,22195,2,3.43,6.86,2009-12-01 14:28:00,2009-12-01,GUEST,United Kingdom,False
489597,22196,4,1.7,6.8,2009-12-01 14:28:00,2009-12-01,GUEST,United Kingdom,False
489597,22197,6,1.7,10.2,2009-12-01 14:28:00,2009-12-01,GUEST,United Kingdom,False
489597,22198,6,3.43,20.58,2009-12-01 14:28:00,2009-12-01,GUEST,United Kingdom,False
489597,22199,1,8.65,8.65,2009-12-01 14:28:00,2009-12-01,GUEST,United Kingdom,False
489597,22203,1,7.78,7.78,2009-12-01 14:28:00,2009-12-01,GUEST,United Kingdom,False
489597,22207,1,8.65,8.65,2009-12-01 14:28:00,2009-12-01,GUEST,United Kingdom,False
489597,22208,1,3.43,3.43,2009-12-01 14:28:00,2009-12-01,GUEST,United Kingdom,False
489597,22212,1,4.3,4.3,2009-12-01 14:28:00,2009-12-01,GUEST,United Kingdom,False
489597,22224,3,6.04,18.12,2009-12-01 14:28:00,2009-12-01,GUEST,United Kingdom,False
489597,22261,1,1.7,1.7,2009-12-01 14:28:00,2009-12-01,GUEST,United Kingdom,False
489597,22262,4,1.7,6.8,2009-12-01 14:28:00,2009-12-01,GUEST,United Kingdom,False
489597,22273,2,6.04,12.08,2009-12-01 14:28:00,2009-12-01,GUEST,United Kingdom,False
489597,22274,2,6.04,12.08,2009-12-01 14:28:00,2009-12-01,GUEST,United Kingdom,False
489597,22286,1,3.43,3.43,2009-12-01 14:28:00,2009-12-01,GUEST,United Kingdom,False
489597,22288,1,2.57,2.57,2009-12-01 14:28:00,2009-12-01,GUEST,United Kingdom,False
489597,22289,1,2.57,2.57,2009-12-01 14:28:00,2009-12-01,GUEST,United Kingdom,False
489597,22295,1,3.43,3.43,2009-12-01 14:28:00,2009-12-01,GUEST,United Kingdom,False
489597,22296,1,3.43,3.43,2009-12-01 14:28:00,2009-12-01,GUEST,United Kingdom,False
489597,22297,3,2.57,7.71,2009-12-01 14:28:00,2009-12-01,GUEST,United Kingdom,False
489597,22300,4,5.17,20.68,2009-12-01 14:28:00,2009-12-01,GUEST,United Kingdom,False
489597,22301,1,5.17,5.17,2009-12-01 14:28:00,2009-12-01,GUEST,United Kingdom,False
489597,22302,1,5.17,5.17,2009-12-01 14:28:00,2009-12-01,GUEST,United Kingdom,False
489597,22303,2,5.17,10.34,2009-12-01 14:28:00,2009-12-01,GUEST,United Kingdom,False
489597,22311,2,8.65,17.3,2009-12-01 14:28:00,2009-12-01,GUEST,United Kingdom,False
489597,22312,1,8.65,8.65,2009-12-01 14:28:00,2009-12-01,GUEST,United Kingdom,False
489597,22315,1,2.57,2.57,2009-12-01 14:28:00,2009-12-01,GUEST,United Kingdom,False
489597,22324,1,10.39,10.39,2009-12-01 14:28:00,2009-12-01,GUEST,United Kingdom,False
489597,22336,3,1.3,3.9,2009-12-01 14:28:00,2009-12-01,GUEST,United Kingdom,False
489597,22347,1,2.57,2.57,2009-12-01 14:28:00,2009-12-01,GUEST,United Kingdom,False
489597,22348,1,1.7,1.7,2009-12-01 14:28:00,2009-12-01,GUEST,United Kingdom,False
489597,22353,1,5.17,5.17,2009-12-01 14:28:00,2009-12-01,GUEST,United Kingdom,False
489597,22355,14,1.7,23.8,2009-12-01 14:28:00,2009-12-01,GUEST,United Kingdom,False
489597,22356,2,1.7,3.4,2009-12-01 14:28:00,2009-12-01,GUEST,United Kingdom,False
489597,30086C,1,1.7,1.7,2009-12-01 14:28:00,2009-12-01,GUEST,United Kingdom,False
489597,35001W,2,8.65,17.3,2009-12-01 14:28:00,2009-12-01,GUEST,United Kingdom,False
489597,35004B,3,13.0,39.0,2009-12-01 14:28:00,2009-12-01,GUEST,United Kingdom,False
489597,35004S,2,13.0,26.0,2009-12-01 14:28:00,2009-12-01,GUEST,United Kingdom,False
489597,35400,1,17.35,17.35,2009-12-01 14:28:00,2009-12-01,GUEST,United Kingdom,False
489597,35471A,2,2.57,5.14,2009-12-01 14:28:00,2009-12-01,GUEST,United Kingdom,False
489597,35471D,5,2.57,12.85,2009-12-01 14:28:00,2009-12-01,GUEST,United Kingdom,False
489597,35594,1,1.7,1.7,2009-12-01 14:28:00,2009-12-01,GUEST,United Kingdom,False
489597,35598B,1,6.91,6.91,2009-12-01 14:28:00,2009-12-01,GUEST,United Kingdom,False
489597,35599D,2,6.04,12.08,2009-12-01 14:28:00,2009-12-01,GUEST,United Kingdom,False
489597,35600D,1,21.7,21.7,2009-12-01 14:28:00,2009-12-01,GUEST,United Kingdom,False
489597,35951,1,8.65,8.65,2009-12-01 14:28:00,2009-12-01,GUEST,United Kingdom,False
489597,35961,1,1.7,1.7,2009-12-01 14:28:00,2009-12-01,GUEST,United Kingdom,False
489597,35962,1,4.3,4.3,2009-12-01 14:28:00,2009-12-01,GUEST,United Kingdom,False
489597,37422,2,1.7,3.4,2009-12-01 14:28:00,2009-12-01,GUEST,United Kingdom,False
489597,37424,1,1.7,1.7,2009-12-01 14:28:00,2009-12-01,GUEST,United Kingdom,False
489597,37444A,3,6.04,18.12,2009-12-01 14:28:00,2009-12-01,GUEST,United Kingdom,False
489597,37444C,1,6.04,6.04,2009-12-01 14:28:00,2009-12-01,GUEST,United Kingdom,False
489597,37446,2,3.43,6.86,2009-12-01 14:28:00,2009-12-01,GUEST,United Kingdom,False
489597,37449,1,21.7,21.7,2009-12-01 14:28:00,2009-12-01,GUEST,United Kingdom,False
489597,37462B,2,0.86,1.72,2009-12-01 14:28:00,2009-12-01,GUEST,United Kingdom,False
489597,37464,1,2.57,2.57,2009-12-01 14:28:00,2009-12-01,GUEST,United Kingdom,False
489597,37489C,1,4.3,4.3,2009-12-01 14:28:00,2009-12-01,GUEST,United Kingdom,False
489597,37503,1,21.7,21.7,2009-12-01 14:28:00,2009-12-01,GUEST,United Kingdom,False
489597,37508,1,5.17,5.17,2009-12-01 14:28:00,2009-12-01,GUEST,United Kingdom,False
489597,47471,1,1.52,1.52,2009-12-01 14:28:00,2009-12-01,GUEST,United Kingdom,False
489597,47587A,2,1.7,3.4,2009-12-01 14:28:00,2009-12-01,GUEST,United Kingdom,False
489597,47591C,2,4.3,8.6,2009-12-01 14:28:00,2009-12-01,GUEST,United Kingdom,False
489597,47591D,1,4.3,4.3,2009-12-01 14:28:00,2009-12-01,GUEST,United Kingdom,False
489597,47598,1,1.3,1.3,2009-12-01 14:28:00,2009-12-01,GUEST,United Kingdom,False
489597,48129,1,13.87,13.87,2009-12-01 14:28:00,2009-12-01,GUEST,United Kingdom,False
489597,48173C,2,13.87,27.74,2009-12-01 14:28:00,2009-12-01,GUEST,United Kingdom,False
489597,48188,1,13.87,13.87,2009-12-01 14:28:00,2009-12-01,GUEST,United Kingdom,False
489597,51014A,1,1.7,1.7,2009-12-01 14:28:00,2009-12-01,GUEST,United Kingdom,False
489597,51014C,1,1.7,1.7,2009-12-01 14:28:00,2009-12-01,GUEST,United Kingdom,False
489597,70006,2,3.43,6.86,2009-12-01 14:28:00,2009-12-01,GUEST,United Kingdom,False
489597,70007,1,3.43,3.43,2009-12-01 14:28:00,2009-12-01,GUEST,United Kingdom,False
489597,71143,2,2.57,5.14,2009-12-01 14:28:00,2009-12-01,GUEST,United Kingdom,False
489597,72051S,1,0.86,0.86,2009-12-01 14:28:00,2009-12-01,GUEST,United Kingdom,False
489597,72598,1,1.7,1.7,2009-12-01 14:28:00,2009-12-01,GUEST,United Kingdom,False
489597,72741,1,8.65,8.65,2009-12-01 14:28:00,2009-12-01,GUEST,United Kingdom,False
489597,72799E,1,6.04,6.04,2009-12-01 14:28:00,2009-12-01,GUEST,United Kingdom,False
489597,72800A,1,5.17,5.17,2009-12-01 14:28:00,2009-12-01,GUEST,United Kingdom,False
489597,72802C,2,8.65,17.3,2009-12-01 14:28:00,2009-12-01,GUEST,United Kingdom,False
489597,72807A,1,8.65,8.65,2009-12-01 14:28:00,2009-12-01,GUEST,United Kingdom,False
489597,72807B,1,8.65,8.65,2009-12-01 14:28:00,2009-12-01,GUEST,United Kingdom,False
489597,72807C,1,8.65,8.65,2009-12-01 14:28:00,2009-12-01,GUEST,United Kingdom,False
489597,72816,1,5.17,5.17,2009-12-01 14:28:00,2009-12-01,GUEST,United Kingdom,False
489597,75013B,1,3.43,3.43,2009-12-01 14:28:00,2009-12-01,GUEST,United Kingdom,False
489597,77081,1,2.57,2.57,2009-12-01 14:28:00,2009-12-01,GUEST,United Kingdom,False
489597,79000,4,5.17,20.68,2009-12-01 14:28:00,2009-12-01,GUEST,United Kingdom,False
489597,79026B,1,2.57,2.57,2009-12-01 14:28:00,2009-12-01,GUEST,United Kingdom,False
489597,79030A,1,13.0,13.0,2009-12-01 14:28:00,2009-12-01,GUEST,United Kingdom,False
489597,79067,2,8.65,17.3,2009-12-01 14:28:00,2009-12-01,GUEST,United Kingdom,False
489597,79160,1,3.43,3.43,2009-12-01 14:28:00,2009-12-01,GUEST,United Kingdom,False
489597,79164,2,21.7,43.4,2009-12-01 14:28:00,2009-12-01,GUEST,United Kingdom,False
489597,79303D,1,6.04,6.04,2009-12-01 14:28:00,2009-12-01,GUEST,United Kingdom,False
489597,79323W,1,13.87,13.87,2009-12-01 14:28:00,2009-12-01,GUEST,United Kingdom,False
489597,79341,1,13.87,13.87,2009-12-01 14:28:00,2009-12-01,GUEST,United Kingdom,False
489597,82076,1,3.43,3.43,2009-12-01 14:28:00,2009-12-01,GUEST,United Kingdom,False
489597,82093,1,3.43,3.43,2009-12-01 14:28:00,2009-12-01,GUEST,United Kingdom,False
489597,82553,2,3.43,6.86,2009-12-01 14:28:00,2009-12-01,GUEST,United Kingdom,False
489597,82578,1,1.3,1.3,2009-12-01 14:28:00,2009-12-01,GUEST,United Kingdom,False
489597,82582,2,4.3,8.6,2009-12-01 14:28:00,2009-12-01,GUEST,United Kingdom,False
489597,82583,1,4.3,4.3,2009-12-01 14:28:00,2009-12-01,GUEST,United Kingdom,False
489597,82607C,1,2.57,2.57,2009-12-01 14:28:00,2009-12-01,GUEST,United Kingdom,False
489597,82613B,1,2.57,2.57,2009-12-01 14:28:00,2009-12-01,GUEST,United Kingdom,False
489597,84006,1,1.7,1.7,2009-12-01 14:28:00,2009-12-01,GUEST,United Kingdom,False
489597,84029E,1,7.78,7.78,2009-12-01 14:28:00,2009-12-01,GUEST,United Kingdom,False
489597,84029G,1,7.78,7.78,2009-12-01 14:28:00,2009-12-01,GUEST,United Kingdom,False
489597,84030C,1,7.78,7.78,2009-12-01 14:28:00,2009-12-01,GUEST,United Kingdom,False
489597,84032A,1,6.04,6.04,2009-12-01 14:28:00,2009-12-01,GUEST,United Kingdom,False
489597,84251F,2,0.86,1.72,2009-12-01 14:28:00,2009-12-01,GUEST,United Kingdom,False
489597,84251G,1,0.86,0.86,2009-12-01 14:28:00,2009-12-01,GUEST,United Kingdom,False
489597,84279B,1,8.65,8.65,2009-12-01 14:28:00,2009-12-01,GUEST,United Kingdom,False
489597,84313B,1,17.35,17.35,2009-12-01 14:28:00,2009-12-01,GUEST,United Kingdom,False
489597,84347,4,5.17,20.68,2009-12-01 14:28:00,2009-12-01,GUEST,United Kingdom,False
489597,84375,4,4.3,17.2,2009-12-01 14:28:00,2009-12-01,GUEST,United Kingdom,False
489597,84378,1,2.57,2.57,2009-12-01 14:28:00,2009-12-01,GUEST,United Kingdom,False
489597,84459A,2,3.43,6.86,2009-12-01 14:28:00,2009-12-01,GUEST,United Kingdom,False
489597,84466,3,2.57,7.71,2009-12-01 14:28:00,2009-12-01,GUEST,United Kingdom,False
489597,84509A,1,7.78,7.78,2009-12-01 14:28:00,2009-12-01,GUEST,United Kingdom,False
489597,84510A,1,2.57,2.57,2009-12-01 14:28:00,2009-12-01,GUEST,United Kingdom,False
489597,84510B,1,2.57,2.57,2009-12-01 14:28:00,2009-12-01,GUEST,United Kingdom,False
489597,84535A,3,1.52,4.56,2009-12-01 14:28:00,2009-12-01,GUEST,United Kingdom,False
489597,84536A,1,0.83,0.83,2009-12-01 14:28:00,2009-12-01,GUEST,United Kingdom,False
489597,84536B,1,0.83,0.83,2009-12-01 14:28:00,2009-12-01,GUEST,United Kingdom,False
489597,84558A,1,6.04,6.04,2009-12-01 14:28:00,2009-12-01,GUEST,United Kingdom,False
489597,84559A,1,1.73,1.73,2009-12-01 14:28:00,2009-12-01,GUEST,United Kingdom,False
489597,84578,1,4.3,4.3,2009-12-01 14:28:00,2009-12-01,GUEST,United Kingdom,False
489597,84596B,1,2.57,2.57,2009-12-01 14:28:00,2009-12-01,GUEST,United Kingdom,False
489597,84596E,1,2.57,2.57,2009-12-01 14:28:00,2009-12-01,GUEST,United Kingdom,False
489597,84598,1,0.43,0.43,2009-12-01 14:28:00,2009-12-01,GUEST,United Kingdom,False
489597,84673B,1,1.3,1.3,2009-12-01 14:28:00,2009-12-01,GUEST,United Kingdom,False
489597,84686,1,8.65,8.65,2009-12-01 14:28:00,2009-12-01,GUEST,United Kingdom,False
489597,84750A,2,4.3,8.6,2009-12-01 14:28:00,2009-12-01,GUEST,United Kingdom,False
489597,84755,1,5.17,5.17,2009-12-01 14:28:00,2009-12-01,GUEST,United Kingdom,False
489597,84791,1,6.04,6.04,2009-12-01 14:28:00,2009-12-01,GUEST,United Kingdom,False
489597,84836,4,2.57,10.28,2009-12-01 14:28:00,2009-12-01,GUEST,United Kingdom,False
489597,84839,1,13.0,13.0,2009-12-01 14:28:00,2009-12-01,GUEST,United Kingdom,False
489597,84854,5,8.65,43.25,2009-12-01 14:28:00,2009-12-01,GUEST,United Kingdom,False
489597,84877B,1,3.43,3.43,2009-12-01 14:28:00,2009-12-01,GUEST,United Kingdom,False
489597,84884A,1,8.65,8.65,2009-12-01 14:28:00,2009-12-01,GUEST,United Kingdom,False
489597,84901,1,4.3,4.3,2009-12-01 14:28:00,2009-12-01,GUEST,United Kingdom,False
489597,84902,2,4.3,8.6,2009-12-01 14:28:00,2009-12-01,GUEST,United Kingdom,False
489597,84912B,1,7.78,7.78,2009-12-01 14:28:00,2009-12-01,GUEST,United Kingdom,False
489597,84926C,1,2.57,2.57,2009-12-01 14:28:00,2009-12-01,GUEST,United Kingdom,False
489597,84931A,1,5.17,5.17,2009-12-01 14:28:00,2009-12-01,GUEST,United Kingdom,False
489597,84937,1,11.26,11.26,2009-12-01 14:28:00,2009-12-01,GUEST,United Kingdom,False
489597,84944,1,7.78,7.78,2009-12-01 14:28:00,2009-12-01,GUEST,United Kingdom,False
489597,84946,6,2.57,15.42,2009-12-01 14:28:00,2009-12-01,GUEST,United Kingdom,False
489597,84991,5,1.3,6.5,2009-12-01 14:28:00,2009-12-01,GUEST,United Kingdom,False
489597,84992,2,1.3,2.6,2009-12-01 14:28:00,2009-12-01,GUEST,United Kingdom,False
489597,85014B,1,13.0,13.0,2009-12-01 14:28:00,2009-12-01,GUEST,United Kingdom,False
489597,85014C,1,13.0,13.0,2009-12-01 14:28:00,2009-12-01,GUEST,United Kingdom,False
489597,85015,1,2.57,2.57,2009-12-01 14:28:00,2009-12-01,GUEST,United Kingdom,False
489597,85016,2,2.57,5.14,2009-12-01 14:28:00,2009-12-01,GUEST,United Kingdom,False
489597,85017A,1,0.83,0.83,2009-12-01 14:28:00,2009-12-01,GUEST,United Kingdom,False
489597,85017C,1,0.83,0.83,2009-12-01 14:28:00,2009-12-01,GUEST,United Kingdom,False
489597,85026B,1,1.7,1.7,2009-12-01 14:28:00,2009-12-01,GUEST,United Kingdom,False
489597,85031A,1,3.43,3.43,2009-12-01 14:28:00,2009-12-01,GUEST,United Kingdom,False
489597,85031B,2,3.43,6.86,2009-12-01 14:28:00,2009-12-01,GUEST,United Kingdom,False
489597,85031C,1,3.43,3.43,2009-12-01 14:28:00,2009-12-01,GUEST,United Kingdom,False
489597,85033G,4,4.3,17.2,2009-12-01 14:28:00,2009-12-01,GUEST,United Kingdom,False
489597,85033S,1,4.3,4.3,2009-12-01 14:28:00,2009-12-01,GUEST,United Kingdom,False
489597,85034B,1,8.65,8.65,2009-12-01 14:28:00,2009-12-01,GUEST,United Kingdom,False
489597,85039A,1,3.43,3.43,2009-12-01 14:28:00,2009-12-01,GUEST,United Kingdom,False
489597,85041,1,3.43,3.43,2009-12-01 14:28:00,2009-12-01,GUEST,United Kingdom,False
489597,85042,1,11.26,11.26,2009-12-01 14:28:00,2009-12-01,GUEST,United Kingdom,False
489597,85048,1,17.35,17.35,2009-12-01 14:28:00,2009-12-01,GUEST,United Kingdom,False
489597,85061W,1,1.7,1.7,2009-12-01 14:28:00,2009-12-01,GUEST,United Kingdom,False
489597,85064,2,11.26,22.52,2009-12-01 14:28:00,2009-12-01,GUEST,United Kingdom,False
489597,85066,1,26.04,26.04,2009-12-01 14:28:00,2009-12-01,GUEST,United Kingdom,False
489597,85086A,1,1.7,1.7,2009-12-01 14:28:00,2009-12-01,GUEST,United Kingdom,False
489597,85099B,3,4.3,12.9,2009-12-01 14:28:00,2009-12-01,GUEST,United Kingdom,False
489597,85112,2,2.57,5.14,2009-12-01 14:28:00,2009-12-01,GUEST,United Kingdom,False
489597,85114B,1,3.43,3.43,2009-12-01 14:28:00,2009-12-01,GUEST,United Kingdom,False
489597,85116,2,1.7,3.4,2009-12-01 14:28:00,2009-12-01,GUEST,United Kingdom,False
489597,85123A,3,6.04,18.12,2009-12-01 14:28:00,2009-12-01,GUEST,United Kingdom,False
489597,85124A,1,5.17,5.17,2009-12-01 14:28:00,2009-12-01,GUEST,United Kingdom,False
489597,85129D,1,2.57,2.57,2009-12-01 14:28:00,2009-12-01,GUEST,United Kingdom,False
489597,85130A,1,3.43,3.43,2009-12-01 14:28:00,2009-12-01,GUEST,United Kingdom,False
489597,85135B,1,8.65,8.65,2009-12-01 14:28:00,2009-12-01,GUEST,United Kingdom,False
489597,85136A,2,8.65,17.3,2009-12-01 14:28:00,2009-12-01,GUEST,United Kingdom,False
489597,85150,1,5.17,5.17,2009-12-01 14:28:00,2009-12-01,GUEST,United Kingdom,False
489597,85152,2,4.3,8.6,2009-12-01 14:28:00,2009-12-01,GUEST,United Kingdom,False
489597,85180B,1,9.52,9.52,2009-12-01 14:28:00,2009-12-01,GUEST,United Kingdom,False
489597,85183A,1,7.78,7.78,2009-12-01 14:28:00,2009-12-01,GUEST,United Kingdom,False
489597,85184C,3,6.04,18.12,2009-12-01 14:28:00,2009-12-01,GUEST,United Kingdom,False
489597,85184D,1,6.04,6.04,2009-12-01 14:28:00,2009-12-01,GUEST,United Kingdom,False
489597,85185B,1,6.04,6.04,2009-12-01 14:28:00,2009-12-01,GUEST,United Kingdom,False
489597,85185D,1,6.04,6.04,2009-12-01 14:28:00,2009-12-01,GUEST,United Kingdom,False
489597,85186A,1,0.83,0.83,2009-12-01 14:28:00,2009-12-01,GUEST,United Kingdom,False
489597,85186C,1,0.83,0.83,2009-12-01 14:28:00,2009-12-01,GUEST,United Kingdom,False
489597,85199S,5,0.83,4.15,2009-12-01 14:28:00,2009-12-01,GUEST,United Kingdom,False
489597,85211,2,3.43,6.86,2009-12-01 14:28:00,2009-12-01,GUEST,United Kingdom,False
489597,85217,1,7.78,7.78,2009-12-01 14:28:00,2009-12-01,GUEST,United Kingdom,False
489597,85227,1,1.7,1.7,2009-12-01 14:28:00,2009-12-01,GUEST,United Kingdom,False
489597,85231B,1,1.7,1.7,2009-12-01 14:28:00,2009-12-01,GUEST,United Kingdom,False
489597,85231G,1,1.7,1.7,2009-12-01 14:28:00,2009-12-01,GUEST,United Kingdom,False
489597,90000D,1,6.5,6.5,2009-12-01 14:28:00,2009-12-01,GUEST,United Kingdom,False
489597,90005A,1,2.16,2.16,2009-12-01 14:28:00,2009-12-01,GUEST,United Kingdom,False
489597,90039D,1,3.9,3.9,2009-12-01 14:28:00,2009-12-01,GUEST,United Kingdom,False
489597,90040D,1,3.9,3.9,2009-12-01 14:28:00,2009-12-01,GUEST,United Kingdom,False
489597,90081C,1,5.2,5.2,2009-12-01 14:28:00,2009-12-01,GUEST,United Kingdom,False
489597,90120C,1,4.33,4.33,2009-12-01 14:28:00,2009-12-01,GUEST,United Kingdom,False
489597,90125D,1,4.3,4.3,2009-12-01 14:28:00,2009-12-01,GUEST,United Kingdom,False
489597,90158,1,5.2,5.2,2009-12-01 14:28:00,2009-12-01,GUEST,United Kingdom,False
489597,90171,2,1.29,2.58,2009-12-01 14:28:00,2009-12-01,GUEST,United Kingdom,False
489597,90175C,1,9.55,9.55,2009-12-01 14:28:00,2009-12-01,GUEST,United Kingdom,False
489597,90184B,1,9.55,9.55,2009-12-01 14:28:00,2009-12-01,GUEST,United Kingdom,False
489597,90188,1,2.59,2.59,2009-12-01 14:28:00,2009-12-01,GUEST,United Kingdom,False
489597,90192,1,5.2,5.2,2009-12-01 14:28:00,2009-12-01,GUEST,United Kingdom,False
489597,90200D,3,4.33,12.99,2009-12-01 14:28:00,2009-12-01,GUEST,United Kingdom,False
489597,90206C,1,5.2,5.2,2009-12-01 14:28:00,2009-12-01,GUEST,United Kingdom,False
489597,90208,1,2.59,2.59,2009-12-01 14:28:00,2009-12-01,GUEST,United Kingdom,False
489597,DCGS0058,1,0.83,0.83,2009-12-01 14:28:00,2009-12-01,GUEST,United Kingdom,False
489597,DCGS0068,1,8.65,8.65,2009-12-01 14:28:00,2009-12-01,GUEST,United Kingdom,False
489597,DOT,1,647.19,647.19,2009-12-01 14:28:00,2009-12-01,GUEST,United Kingdom,False
489598,20685,2,6.75,13.5,2009-12-01 14:35:00,2009-12-01,16620,United Kingdom,False
489598,22180,1,9.95,9.95,2009-12-01 14:35:00,2009-12-01,16620,United Kingdom,False
489598,85090,3,4.65,13.95,2009-12-01 14:35:00,2009-12-01,16620,United Kingdom,False
489598,21670,12,1.25,15.0,2009-12-01 14:35:00,2009-12-01,16620,United Kingdom,False
489598,21671,12,1.25,15.0,2009-12-01 14:35:00,2009-12-01,16620,United Kingdom,False
489598,21121,24,1.25,30.0,2009-12-01 14:35:00,2009-12-01,16620,United Kingdom,False
489598,21122,24,1.25,30.0,2009-12-01 14:35:00,2009-12-01,16620,United Kingdom,False
489598,21124,24,1.25,30.0,2009-12-01 14:35:00,2009-12-01,16620,United Kingdom,False
489598,22218,3,4.25,12.75,2009-12-01 14:35:00,2009-12-01,16620,United Kingdom,False
489598,21242,8,1.69,13.52,2009-12-01 14:35:00,2009-12-01,16620,United Kingdom,False
489598,21238,8,0.85,6.8,2009-12-01 14:35:00,2009-12-01,16620,United Kingdom,False
489598,82482,6,2.55,15.3,2009-12-01 14:35:00,2009-12-01,16620,United Kingdom,False
489598,22189,4,3.95,15.8,2009-12-01 14:35:00,2009-12-01,16620,United Kingdom,False
489598,21650,24,0.65,15.6,2009-12-01 14:35:00,2009-12-01,16620,United Kingdom,False
489598,20983,12,0.85,10.2,2009-12-01 14:35:00,2009-12-01,16620,United Kingdom,False
489598,21356,12,1.25,15.0,2009-12-01 14:35:00,2009-12-01,16620,United Kingdom,False
489598,21357,12,1.25,15.0,2009-12-01 14:35:00,2009-12-01,16620,United Kingdom,False
489598,22280,6,2.1,12.6,2009-12-01 14:35:00,2009-12-01,16620,United Kingdom,False
489598,20982,12,0.85,10.2,2009-12-01 14:35:00,2009-12-01,16620,United Kingdom,False
489598,85099B,10,1.95,19.5,2009-12-01 14:35:00,2009-12-01,16620,United Kingdom,False
489598,21929,10,1.95,19.5,2009-12-01 14:35:00,2009-12-01,16620,United Kingdom,False
489598,90167,12,0.85,10.2,2009-12-01 14:35:00,2009-12-01,16620,United Kingdom,False
489598,21544,12,0.85,10.2,2009-12-01 14:35:00,2009-12-01,16620,United Kingdom,False
489598,21543,12,0.85,10.2,2009-12-01 14:35:00,2009-12-01,16620,United Kingdom,False
489598,21833,12,1.69,20.28,2009-12-01 14:35:00,2009-12-01,16620,United Kingdom,False
489598,21829,36,0.21,7.56,2009-12-01 14:35:00,2009-12-01,16620,United Kingdom,False
489598,47591D,8,1.95,15.6,2009-12-01 14:35:00,2009-12-01,16620,United Kingdom,False
489598,21100,10,1.65,16.5,2009-12-01 14:35:00,2009-12-01,16620,United Kingdom,False
489598,21642,24,0.85,20.4,2009-12-01 14:35:00,2009-12-01,16620,United Kingdom,False
489598,21639,24,0.85,20.4,2009-12-01 14:35:00,2009-12-01,16620,United Kingdom,False
489598,72023F,12,1.25,15.0,2009-12-01 14:35:00,2009-12-01,16620,United Kingdom,False
489598,22082,20,1.65,33.0,2009-12-01 14:35:00,2009-12-01,16620,United Kingdom,False
489598,20886,12,1.95,23.4,2009-12-01 14:35:00,2009-12-01,16620,United Kingdom,False
489598,85172,16,0.42,6.72,2009-12-01 14:35:00,2009-12-01,16620,United Kingdom,False
489598,72008,12,0.42,5.04,2009-12-01 14:35:00,2009-12-01,16620,United Kingdom,False
489598,84970S,12,0.85,10.2,2009-12-01 14:35:00,2009-12-01,16620,United Kingdom,False
489598,21471,6,3.75,22.5,2009-12-01 14:35:00,2009-12-01,16620,United Kingdom,False
489598,21469,6,3.75,22.5,2009-12-01 14:35:00,2009-12-01,16620,United Kingdom,False
489598,20753,6,2.1,12.6,2009-12-01 14:35:00,2009-12-01,16620,United Kingdom,False
489598,21868,12,1.25,15.0,2009-12-01 14:35:00,2009-12-01,16620,United Kingdom,False
489598,21869,12,1.25,15.0,2009-12-01 14:35:00,2009-12-01,16620,United Kingdom,False
489598,22185,12,1.65,19.8,2009-12-01 14:35:00,2009-12-01,16620,United Kingdom,False
489598,21897,6,2.95,17.7,2009-12-01 14:35:00,2009-12-01,16620,United Kingdom,False
489598,21898,6,2.95,17.7,2009-12-01 14:35:00,2009-12-01,16620,United Kingdom,False
489598,20681,6,3.25,19.5,2009-12-01 14:35:00,2009-12-01,16620,United Kingdom,False
489598,85099F,20,1.95,39.0,2009-12-01 14:35:00,2009-12-01,16620,United Kingdom,False
489598,20771,6,2.55,15.3,2009-12-01 14:35:00,2009-12-01,16620,United Kingdom,False
489598,20777,6,1.65,9.9,2009-12-01 14:35:00,2009-12-01,16620,United Kingdom,False
489598,72815,4,3.75,15.0,2009-12-01 14:35:00,2009-12-01,16620,United Kingdom,False
489598,22187,4,4.25,17.0,2009-12-01 14:35:00,2009-12-01,16620,United Kingdom,False
489599,22111,3,4.95,14.85,2009-12-01 14:40:00,2009-12-01,12758,Portugal,False
489599,22113,8,3.45,27.6,2009-12-01 14:40:00,2009-12-01,12758,Portugal,False
489599,22114,8,3.95,31.6,2009-12-01 14:40:00,2009-12-01,12758,Portugal,False
489599,47504G,12,1.25,15.0,2009-12-01 14:40:00,2009-12-01,12758,Portugal,False
489599,85014D,3,5.95,17.85,2009-12-01 14:40:00,2009-12-01,12758,Portugal,False
489599,84985B,12,1.45,17.4,2009-12-01 14:40:00,2009-12-01,12758,Portugal,False
489599,84986B,12,1.45,17.4,2009-12-01 14:40:00,2009-12-01,12758,Portugal,False
489599,84990,24,0.55,13.2,2009-12-01 14:40:00,2009-12-01,12758,Portugal,False
489599,21891,12,1.25,15.0,2009-12-01 14:40:00,2009-12-01,12758,Portugal,False
489599,21890,6,2.95,17.7,2009-12-01 14:40:00,2009-12-01,12758,Portugal,False
489599,22138,3,4.95,14.85,2009-12-01 14:40:00,2009-12-01,12758,Portugal,False
489599,20750,12,6.35,76.2,2009-12-01 14:40:00,2009-12-01,12758,Portugal,False
489599,20749,2,7.95,15.9,2009-12-01 14:40:00,2009-12-01,12758,Portugal,False
489599,20684,6,3.25,19.5,2009-12-01 14:40:00,2009-12-01,12758,Portugal,False
489599,85006,6,2.95,17.7,2009-12-01 14:40:00,2009-12-01,12758,Portugal,False
489599,21429,8,1.65,13.2,2009-12-01 14:40:00,2009-12-01,12758,Portugal,False
489599,20983,12,0.85,10.2,2009-12-01 14:40:00,2009-12-01,12758,Portugal,False
489599,20979,16,1.25,20.0,2009-12-01 14:40:00,2009-12-01,12758,Portugal,False
489599,21156,8,1.95,15.6,2009-12-01 14:40:00,2009-12-01,12758,Portugal,False
489599,21789,24,0.85,20.4,2009-12-01 14:40:00,2009-12-01,12758,Portugal,False
489599,21788,24,0.85,20.4,2009-12-01 14:40:00,2009-12-01,12758,Portugal,False
489599,85199S,24,0.42,10.08,2009-12-01 14:40:00,2009-12-01,12758,Portugal,False
489599,85199L,24,0.65,15.6,2009-12-01 14:40:00,2009-12-01,12758,Portugal,False
489599,21556,12,2.55,30.6,2009-12-01 14:40:00,2009-12-01,12758,Portugal,False
489599,82081,2,8.5,17.0,2009-12-01 14:40:00,2009-12-01,12758,Portugal,False
489599,21164,12,2.95,35.4,2009-12-01 14:40:00,2009-12-01,12758,Portugal,False
489599,22321,24,0.85,20.4,2009-12-01 14:40:00,2009-12-01,12758,Portugal,False
489599,21238,16,0.85,13.6,2009-12-01 14:40:00,2009-12-01,12758,Portugal,False
489599,21239,16,0.85,13.6,2009-12-01 14:40:00,2009-12-01,12758,Portugal,False
489599,21243,16,1.69,27.04,2009-12-01 14:40:00,2009-12-01,12758,Portugal,False
489599,21242,16,1.69,27.04,2009-12-01 14:40:00,2009-12-01,12758,Portugal,False
489599,20711,30,1.95,58.5,2009-12-01 14:40:00,2009-12-01,12758,Portugal,False
489599,20724,40,0.85,34.0,2009-12-01 14:40:00,2009-12-01,12758,Portugal,False
489599,20725,100,1.45,145.0,2009-12-01 14:40:00,2009-12-01,12758,Portugal,False
489599,21155,12,2.1,25.2,2009-12-01 14:40:00,2009-12-01,12758,Portugal,False
489599,21527,4,7.95,31.8,2009-12-01 14:40:00,2009-12-01,12758,Portugal,False
489599,21843,6,10.95,65.7,2009-12-01 14:40:00,2009-12-01,12758,Portugal,False
489599,85099B,30,1.95,58.5,2009-12-01 14:40:00,2009-12-01,12758,Portugal,False
489599,21218,6,3.75,22.5,2009-12-01 14:40:00,2009-12-01,12758,Portugal,False
489599,21181,12,2.1,25.2,2009-12-01 14:40:00,2009-12-01,12758,Portugal,False
489599,22356,100,0.72,72.0,2009-12-01 14:40:00,2009-12-01,12758,Portugal,False
489599,85014B,6,5.95,35.7,2009-12-01 14:40:00,2009-12-01,12758,Portugal,False
489599,22355,20,0.85,17.0,2009-12-01 14:40:00,2009-12-01,12758,Portugal,False
489599,21931,20,1.95,39.0,2009-12-01 14:40:00,2009-12-01,12758,Portugal,False
489599,21928,30,1.95,58.5,2009-12-01 14:40:00,2009-12-01,12758,Portugal,False
489599,21430,24,3.39,81.36,2009-12-01 14:40:00,2009-12-01,12758,Portugal,False
489599,21428,16,3.75,60.0,2009-12-01 14:40:00,2009-12-01,12758,Portugal,False
489599,22139,12,4.95,59.4,2009-12-01 14:40:00,2009-12-01,12758,Portugal,False
489599,47504E,24,1.25,30.0,2009-12-01 14:40:00,2009-12-01,12758,Portugal,False
489599,20728,30,1.65,49.5,2009-12-01 14:40:00,2009-12-01,12758,Portugal,False
489599,20914,6,2.95,17.7,2009-12-01 14:40:00,2009-12-01,12758,Portugal,False
489599,84988,12,1.45,17.4,2009-12-01 14:40:00,2009-12-01,12758,Portugal,False
489599,84934,40,0.85,34.0,2009-12-01 14:40:00,2009-12-01,12758,Portugal,False
489599,22197,12,0.85,10.2,2009-12-01 14:40:00,2009-12-01,12758,Portugal,False
489599,20681,12,3.25,39.0,2009-12-01 14:40:00,2009-12-01,12758,Portugal,False
489599,20682,12,3.25,39.0,2009-12-01 14:40:00,2009-12-01,12758,Portugal,False
489599,21844,12,2.95,35.4,2009-12-01 14:40:00,2009-12-01,12758,Portugal,False
489599,22071,6,3.75,22.5,2009-12-01 14:40:00,2009-12-01,12758,Portugal,False
489599,85014A,6,5.95,35.7,2009-12-01 14:40:00,2009-12-01,12758,Portugal,False
489599,85014C,6,5.95,35.7,2009-12-01 14:40:00,2009-12-01,12758,Portugal,False
489599,47504K,24,1.95,46.8,2009-12-01 14:40:00,2009-12-01,12758,Portugal,False
489599,21929,30,1.95,58.5,2009-12-01 14:40:00,2009-12-01,12758,Portugal,False
489599,21165,36,1.69,60.84,2009-12-01 14:40:00,2009-12-01,12758,Portugal,False
489599,82600,24,2.1,50.4,2009-12-01 14:40:00,2009-12-01,12758,Portugal,False
489599,21877,12,1.25,15.0,2009-12-01 14:40:00,2009-12-01,12758,Portugal,False
489599,21431,16,1.65,26.4,2009-12-01 14:40:00,2009-12-01,12758,Portugal,False
489599,21398,12,2.1,25.2,2009-12-01 14:40:00,2009-12-01,12758,Portugal,False
489599,16161U,25,0.42,10.5,2009-12-01 14:40:00,2009-12-01,12758,Portugal,False
489599,21497,25,0.42,10.5,2009-12-01 14:40:00,2009-12-01,12758,Portugal,False
489599,22051,25,0.42,10.5,2009-12-01 14:40:00,2009-12-01,12758,Portugal,False
489599,84879,48,1.69,81.12,2009-12-01 14:40:00,2009-12-01,12758,Portugal,False
489599,22117,6,2.95,17.7,2009-12-01 14:40:00,2009-12-01,12758,Portugal,False
489599,22116,6,2.95,17.7,2009-12-01 14:40:00,2009-12-01,12758,Portugal,False
489599,21042,3,5.95,17.85,2009-12-01 14:40:00,2009-12-01,12758,Portugal,False
489599,21121,24,1.25,30.0,2009-12-01 14:40:00,2009-12-01,12758,Portugal,False
489599,21212,24,0.55,13.2,2009-12-01 14:40:00,2009-12-01,12758,Portugal,False
489599,21210,24,1.45,34.8,2009-12-01 14:40:00,2009-12-01,12758,Portugal,False
489599,21531,6,2.55,15.3,2009-12-01 14:40:00,2009-12-01,12758,Portugal,False
489599,22073,4,3.75,15.0,2009-12-01 14:40:00,2009-12-01,12758,Portugal,False
489600,20615,1,4.3,4.3,2009-12-01 14:43:00,2009-12-01,GUEST,United Kingdom,False
489600,20887,1,7.78,7.78,2009-12-01 14:43:00,2009-12-01,GUEST,United Kingdom,False
489600,20913,1,6.04,6.04,2009-12-01 14:43:00,2009-12-01,GUEST,United Kingdom,False
489600,21258,3,26.04,78.12,2009-12-01 14:43:00,2009-12-01,GUEST,United Kingdom,False
489600,21328,1,3.43,3.43,2009-12-01 14:43:00,2009-12-01,GUEST,United Kingdom,False
489600,21428,1,8.65,8.65,2009-12-01 14:43:00,2009-12-01,GUEST,United Kingdom,False
489600,21472,1,7.78,7.78,2009-12-01 14:43:00,2009-12-01,GUEST,United Kingdom,False
489600,21481,2,6.04,12.08,2009-12-01 14:43:00,2009-12-01,GUEST,United Kingdom,False
489600,21482,1,6.04,6.04,2009-12-01 14:43:00,2009-12-01,GUEST,United Kingdom,False
489600,21560,1,2.55,2.55,2009-12-01 14:43:00,2009-12-01,GUEST,United Kingdom,False
489600,21912,1,7.78,7.78,2009-12-01 14:43:00,2009-12-01,GUEST,United Kingdom,False
489600,22069,1,3.43,3.43,2009-12-01 14:43:00,2009-12-01,GUEST,United Kingdom,False
489600,22086,1,6.04,6.04,2009-12-01 14:43:00,2009-12-01,GUEST,United Kingdom,False
489600,22149,3,4.3,12.9,2009-12-01 14:43:00,2009-12-01,GUEST,United Kingdom,False
489600,22174,1,3.43,3.43,2009-12-01 14:43:00,2009-12-01,GUEST,United Kingdom,False
489600,22180,1,20.83,20.83,2009-12-01 14:43:00,2009-12-01,GUEST,United Kingdom,False
489600,22353,1,5.17,5.17,2009-12-01 14:43:00,2009-12-01,GUEST,United Kingdom,False
489600,35004G,1,13.0,13.0,2009-12-01 14:43:00,2009-12-01,GUEST,United Kingdom,False
489600,35400,2,17.35,34.7,2009-12-01 14:43:00,2009-12-01,GUEST,United Kingdom,False
489600,35832,1,13.0,13.0,2009-12-01 14:43:00,2009-12-01,GUEST,United Kingdom,False
489600,35962,1,4.3,4.3,2009-12-01 14:43:00,2009-12-01,GUEST,United Kingdom,False
489600,37370,1,16.48,16.48,2009-12-01 14:43:00,2009-12-01,GUEST,United Kingdom,False
489600,48185,1,13.87,13.87,2009-12-01 14:43:00,2009-12-01,GUEST,United Kingdom,False
489600,71053,2,8.65,17.3,2009-12-01 14:43:00,2009-12-01,GUEST,United Kingdom,False
489600,72349B,2,4.3,8.6,2009-12-01 14:43:00,2009-12-01,GUEST,United Kingdom,False
489600,72529W,1,4.3,4.3,2009-12-01 14:43:00,2009-12-01,GUEST,United Kingdom,False
489600,72807C,1,8.65,8.65,2009-12-01 14:43:00,2009-12-01,GUEST,United Kingdom,False
489600,79072,1,17.35,17.35,2009-12-01 14:43:00,2009-12-01,GUEST,United Kingdom,False
489600,84347,1,5.17,5.17,2009-12-01 14:43:00,2009-12-01,GUEST,United Kingdom,False
489600,84797B,1,11.26,11.26,2009-12-01 14:43:00,2009-12-01,GUEST,United Kingdom,False
489600,DOT,1,55.96,55.96,2009-12-01 14:43:00,2009-12-01,GUEST,United Kingdom,False
489601,22147,1,3.43,3.43,2009-12-01 14:44:00,2009-12-01,GUEST,United Kingdom,False
489601,22165,1,26.04,26.04,2009-12-01 14:44:00,2009-12-01,GUEST,United Kingdom,False
489601,22166,1,16.48,16.48,2009-12-01 14:44:00,2009-12-01,GUEST,United Kingdom,False
489601,35400,1,17.35,17.35,2009-12-01 14:44:00,2009-12-01,GUEST,United Kingdom,False
489601,37340,2,8.65,17.3,2009-12-01 14:44:00,2009-12-01,GUEST,United Kingdom,False
489601,37410,1,16.48,16.48,2009-12-01 14:44:00,2009-12-01,GUEST,United Kingdom,False
489601,71053,1,8.65,8.65,2009-12-01 14:44:00,2009-12-01,GUEST,United Kingdom,False
489601,84854,2,8.65,17.3,2009-12-01 14:44:00,2009-12-01,GUEST,United Kingdom,False
489601,84872A,1,11.26,11.26,2009-12-01 14:44:00,2009-12-01,GUEST,United Kingdom,False
489601,84873A,1,11.26,11.26,2009-12-01 14:44:00,2009-12-01,GUEST,United Kingdom,False
489601,85114B,6,3.43,20.58,2009-12-01 14:44:00,2009-12-01,GUEST,United Kingdom,False
489601,DOT,1,68.39,68.39,2009-12-01 14:44:00,2009-12-01,GUEST,United Kingdom,False
489601,18096C,1,5.17,5.17,2009-12-01 14:44:00,2009-12-01,GUEST,United Kingdom,False
489601,20615,2,4.3,8.6,2009-12-01 14:44:00,2009-12-01,GUEST,United Kingdom,False
489601,21108,1,5.17,5.17,2009-12-01 14:44:00,2009-12-01,GUEST,United Kingdom,False
489601,21192,1,3.43,3.43,2009-12-01 14:44:00,2009-12-01,GUEST,United Kingdom,False
489601,21491,1,4.3,4.3,2009-12-01 14:44:00,2009-12-01,GUEST,United Kingdom,False
489601,21865,1,4.3,4.3,2009-12-01 14:44:00,2009-12-01,GUEST,United Kingdom,False
489601,21876,1,3.43,3.43,2009-12-01 14:44:00,2009-12-01,GUEST,United Kingdom,False
489601,21893,1,8.65,8.65,2009-12-01 14:44:00,2009-12-01,GUEST,United Kingdom,False
489601,21955,2,13.87,27.74,2009-12-01 14:44:00,2009-12-01,GUEST,United Kingdom,False
489601,22065,1,3.43,3.43,2009-12-01 14:44:00,2009-12-01,GUEST,United Kingdom,False
489601,22069,1,3.43,3.43,2009-12-01 14:44:00,2009-12-01,GUEST,United Kingdom,False
489601,22086,2,6.04,12.08,2009-12-01 14:44:00,2009-12-01,GUEST,United Kingdom,False
489601,22114,1,8.65,8.65,2009-12-01 14:44:00,2009-12-01,GUEST,United Kingdom,False
489601,22141,1,4.3,4.3,2009-12-01 14:44:00,2009-12-01,GUEST,United Kingdom,False
489602,84797A,1,11.26,11.26,2009-12-01 14:45:00,2009-12-01,GUEST,United Kingdom,False
489602,84854,2,8.65,17.3,2009-12-01 14:45:00,2009-12-01,GUEST,United Kingdom,False
489602,85014B,1,13.0,13.0,2009-12-01 14:45:00,2009-12-01,GUEST,United Kingdom,False
489602,85132A,1,21.7,21.7,2009-12-01 14:45:00,2009-12-01,GUEST,United Kingdom,False
489602,85174,1,11.26,11.26,2009-12-01 14:45:00,2009-12-01,GUEST,United Kingdom,False
489602,DOT,1,59.35,59.35,2009-12-01 14:45:00,2009-12-01,GUEST,United Kingdom,False
489602,18098C,1,5.17,5.17,2009-12-01 14:45:00,2009-12-01,GUEST,United Kingdom,False
489602,20661,1,6.04,6.04,2009-12-01 14:45:00,2009-12-01,GUEST,United Kingdom,False
489602,21041,1,6.04,6.04,2009-12-01 14:45:00,2009-12-01,GUEST,United Kingdom,False
489602,21258,3,26.04,78.12,2009-12-01 14:45:00,2009-12-01,GUEST,United Kingdom,False
489602,48173C,2,13.87,27.74,2009-12-01 14:45:00,2009-12-01,GUEST,United Kingdom,False
489602,72807C,1,8.65,8.65,2009-12-01 14:45:00,2009-12-01,GUEST,United Kingdom,False
489602,79070B,1,11.26,11.26,2009-12-01 14:45:00,2009-12-01,GUEST,United Kingdom,False
489602,84030C,2,7.78,15.56,2009-12-01 14:45:00,2009-12-01,GUEST,United Kingdom,False
489602,84031B,1,9.52,9.52,2009-12-01 14:45:00,2009-12-01,GUEST,United Kingdom,False
489602,84347,1,5.17,5.17,2009-12-01 14:45:00,2009-12-01,GUEST,United Kingdom,False
489602,84558A,1,6.04,6.04,2009-12-01 14:45:00,2009-12-01,GUEST,United Kingdom,False
489602,21410,1,8.65,8.65,2009-12-01 14:45:00,2009-12-01,GUEST,United Kingdom,False
489602,21467,1,7.78,7.78,2009-12-01 14:45:00,2009-12-01,GUEST,United Kingdom,False
489602,21478,1,7.78,7.78,2009-12-01 14:45:00,2009-12-01,GUEST,United Kingdom,False
489602,21539,1,10.39,10.39,2009-12-01 14:45:00,2009-12-01,GUEST,United Kingdom,False
489602,21558,1,5.17,5.17,2009-12-01 14:45:00,2009-12-01,GUEST,United Kingdom,False
489602,21865,1,4.3,4.3,2009-12-01 14:45:00,2009-12-01,GUEST,United Kingdom,False
489602,21888,2,7.78,15.56,2009-12-01 14:45:00,2009-12-01,GUEST,United Kingdom,False
489602,22058,1,3.43,3.43,2009-12-01 14:45:00,2009-12-01,GUEST,United Kingdom,False
489602,22064,1,3.43,3.43,2009-12-01 14:45:00,2009-12-01,GUEST,United Kingdom,False
489602,22065,2,3.43,6.86,2009-12-01 14:45:00,2009-12-01,GUEST,United Kingdom,False
489602,22086,3,6.04,18.12,2009-12-01 14:45:00,2009-12-01,GUEST,United Kingdom,False
489602,22144,1,4.3,4.3,2009-12-01 14:45:00,2009-12-01,GUEST,United Kingdom,False
489602,22149,1,4.3,4.3,2009-12-01 14:45:00,2009-12-01,GUEST,United Kingdom,False
489602,22308,1,5.17,5.17,2009-12-01 14:45:00,2009-12-01,GUEST,United Kingdom,False
489602,35400,1,17.35,17.35,2009-12-01 14:45:00,2009-12-01,GUEST,United Kingdom,False
489602,47518F,1,4.3,4.3,2009-12-01 14:45:00,2009-12-01,GUEST,United Kingdom,False
489603,20804,1,3.43,3.43,2009-12-01 14:46:00,2009-12-01,GUEST,United Kingdom,False
489603,21004,1,8.65,8.65,2009-12-01 14:46:00,2009-12-01,GUEST,United Kingdom,False
489603,21116,1,8.65,8.65,2009-12-01 14:46:00,2009-12-01,GUEST,United Kingdom,False
489603,21258,1,26.04,26.04,2009-12-01 14:46:00,2009-12-01,GUEST,United Kingdom,False
489603,21330,1,3.43,3.43,2009-12-01 14:46:00,2009-12-01,GUEST,United Kingdom,False
489603,21360,1,21.7,21.7,2009-12-01 14:46:00,2009-12-01,GUEST,United Kingdom,False
489603,21430,2,7.78,15.56,2009-12-01 14:46:00,2009-12-01,GUEST,United Kingdom,False
489603,21870,1,3.43,3.43,2009-12-01 14:46:00,2009-12-01,GUEST,United Kingdom,False
489603,22077,2,3.43,6.86,2009-12-01 14:46:00,2009-12-01,GUEST,United Kingdom,False
489603,22114,1,8.65,8.65,2009-12-01 14:46:00,2009-12-01,GUEST,United Kingdom,False
489603,22144,1,4.3,4.3,2009-12-01 14:46:00,2009-12-01,GUEST,United Kingdom,False
489603,22149,1,4.3,4.3,2009-12-01 14:46:00,2009-12-01,GUEST,United Kingdom,False
489603,22174,1,3.43,3.43,2009-12-01 14:46:00,2009-12-01,GUEST,United Kingdom,False
489603,22273,1,6.04,6.04,2009-12-01 14:46:00,2009-12-01,GUEST,United Kingdom,False
489603,35400,4,17.35,69.4,2009-12-01 14:46:00,2009-12-01,GUEST,United Kingdom,False
489603,37370,1,16.48,16.48,2009-12-01 14:46:00,2009-12-01,GUEST,United Kingdom,False
489603,72807C,3,8.65,25.95,2009-12-01 14:46:00,2009-12-01,GUEST,United Kingdom,False
489603,84030C,2,7.78,15.56,2009-12-01 14:46:00,2009-12-01,GUEST,United Kingdom,False
489603,84558A,1,6.04,6.04,2009-12-01 14:46:00,2009-12-01,GUEST,United Kingdom,False
489603,85174,1,11.26,11.26,2009-12-01 14:46:00,2009-12-01,GUEST,United Kingdom,False
489603,DOT,1,42.39,42.39,2009-12-01 14:46:00,2009-12-01,GUEST,United Kingdom,False
489604,15056BL,1,13.0,13.0,2009-12-01 14:47:00,2009-12-01,GUEST,United Kingdom,False
489604,20804,1,3.43,3.43,2009-12-01 14:47:00,2009-12-01,GUEST,United Kingdom,False
489604,21153,1,21.7,21.7,2009-12-01 14:47:00,2009-12-01,GUEST,United Kingdom,False
489604,21186,1,3.43,3.43,2009-12-01 14:47:00,2009-12-01,GUEST,United Kingdom,False
489604,21189,1,3.43,3.43,2009-12-01 14:47:00,2009-12-01,GUEST,United Kingdom,False
489604,21307,2,3.43,6.86,2009-12-01 14:47:00,2009-12-01,GUEST,United Kingdom,False
489604,21328,2,3.43,6.86,2009-12-01 14:47:00,2009-12-01,GUEST,United Kingdom,False
489604,21329,1,3.43,3.43,2009-12-01 14:47:00,2009-12-01,GUEST,United Kingdom,False
489604,21330,2,3.43,6.86,2009-12-01 14:47:00,2009-12-01,GUEST,United Kingdom,False
489604,21478,2,7.78,15.56,2009-12-01 14:47:00,2009-12-01,GUEST,United Kingdom,False
489604,21482,2,6.04,12.08,2009-12-01 14:47:00,2009-12-01,GUEST,United Kingdom,False
489604,21490,1,4.3,4.3,2009-12-01 14:47:00,2009-12-01,GUEST,United Kingdom,False
489604,21533,1,10.39,10.39,2009-12-01 14:47:00,2009-12-01,GUEST,United Kingdom,False
489604,21539,3,10.39,31.17,2009-12-01 14:47:00,2009-12-01,GUEST,United Kingdom,False
489604,21833,1,3.43,3.43,2009-12-01 14:47:00,2009-12-01,GUEST,United Kingdom,False
489604,22086,2,6.04,12.08,2009-12-01 14:47:00,2009-12-01,GUEST,United Kingdom,False
489604,22144,1,4.3,4.3,2009-12-01 14:47:00,2009-12-01,GUEST,United Kingdom,False
489604,22149,3,4.3,12.9,2009-12-01 14:47:00,2009-12-01,GUEST,United Kingdom,False
489604,22208,1,3.43,3.43,2009-12-01 14:47:00,2009-12-01,GUEST,United Kingdom,False
489604,35004C,1,13.0,13.0,2009-12-01 14:47:00,2009-12-01,GUEST,United Kingdom,False
489604,35400,6,17.35,104.1,2009-12-01 14:47:00,2009-12-01,GUEST,United Kingdom,False
489604,72807C,1,8.65,8.65,2009-12-01 14:47:00,2009-12-01,GUEST,United Kingdom,False
489604,79072,1,17.35,17.35,2009-12-01 14:47:00,2009-12-01,GUEST,United Kingdom,False
489604,84797B,1,11.26,11.26,2009-12-01 14:47:00,2009-12-01,GUEST,United Kingdom,False
489604,DOT,1,50.87,50.87,2009-12-01 14:47:00,2009-12-01,GUEST,United Kingdom,False
C489605,21257,-2,7.95,-15.9,2009-12-01 14:47:00,2009-12-01,14558,United Kingdom,True
489606,20753,1,2.1,2.1,2009-12-01 14:48:00,2009-12-01,17961,United Kingdom,False
489608,85099C,5,1.95,9.75,2009-12-01 14:49:00,2009-12-01,GUEST,United Kingdom,False
489607,17181,1,5.17,5.17,2009-12-01 14:49:00,2009-12-01,GUEST,United Kingdom,False
489607,18096C,1,5.17,5.17,2009-12-01 14:49:00,2009-12-01,GUEST,United Kingdom,False
489607,18098C,4,5.17,20.68,2009-12-01 14:49:00,2009-12-01,GUEST,United Kingdom,False
489607,21328,2,3.43,6.86,2009-12-01 14:49:00,2009-12-01,GUEST,United Kingdom,False
489607,21330,1,3.43,3.43,2009-12-01 14:49:00,2009-12-01,GUEST,United Kingdom,False
489607,21410,1,8.65,8.65,2009-12-01 14:49:00,2009-12-01,GUEST,United Kingdom,False
489607,21428,1,8.65,8.65,2009-12-01 14:49:00,2009-12-01,GUEST,United Kingdom,False
489607,21467,1,7.78,7.78,2009-12-01 14:49:00,2009-12-01,GUEST,United Kingdom,False
489607,21472,1,7.78,7.78,2009-12-01 14:49:00,2009-12-01,GUEST,United Kingdom,False
489607,21478,1,7.78,7.78,2009-12-01 14:49:00,2009-12-01,GUEST,United Kingdom,False
489607,21479,1,7.78,7.78,2009-12-01 14:49:00,2009-12-01,GUEST,United Kingdom,False
489607,21531,1,5.17,5.17,2009-12-01 14:49:00,2009-12-01,GUEST,United Kingdom,False
489607,21533,1,10.39,10.39,2009-12-01 14:49:00,2009-12-01,GUEST,United Kingdom,False
489607,21535,2,5.17,10.34,2009-12-01 14:49:00,2009-12-01,GUEST,United Kingdom,False
489607,21539,2,10.39,20.78,2009-12-01 14:49:00,2009-12-01,GUEST,United Kingdom,False
489607,21558,1,5.17,5.17,2009-12-01 14:49:00,2009-12-01,GUEST,United Kingdom,False
489607,21596,1,4.3,4.3,2009-12-01 14:49:00,2009-12-01,GUEST,United Kingdom,False
489607,21624,1,12.13,12.13,2009-12-01 14:49:00,2009-12-01,GUEST,United Kingdom,False
489607,21658,1,8.65,8.65,2009-12-01 14:49:00,2009-12-01,GUEST,United Kingdom,False
489607,21865,1,4.3,4.3,2009-12-01 14:49:00,2009-12-01,GUEST,United Kingdom,False
489607,21888,2,7.78,15.56,2009-12-01 14:49:00,2009-12-01,GUEST,United Kingdom,False
489607,21893,1,8.65,8.65,2009-12-01 14:49:00,2009-12-01,GUEST,United Kingdom,False
489607,22055,2,3.43,6.86,2009-12-01 14:49:00,2009-12-01,GUEST,United Kingdom,False
489607,22077,1,3.43,3.43,2009-12-01 14:49:00,2009-12-01,GUEST,United Kingdom,False
489607,22086,3,6.04,18.12,2009-12-01 14:49:00,2009-12-01,GUEST,United Kingdom,False
489607,22144,2,4.3,8.6,2009-12-01 14:49:00,2009-12-01,GUEST,United Kingdom,False
489607,22147,1,3.43,3.43,2009-12-01 14:49:00,2009-12-01,GUEST,United Kingdom,False
489607,22311,2,8.65,17.3,2009-12-01 14:49:00,2009-12-01,GUEST,United Kingdom,False
489607,22320,1,12.13,12.13,2009-12-01 14:49:00,2009-12-01,GUEST,United Kingdom,False
489607,35400,1,17.35,17.35,2009-12-01 14:49:00,2009-12-01,GUEST,United Kingdom,False
489607,35965,1,6.04,6.04,2009-12-01 14:49:00,2009-12-01,GUEST,United Kingdom,False
489607,37503,1,21.7,21.7,2009-12-01 14:49:00,2009-12-01,GUEST,United Kingdom,False
489607,84030C,2,7.78,15.56,2009-12-01 14:49:00,2009-12-01,GUEST,United Kingdom,False
489607,84347,1,5.17,5.17,2009-12-01 14:49:00,2009-12-01,GUEST,United Kingdom,False
489607,84519B,1,6.04,6.04,2009-12-01 14:49:00,2009-12-01,GUEST,United Kingdom,False
489607,84872A,1,11.26,11.26,2009-12-01 14:49:00,2009-12-01,GUEST,United Kingdom,False
489607,84873A,1,11.26,11.26,2009-12-01 14:49:00,2009-12-01,GUEST,United Kingdom,False
489607,85174,1,11.26,11.26,2009-12-01 14:49:00,2009-12-01,GUEST,United Kingdom,False
489607,DOT,1,76.3,76.3,2009-12-01 14:49:00,2009-12-01,GUEST,United Kingdom,False
489609,79072,1,17.35,17.35,2009-12-01 14:50:00,2009-12-01,GUEST,United Kingdom,False
489609,84029G,1,7.78,7.78,2009-12-01 14:50:00,2009-12-01,GUEST,United Kingdom,False
489609,84347,2,5.17,10.34,2009-12-01 14:50:00,2009-12-01,GUEST,United Kingdom,False
489609,84796B,1,8.65,8.65,2009-12-01 14:50:00,2009-12-01,GUEST,United Kingdom,False
489609,84873A,1,11.26,11.26,2009-12-01 14:50:00,2009-12-01,GUEST,United Kingdom,False
489609,85040A,1,3.43,3.43,2009-12-01 14:50:00,2009-12-01,GUEST,United Kingdom,False
489609,85048,2,17.35,34.7,2009-12-01 14:50:00,2009-12-01,GUEST,United Kingdom,False
489609,85127,2,10.39,20.78,2009-12-01 14:50:00,2009-12-01,GUEST,United Kingdom,False
489609,85164B,1,26.04,26.04,2009-12-01 14:50:00,2009-12-01,GUEST,United Kingdom,False
489609,85174,1,11.26,11.26,2009-12-01 14:50:00,2009-12-01,GUEST,United Kingdom,False
489609,M,1,4.0,4.0,2009-12-01 14:50:00,2009-12-01,GUEST,United Kingdom,False
489609,DOT,1,74.61,74.61,2009-12-01 14:50:00,2009-12-01,GUEST,United Kingdom,False
489609,18098C,2,5.17,10.34,2009-12-01 14:50:00,2009-12-01,GUEST,United Kingdom,False
489609,20615,1,4.3,4.3,2009-12-01 14:50:00,2009-12-01,GUEST,United Kingdom,False
489609,20804,1,3.43,3.43,2009-12-01 14:50:00,2009-12-01,GUEST,United Kingdom,False
489609,21041,1,6.04,6.04,2009-12-01 14:50:00,2009-12-01,GUEST,United Kingdom,False
489609,21116,2,8.65,17.3,2009-12-01 14:50:00,2009-12-01,GUEST,United Kingdom,False
489609,21186,1,3.43,3.43,2009-12-01 14:50:00,2009-12-01,GUEST,United Kingdom,False
489609,21247,1,3.43,3.43,2009-12-01 14:50:00,2009-12-01,GUEST,United Kingdom,False
489609,21328,1,3.43,3.43,2009-12-01 14:50:00,2009-12-01,GUEST,United Kingdom,False
489609,21349,1,13.87,13.87,2009-12-01 14:50:00,2009-12-01,GUEST,United Kingdom,False
489609,21430,2,7.78,15.56,2009-12-01 14:50:00,2009-12-01,GUEST,United Kingdom,False
489609,21533,1,10.39,10.39,2009-12-01 14:50:00,2009-12-01,GUEST,United Kingdom,False
489609,21596,1,4.3,4.3,2009-12-01 14:50:00,2009-12-01,GUEST,United Kingdom,False
489609,21871,1,3.43,3.43,2009-12-01 14:50:00,2009-12-01,GUEST,United Kingdom,False
489609,21888,3,7.78,23.34,2009-12-01 14:50:00,2009-12-01,GUEST,United Kingdom,False
489609,21912,1,7.78,7.78,2009-12-01 14:50:00,2009-12-01,GUEST,United Kingdom,False
489609,21914,1,6.04,6.04,2009-12-01 14:50:00,2009-12-01,GUEST,United Kingdom,False
489609,21955,1,13.87,13.87,2009-12-01 14:50:00,2009-12-01,GUEST,United Kingdom,False
489609,22077,1,3.43,3.43,2009-12-01 14:50:00,2009-12-01,GUEST,United Kingdom,False
489609,22086,3,6.04,18.12,2009-12-01 14:50:00,2009-12-01,GUEST,United Kingdom,False
489609,22144,1,4.3,4.3,2009-12-01 14:50:00,2009-12-01,GUEST,United Kingdom,False
489609,22166,1,16.48,16.48,2009-12-01 14:50:00,2009-12-01,GUEST,United Kingdom,False
489609,35400,5,17.35,86.75,2009-12-01 14:50:00,2009-12-01,GUEST,United Kingdom,False
489609,37340,1,8.65,8.65,2009-12-01 14:50:00,2009-12-01,GUEST,United Kingdom,False
489609,37503,1,21.7,21.7,2009-12-01 14:50:00,2009-12-01,GUEST,United Kingdom,False
489609,48185,1,13.87,13.87,2009-12-01 14:50:00,2009-12-01,GUEST,United Kingdom,False
C489610,21364,-1,6.75,-6.75,2009-12-01 14:52:00,2009-12-01,17485,United Kingdom,True
C489610,22164,-1,2.95,-2.95,2009-12-01 14:52:00,2009-12-01,17485,United Kingdom,True
C489610,21892,-3,1.25,-3.75,2009-12-01 14:52:00,2009-12-01,17485,United Kingdom,True
C489610,20682,-1,3.25,-3.25,2009-12-01 14:52:00,2009-12-01,17485,United Kingdom,True
C489610,85123A,-1,2.95,-2.95,2009-12-01 14:52:00,2009-12-01,17485,United Kingdom,True
C489610,22138,-2,4.95,-9.9,2009-12-01 14:52:00,2009-12-01,17485,United Kingdom,True
489611,21549,1,2.95,2.95,2009-12-01 14:53:00,2009-12-01,15601,United Kingdom,False
489612,18098C,1,5.17,5.17,2009-12-01 14:55:00,2009-12-01,GUEST,United Kingdom,False
489612,20886,1,4.3,4.3,2009-12-01 14:55:00,2009-12-01,GUEST,United Kingdom,False
489612,21116,2,8.65,17.3,2009-12-01 14:55:00,2009-12-01,GUEST,United Kingdom,False
489612,21185,1,13.0,13.0,2009-12-01 14:55:00,2009-12-01,GUEST,United Kingdom,False
489612,21186,2,3.43,6.86,2009-12-01 14:55:00,2009-12-01,GUEST,United Kingdom,False
489612,21189,2,3.43,6.86,2009-12-01 14:55:00,2009-12-01,GUEST,United Kingdom,False
489612,21200,2,3.43,6.86,2009-12-01 14:55:00,2009-12-01,GUEST,United Kingdom,False
489612,21201,2,5.17,10.34,2009-12-01 14:55:00,2009-12-01,GUEST,United Kingdom,False
489612,21216,1,11.26,11.26,2009-12-01 14:55:00,2009-12-01,GUEST,United Kingdom,False
489612,21218,1,8.65,8.65,2009-12-01 14:55:00,2009-12-01,GUEST,United Kingdom,False
489612,21252,1,6.04,6.04,2009-12-01 14:55:00,2009-12-01,GUEST,United Kingdom,False
489612,21257,1,16.48,16.48,2009-12-01 14:55:00,2009-12-01,GUEST,United Kingdom,False
489612,21307,1,3.43,3.43,2009-12-01 14:55:00,2009-12-01,GUEST,United Kingdom,False
489612,21330,1,3.43,3.43,2009-12-01 14:55:00,2009-12-01,GUEST,United Kingdom,False
489612,21419,1,7.78,7.78,2009-12-01 14:55:00,2009-12-01,GUEST,United Kingdom,False
489612,21478,1,7.78,7.78,2009-12-01 14:55:00,2009-12-01,GUEST,United Kingdom,False
489612,21489,1,8.65,8.65,2009-12-01 14:55:00,2009-12-01,GUEST,United Kingdom,False
489612,21490,1,4.3,4.3,2009-12-01 14:55:00,2009-12-01,GUEST,United Kingdom,False
489612,21955,1,13.87,13.87,2009-12-01 14:55:00,2009-12-01,GUEST,United Kingdom,False
489612,22077,1,3.43,3.43,2009-12-01 14:55:00,2009-12-01,GUEST,United Kingdom,False
489612,22083,2,6.04,12.08,2009-12-01 14:55:00,2009-12-01,GUEST,United Kingdom,False
489612,22086,6,6.04,36.24,2009-12-01 14:55:00,2009-12-01,GUEST,United Kingdom,False
489612,22136,1,3.43,3.43,2009-12-01 14:55:00,2009-12-01,GUEST,United Kingdom,False
489612,22144,2,4.3,8.6,2009-12-01 14:55:00,2009-12-01,GUEST,United Kingdom,False
489612,22174,1,3.43,3.43,2009-12-01 14:55:00,2009-12-01,GUEST,United Kingdom,False
489612,22189,2,8.65,17.3,2009-12-01 14:55:00,2009-12-01,GUEST,United Kingdom,False
489612,22195,1,3.43,3.43,2009-12-01 14:55:00,2009-12-01,GUEST,United Kingdom,False
489612,22311,1,8.65,8.65,2009-12-01 14:55:00,2009-12-01,GUEST,United Kingdom,False
489612,35400,10,17.35,173.5,2009-12-01 14:55:00,2009-12-01,GUEST,United Kingdom,False
489612,37370,1,16.48,16.48,2009-12-01 14:55:00,2009-12-01,GUEST,United Kingdom,False
489612,48185,1,13.87,13.87,2009-12-01 14:55:00,2009-12-01,GUEST,United Kingdom,False
489612,79072,1,17.35,17.35,2009-12-01 14:55:00,2009-12-01,GUEST,United Kingdom,False
489612,84030C,1,7.78,7.78,2009-12-01 14:55:00,2009-12-01,GUEST,United Kingdom,False
489612,84032B,1,6.04,6.04,2009-12-01 14:55:00,2009-12-01,GUEST,United Kingdom,False
489612,84347,1,5.17,5.17,2009-12-01 14:55:00,2009-12-01,GUEST,United Kingdom,False
489612,84519B,1,6.04,6.04,2009-12-01 14:55:00,2009-12-01,GUEST,United Kingdom,False
489612,84705B,1,3.43,3.43,2009-12-01 14:55:00,2009-12-01,GUEST,United Kingdom,False
489612,84767,1,11.26,11.26,2009-12-01 14:55:00,2009-12-01,GUEST,United Kingdom,False
489612,84872A,1,11.26,11.26,2009-12-01 14:55:00,2009-12-01,GUEST,United Kingdom,False
489612,85042,1,11.26,11.26,2009-12-01 14:55:00,2009-12-01,GUEST,United Kingdom,False
489612,DOT,1,87.39,87.39,2009-12-01 14:55:00,2009-12-01,GUEST,United Kingdom,False
489613,22165,1,12.75,12.75,2009-12-01 14:56:00,2009-12-01,13585,United Kingdom,False
489615,17181,9,5.17,46.53,2009-12-01 14:56:00,2009-12-01,GUEST,United Kingdom,False
489615,20784,1,78.22,78.22,2009-12-01 14:56:00,2009-12-01,GUEST,United Kingdom,False
489615,21116,1,8.65,8.65,2009-12-01 14:56:00,2009-12-01,GUEST,United Kingdom,False
489615,21157,1,4.3,4.3,2009-12-01 14:56:00,2009-12-01,GUEST,United Kingdom,False
489615,21186,5,3.43,17.15,2009-12-01 14:56:00,2009-12-01,GUEST,United Kingdom,False
489615,21192,3,3.43,10.29,2009-12-01 14:56:00,2009-12-01,GUEST,United Kingdom,False
489615,21307,1,3.43,3.43,2009-12-01 14:56:00,2009-12-01,GUEST,United Kingdom,False
489615,21430,1,7.78,7.78,2009-12-01 14:56:00,2009-12-01,GUEST,United Kingdom,False
489614,18098C,1,5.17,5.17,2009-12-01 14:56:00,2009-12-01,GUEST,United Kingdom,False
489614,21042,1,13.0,13.0,2009-12-01 14:56:00,2009-12-01,GUEST,United Kingdom,False
489614,21116,2,8.65,17.3,2009-12-01 14:56:00,2009-12-01,GUEST,United Kingdom,False
489614,21430,1,7.78,7.78,2009-12-01 14:56:00,2009-12-01,GUEST,United Kingdom,False
489614,21478,2,7.78,15.56,2009-12-01 14:56:00,2009-12-01,GUEST,United Kingdom,False
489614,21871,1,3.43,3.43,2009-12-01 14:56:00,2009-12-01,GUEST,United Kingdom,False
489614,21888,1,7.78,7.78,2009-12-01 14:56:00,2009-12-01,GUEST,United Kingdom,False
489614,21931,1,4.3,4.3,2009-12-01 14:56:00,2009-12-01,GUEST,United Kingdom,False
489614,22086,4,6.04,24.16,2009-12-01 14:56:00,2009-12-01,GUEST,United Kingdom,False
489614,22200,1,8.65,8.65,2009-12-01 14:56:00,2009-12-01,GUEST,United Kingdom,False
489614,22272,1,6.04,6.04,2009-12-01 14:56:00,2009-12-01,GUEST,United Kingdom,False
489614,22273,1,6.04,6.04,2009-12-01 14:56:00,2009-12-01,GUEST,United Kingdom,False
489614,22301,1,5.17,5.17,2009-12-01 14:56:00,2009-12-01,GUEST,United Kingdom,False
489614,22308,1,5.17,5.17,2009-12-01 14:56:00,2009-12-01,GUEST,United Kingdom,False
489614,35004S,1,13.0,13.0,2009-12-01 14:56:00,2009-12-01,GUEST,United Kingdom,False
489614,35400,3,17.35,52.05,2009-12-01 14:56:00,2009-12-01,GUEST,United Kingdom,False
489614,37370,1,16.48,16.48,2009-12-01 14:56:00,2009-12-01,GUEST,United Kingdom,False
489614,82553,1,3.43,3.43,2009-12-01 14:56:00,2009-12-01,GUEST,United Kingdom,False
489614,84030C,1,7.78,7.78,2009-12-01 14:56:00,2009-12-01,GUEST,United Kingdom,False
489614,84347,3,5.17,15.51,2009-12-01 14:56:00,2009-12-01,GUEST,United Kingdom,False
489614,84509C,1,7.78,7.78,2009-12-01 14:56:00,2009-12-01,GUEST,United Kingdom,False
489614,84854,4,8.65,34.6,2009-12-01 14:56:00,2009-12-01,GUEST,United Kingdom,False
489614,84872A,1,11.26,11.26,2009-12-01 14:56:00,2009-12-01,GUEST,United Kingdom,False
489614,84873A,1,11.26,11.26,2009-12-01 14:56:00,2009-12-01,GUEST,United Kingdom,False
489614,84951B,5,5.17,25.85,2009-12-01 14:56:00,2009-12-01,GUEST,United Kingdom,False
489614,DOT,1,80.3,80.3,2009-12-01 14:56:00,2009-12-01,GUEST,United Kingdom,False
489615,21531,1,5.17,5.17,2009-12-01 14:56:00,2009-12-01,GUEST,United Kingdom,False
489615,21558,1,5.17,5.17,2009-12-01 14:56:00,2009-12-01,GUEST,United Kingdom,False
489615,22086,6,6.04,36.24,2009-12-01 14:56:00,2009-12-01,GUEST,United Kingdom,False
489615,22166,1,16.48,16.48,2009-12-01 14:56:00,2009-12-01,GUEST,United Kingdom,False
489615,22193,1,17.35,17.35,2009-12-01 14:56:00,2009-12-01,GUEST,United Kingdom,False
489615,22340,1,3.43,3.43,2009-12-01 14:56:00,2009-12-01,GUEST,United Kingdom,False
489615,35400,6,17.35,104.1,2009-12-01 14:56:00,2009-12-01,GUEST,United Kingdom,False
489615,35793,1,6.04,6.04,2009-12-01 14:56:00,2009-12-01,GUEST,United Kingdom,False
489615,37482P,1,17.35,17.35,2009-12-01 14:56:00,2009-12-01,GUEST,United Kingdom,False
489615,79321,1,10.39,10.39,2009-12-01 14:56:00,2009-12-01,GUEST,United Kingdom,False
489615,84854,1,8.65,8.65,2009-12-01 14:56:00,2009-12-01,GUEST,United Kingdom,False
489615,84855,1,8.65,8.65,2009-12-01 14:56:00,2009-12-01,GUEST,United Kingdom,False
489615,85114C,2,3.43,6.86,2009-12-01 14:56:00,2009-12-01,GUEST,United Kingdom,False
489615,DOT,1,77.13,77.13,2009-12-01 14:56:00,2009-12-01,GUEST,United Kingdom,False
489616,20887,3,7.78,23.34,2009-12-01 14:58:00,2009-12-01,GUEST,United Kingdom,False
489616,20969,1,7.78,7.78,2009-12-01 14:58:00,2009-12-01,GUEST,United Kingdom,False
489616,21116,5,8.65,43.25,2009-12-01 14:58:00,2009-12-01,GUEST,United Kingdom,False
489616,21490,1,4.3,4.3,2009-12-01 14:58:00,2009-12-01,GUEST,United Kingdom,False
489616,21531,1,5.17,5.17,2009-12-01 14:58:00,2009-12-01,GUEST,United Kingdom,False
489616,21558,1,5.17,5.17,2009-12-01 14:58:00,2009-12-01,GUEST,United Kingdom,False
489616,21820,1,7.78,7.78,2009-12-01 14:58:00,2009-12-01,GUEST,United Kingdom,False
489616,21876,1,3.43,3.43,2009-12-01 14:58:00,2009-12-01,GUEST,United Kingdom,False
489616,21888,2,7.78,15.56,2009-12-01 14:58:00,2009-12-01,GUEST,United Kingdom,False
489616,21912,1,7.78,7.78,2009-12-01 14:58:00,2009-12-01,GUEST,United Kingdom,False
489616,21914,1,6.04,6.04,2009-12-01 14:58:00,2009-12-01,GUEST,United Kingdom,False
489616,22083,3,6.04,18.12,2009-12-01 14:58:00,2009-12-01,GUEST,United Kingdom,False
489616,22086,11,6.04,66.44,2009-12-01 14:58:00,2009-12-01,GUEST,United Kingdom,False
489616,22136,1,3.43,3.43,2009-12-01 14:58:00,2009-12-01,GUEST,United Kingdom,False
489616,22141,1,4.3,4.3,2009-12-01 14:58:00,2009-12-01,GUEST,United Kingdom,False
489616,22147,1,3.43,3.43,2009-12-01 14:58:00,2009-12-01,GUEST,United Kingdom,False
489616,22165,1,26.04,26.04,2009-12-01 14:58:00,2009-12-01,GUEST,United Kingdom,False
489616,22174,7,3.43,24.01,2009-12-01 14:58:00,2009-12-01,GUEST,United Kingdom,False
489616,22308,2,5.17,10.34,2009-12-01 14:58:00,2009-12-01,GUEST,United Kingdom,False
489616,22318,1,6.04,6.04,2009-12-01 14:58:00,2009-12-01,GUEST,United Kingdom,False
489616,84797B,1,11.26,11.26,2009-12-01 14:58:00,2009-12-01,GUEST,United Kingdom,False
489616,84872A,2,11.26,22.52,2009-12-01 14:58:00,2009-12-01,GUEST,United Kingdom,False
489616,DOT,1,83.74,83.74,2009-12-01 14:58:00,2009-12-01,GUEST,United Kingdom,False
489617,46000P,2,4.25,8.5,2009-12-01 14:59:00,2009-12-01,13442,United Kingdom,False
489617,46000M,4,1.55,6.2,2009-12-01 14:59:00,2009-12-01,13442,United Kingdom,False
489617,21685,2,14.95,29.9,2009-12-01 14:59:00,2009-12-01,13442,United Kingdom,False
489617,84472,1,45.95,45.95,2009-12-01 14:59:00,2009-12-01,13442,United Kingdom,False
489617,84658,2,6.95,13.9,2009-12-01 14:59:00,2009-12-01,13442,United Kingdom,False
489617,21622,4,4.95,19.8,2009-12-01 14:59:00,2009-12-01,13442,United Kingdom,False
489617,20887,1,3.45,3.45,2009-12-01 14:59:00,2009-12-01,13442,United Kingdom,False
489617,20886,1,1.95,1.95,2009-12-01 14:59:00,2009-12-01,13442,United Kingdom,False
489617,21692,1,3.75,3.75,2009-12-01 14:59:00,2009-12-01,13442,United Kingdom,False
489617,21691,3,3.75,11.25,2009-12-01 14:59:00,2009-12-01,13442,United Kingdom,False
489617,22114,4,3.95,15.8,2009-12-01 14:59:00,2009-12-01,13442,United Kingdom,False
489617,22125,2,5.95,11.9,2009-12-01 14:59:00,2009-12-01,13442,United Kingdom,False
489617,21756,1,5.95,5.95,2009-12-01 14:59:00,2009-12-01,13442,United Kingdom,False
489617,21755,1,5.95,5.95,2009-12-01 14:59:00,2009-12-01,13442,United Kingdom,False
489617,21754,1,5.95,5.95,2009-12-01 14:59:00,2009-12-01,13442,United Kingdom,False
489617,21326,12,0.65,7.8,2009-12-01 14:59:00,2009-12-01,13442,United Kingdom,False
489618,90199B,1,6.35,6.35,2009-12-01 14:59:00,2009-12-01,GUEST,United Kingdom,False
489619,20713,2,1.95,3.9,2009-12-01 15:02:00,2009-12-01,GUEST,United Kingdom,False
489619,20712,2,1.95,3.9,2009-12-01 15:02:00,2009-12-01,GUEST,United Kingdom,False
489619,21931,2,1.95,3.9,2009-12-01 15:02:00,2009-12-01,GUEST,United Kingdom,False
489619,20711,2,1.95,3.9,2009-12-01 15:02:00,2009-12-01,GUEST,United Kingdom,False
489619,85099B,2,1.95,3.9,2009-12-01 15:02:00,2009-12-01,GUEST,United Kingdom,False
C489632,20814,-12,1.25,-15.0,2009-12-01 15:18:00,2009-12-01,13381,United Kingdom,True
C489632,20814,-1,1.25,-1.25,2009-12-01 15:18:00,2009-12-01,13381,United Kingdom,True
489634,21814,12,1.45,17.4,2009-12-01 15:19:00,2009-12-01,13381,United Kingdom,False
489635,47566,5,4.65,23.25,2009-12-01 15:26:00,2009-12-01,16763,United Kingdom,False
489635,47570B,2,10.65,21.3,2009-12-01 15:26:00,2009-12-01,16763,United Kingdom,False
489635,21826,12,1.25,15.0,2009-12-01 15:26:00,2009-12-01,16763,United Kingdom,False
489635,84032B,6,2.95,17.7,2009-12-01 15:26:00,2009-12-01,16763,United Kingdom,False
489635,21541,12,0.85,10.2,2009-12-01 15:26:00,2009-12-01,16763,United Kingdom,False
489635,20682,6,3.25,19.5,2009-12-01 15:26:00,2009-12-01,16763,United Kingdom,False
489635,22273,6,2.95,17.7,2009-12-01 15:26:00,2009-12-01,16763,United Kingdom,False
489635,51014C,12,0.85,10.2,2009-12-01 15:26:00,2009-12-01,16763,United Kingdom,False
489635,20659,12,1.25,15.0,2009-12-01 15:26:00,2009-12-01,16763,United Kingdom,False
489635,20658,12,1.25,15.0,2009-12-01 15:26:00,2009-12-01,16763,United Kingdom,False
489635,21231,12,1.25,15.0,2009-12-01 15:26:00,2009-12-01,16763,United Kingdom,False
489635,21232,12,1.25,15.0,2009-12-01 15:26:00,2009-12-01,16763,United Kingdom,False
489635,21844,6,2.95,17.7,2009-12-01 15:26:00,2009-12-01,16763,United Kingdom,False
489635,22072,4,3.75,15.0,2009-12-01 15:26:00,2009-12-01,16763,United Kingdom,False
489635,21527,2,7.95,15.9,2009-12-01 15:26:00,2009-12-01,16763,United Kingdom,False
489635,21156,8,1.95,15.6,2009-12-01 15:26:00,2009-12-01,16763,United Kingdom,False
489635,20750,4,7.95,31.8,2009-12-01 15:26:00,2009-12-01,16763,United Kingdom,False
489635,21355,12,1.25,15.0,2009-12-01 15:26:00,2009-12-01,16763,United Kingdom,False
489635,84378,12,1.25,15.0,2009-12-01 15:26:00,2009-12-01,16763,United Kingdom,False
489635,84380,12,1.25,15.0,2009-12-01 15:26:00,2009-12-01,16763,United Kingdom,False
489635,72807B,4,4.25,17.0,2009-12-01 15:26:00,2009-12-01,16763,United Kingdom,False
C489636,21576,-2,2.25,-4.5,2009-12-01 15:34:00,2009-12-01,17345,United Kingdom,True
C489636,21579,-1,2.25,-2.25,2009-12-01 15:34:00,2009-12-01,17345,United Kingdom,True
C489636,21578,-2,2.25,-4.5,2009-12-01 15:34:00,2009-12-01,17345,United Kingdom,True
C489636,22142,-2,1.45,-2.9,2009-12-01 15:34:00,2009-12-01,17345,United Kingdom,True
C489636,22145,-2,2.1,-4.2,2009-12-01 15:34:00,2009-12-01,17345,United Kingdom,True
C489636,22144,-1,2.1,-2.1,2009-12-01 15:34:00,2009-12-01,17345,United Kingdom,True
C489636,21329,-8,1.65,-13.2,2009-12-01 15:34:00,2009-12-01,17345,United Kingdom,True
C489636,21330,-9,1.65,-14.85,2009-12-01 15:34:00,2009-12-01,17345,United Kingdom,True
C489636,84029E,-4,3.75,-15.0,2009-12-01 15:34:00,2009-12-01,17345,United Kingdom,True
C489636,84032B,-3,2.95,-8.85,2009-12-01 15:34:00,2009-12-01,17345,United Kingdom,True
C489636,21577,-1,2.25,-2.25,2009-12-01 15:34:00,2009-12-01,17345,United Kingdom,True
489637,72815,12,3.75,45.0,2009-12-01 15:36:00,2009-12-01,17243,United Kingdom,False
489637,72800E,12,2.55,30.6,2009-12-01 15:36:00,2009-12-01,17243,United Kingdom,False
489637,72814,12,3.75,45.0,2009-12-01 15:36:00,2009-12-01,17243,United Kingdom,False
489637,21213,12,0.55,6.6,2009-12-01 15:36:00,2009-12-01,17243,United Kingdom,False
489637,72008,9,0.42,3.78,2009-12-01 15:36:00,2009-12-01,17243,United Kingdom,False
489637,85231L,9,0.85,7.65,2009-12-01 15:36:00,2009-12-01,17243,United Kingdom,False
489637,85231E,9,0.85,7.65,2009-12-01 15:36:00,2009-12-01,17243,United Kingdom,False
489637,72801F,7,1.25,8.75,2009-12-01 15:36:00,2009-12-01,17243,United Kingdom,False
489637,85125,6,4.95,29.7,2009-12-01 15:36:00,2009-12-01,17243,United Kingdom,False
489637,85126,6,6.75,40.5,2009-12-01 15:36:00,2009-12-01,17243,United Kingdom,False
489637,72267,6,2.1,12.6,2009-12-01 15:36:00,2009-12-01,17243,United Kingdom,False
489637,72529W,16,2.12,33.92,2009-12-01 15:36:00,2009-12-01,17243,United Kingdom,False
489637,21795,3,12.75,38.25,2009-12-01 15:36:00,2009-12-01,17243,United Kingdom,False
489637,21796,3,12.75,38.25,2009-12-01 15:36:00,2009-12-01,17243,United Kingdom,False
489637,84029G,9,3.75,33.75,2009-12-01 15:36:00,2009-12-01,17243,United Kingdom,False
489637,22112,6,4.95,29.7,2009-12-01 15:36:00,2009-12-01,17243,United Kingdom,False
489637,22111,6,4.95,29.7,2009-12-01 15:36:00,2009-12-01,17243,United Kingdom,False
489637,48116,6,6.75,40.5,2009-12-01 15:36:00,2009-12-01,17243,United Kingdom,False
489637,48111,4,6.75,27.0,2009-12-01 15:36:00,2009-12-01,17243,United Kingdom,False
489637,48188,4,6.75,27.0,2009-12-01 15:36:00,2009-12-01,17243,United Kingdom,False
489638,22349,2,3.75,7.5,2009-12-01 15:42:00,2009-12-01,GUEST,United Kingdom,False
489639,15036,48,0.65,31.2,2009-12-01 16:05:00,2009-12-01,14865,United Kingdom,False
489640,22172,1,8.5,8.5,2009-12-01 16:17:00,2009-12-01,17345,United Kingdom,False
489640,21742,1,5.95,5.95,2009-12-01 16:17:00,2009-12-01,17345,United Kingdom,False
489640,21745,1,3.75,3.75,2009-12-01 16:17:00,2009-12-01,17345,United Kingdom,False
489640,22111,3,4.95,14.85,2009-12-01 16:17:00,2009-12-01,17345,United Kingdom,False
489640,21223,10,1.25,12.5,2009-12-01 16:17:00,2009-12-01,17345,United Kingdom,False
489640,21221,10,1.25,12.5,2009-12-01 16:17:00,2009-12-01,17345,United Kingdom,False
489640,84559B,13,0.85,11.05,2009-12-01 16:17:00,2009-12-01,17345,United Kingdom,False
489640,84559D,15,0.85,12.75,2009-12-01 16:17:00,2009-12-01,17345,United Kingdom,False
489640,84559A,21,0.85,17.85,2009-12-01 16:17:00,2009-12-01,17345,United Kingdom,False
489640,15056P,1,5.95,5.95,2009-12-01 16:17:00,2009-12-01,17345,United Kingdom,False
489640,84199,30,0.21,6.3,2009-12-01 16:17:00,2009-12-01,17345,United Kingdom,False
489640,17165B,4,1.05,4.2,2009-12-01 16:17:00,2009-12-01,17345,United Kingdom,False
489640,17165D,8,1.05,8.4,2009-12-01 16:17:00,2009-12-01,17345,United Kingdom,False
489640,21642,24,0.85,20.4,2009-12-01 16:17:00,2009-12-01,17345,United Kingdom,False
489640,17003,144,0.21,30.24,2009-12-01 16:17:00,2009-12-01,17345,United Kingdom,False
489640,15034,2,0.14,0.28,2009-12-01 16:17:00,2009-12-01,17345,United Kingdom,False
489640,16238,28,0.21,5.88,2009-12-01 16:17:00,2009-12-01,17345,United Kingdom,False
489640,16237,30,0.21,6.3,2009-12-01 16:17:00,2009-12-01,17345,United Kingdom,False
489640,35085E,1,1.25,1.25,2009-12-01 16:17:00,2009-12-01,17345,United Kingdom,False
489640,21837,1,5.95,5.95,2009-12-01 16:17:00,2009-12-01,17345,United Kingdom,False
489640,85099B,2,1.95,3.9,2009-12-01 16:17:00,2009-12-01,17345,United Kingdom,False
489640,10120,60,0.21,12.6,2009-12-01 16:17:00,2009-12-01,17345,United Kingdom,False
489640,20828,1,2.55,2.55,2009-12-01 16:17:00,2009-12-01,17345,United Kingdom,False
489640,17165B,9,1.05,9.45,2009-12-01 16:17:00,2009-12-01,17345,United Kingdom,False
489640,17164D,36,0.42,15.12,2009-12-01 16:17:00,2009-12-01,17345,United Kingdom,False
489640,17164B,72,0.42,30.24,2009-12-01 16:17:00,2009-12-01,17345,United Kingdom,False
489640,84006,72,0.85,61.2,2009-12-01 16:17:00,2009-12-01,17345,United Kingdom,False
489641,20724,30,0.85,25.5,2009-12-01 16:18:00,2009-12-01,13819,United Kingdom,False
489641,85099B,20,1.95,39.0,2009-12-01 16:18:00,2009-12-01,13819,United Kingdom,False
489641,20725,30,1.65,49.5,2009-12-01 16:18:00,2009-12-01,13819,United Kingdom,False
489641,79323W,4,6.75,27.0,2009-12-01 16:18:00,2009-12-01,13819,United Kingdom,False
489641,37503,2,10.75,21.5,2009-12-01 16:18:00,2009-12-01,13819,United Kingdom,False
489641,21156,8,1.95,15.6,2009-12-01 16:18:00,2009-12-01,13819,United Kingdom,False
489641,20723,10,0.85,8.5,2009-12-01 16:18:00,2009-12-01,13819,United Kingdom,False
489641,20719,10,0.85,8.5,2009-12-01 16:18:00,2009-12-01,13819,United Kingdom,False
489641,85123A,6,2.95,17.7,2009-12-01 16:18:00,2009-12-01,13819,United Kingdom,False
489641,20712,10,1.95,19.5,2009-12-01 16:18:00,2009-12-01,13819,United Kingdom,False
489641,84380,12,1.25,15.0,2009-12-01 16:18:00,2009-12-01,13819,United Kingdom,False
489641,71477,8,3.25,26.0,2009-12-01 16:18:00,2009-12-01,13819,United Kingdom,False
489641,21080,12,0.85,10.2,2009-12-01 16:18:00,2009-12-01,13819,United Kingdom,False
489641,21231,12,1.25,15.0,2009-12-01 16:18:00,2009-12-01,13819,United Kingdom,False
489641,21731,12,1.65,19.8,2009-12-01 16:18:00,2009-12-01,13819,United Kingdom,False
489641,21041,6,2.95,17.7,2009-12-01 16:18:00,2009-12-01,13819,United Kingdom,False
489641,84991,24,0.55,13.2,2009-12-01 16:18:00,2009-12-01,13819,United Kingdom,False
489641,37446,8,1.45,11.6,2009-12-01 16:18:00,2009-12-01,13819,United Kingdom,False
489641,22138,6,4.95,29.7,2009-12-01 16:18:00,2009-12-01,13819,United Kingdom,False
489641,21232,12,1.25,15.0,2009-12-01 16:18:00,2009-12-01,13819,United Kingdom,False
489641,20727,10,1.65,16.5,2009-12-01 16:18:00,2009-12-01,13819,United Kingdom,False
489641,20726,10,1.65,16.5,2009-12-01 16:18:00,2009-12-01,13819,United Kingdom,False
489641,84029E,8,3.75,30.0,2009-12-01 16:18:00,2009-12-01,13819,United Kingdom,False
489641,84029C,4,3.75,15.0,2009-12-01 16:18:00,2009-12-01,13819,United Kingdom,False
489641,21479,8,3.75,30.0,2009-12-01 16:18:00,2009-12-01,13819,United Kingdom,False
489641,84596G,8,1.25,10.0,2009-12-01 16:18:00,2009-12-01,13819,United Kingdom,False
489641,20677,8,1.25,10.0,2009-12-01 16:18:00,2009-12-01,13819,United Kingdom,False
489641,84992,24,0.55,13.2,2009-12-01 16:18:00,2009-12-01,13819,United Kingdom,False
489641,21212,120,0.42,50.4,2009-12-01 16:18:00,2009-12-01,13819,United Kingdom,False
489641,20718,20,1.25,25.0,2009-12-01 16:18:00,2009-12-01,13819,United Kingdom,False
489642,47503K,1,1.95,1.95,2009-12-01 16:19:00,2009-12-01,GUEST,United Kingdom,False
489642,47503J,1,7.95,7.95,2009-12-01 16:19:00,2009-12-01,GUEST,United Kingdom,False
489642,85123A,1,2.95,2.95,2009-12-01 16:19:00,2009-12-01,GUEST,United Kingdom,False
C489643,20686,-1,3.25,-3.25,2009-12-01 16:26:00,2009-12-01,15750,United Kingdom,True
C489643,22167,-1,9.95,-9.95,2009-12-01 16:26:00,2009-12-01,15750,United Kingdom,True
C489643,84839,-2,6.75,-13.5,2009-12-01 16:26:00,2009-12-01,15750,United Kingdom,True
C489643,21429,-1,1.65,-1.65,2009-12-01 16:26:00,2009-12-01,15750,United Kingdom,True
C489643,47594B,-1,1.95,-1.95,2009-12-01 16:26:00,2009-12-01,15750,United Kingdom,True
489644,21218,1,3.75,3.75,2009-12-01 16:30:00,2009-12-01,15808,United Kingdom,False
489644,21080,1,0.85,0.85,2009-12-01 16:30:00,2009-12-01,15808,United Kingdom,False
489644,22111,12,4.95,59.4,2009-12-01 16:30:00,2009-12-01,15808,United Kingdom,False
489644,37502,3,2.95,8.85,2009-12-01 16:30:00,2009-12-01,15808,United Kingdom,False
489644,21484,18,3.45,62.1,2009-12-01 16:30:00,2009-12-01,15808,United Kingdom,False
489644,22113,18,3.45,62.1,2009-12-01 16:30:00,2009-12-01,15808,United Kingdom,False
489644,21479,8,3.75,30.0,2009-12-01 16:30:00,2009-12-01,15808,United Kingdom,False
489644,22114,6,3.95,23.7,2009-12-01 16:30:00,2009-12-01,15808,United Kingdom,False
489644,21481,6,2.95,17.7,2009-12-01 16:30:00,2009-12-01,15808,United Kingdom,False
489644,21080,9,0.85,7.65,2009-12-01 16:30:00,2009-12-01,15808,United Kingdom,False
489644,20685,3,6.75,20.25,2009-12-01 16:30:00,2009-12-01,15808,United Kingdom,False
489644,48185,6,6.75,40.5,2009-12-01 16:30:00,2009-12-01,15808,United Kingdom,False
489644,47556B,10,2.95,29.5,2009-12-01 16:30:00,2009-12-01,15808,United Kingdom,False
489644,15056N,12,5.95,71.4,2009-12-01 16:30:00,2009-12-01,15808,United Kingdom,False
489644,21621,7,8.5,59.5,2009-12-01 16:30:00,2009-12-01,15808,United Kingdom,False
489644,21407,5,4.25,21.25,2009-12-01 16:30:00,2009-12-01,15808,United Kingdom,False
489644,22189,36,3.39,122.04,2009-12-01 16:30:00,2009-12-01,15808,United Kingdom,False
489644,82494L,12,2.95,35.4,2009-12-01 16:30:00,2009-12-01,15808,United Kingdom,False
489644,82482,12,2.55,30.6,2009-12-01 16:30:00,2009-12-01,15808,United Kingdom,False
489644,85099B,30,1.95,58.5,2009-12-01 16:30:00,2009-12-01,15808,United Kingdom,False
489644,85099C,20,1.95,39.0,2009-12-01 16:30:00,2009-12-01,15808,United Kingdom,False
489644,85099C,20,1.95,39.0,2009-12-01 16:30:00,2009-12-01,15808,United Kingdom,False
489644,22356,20,0.85,17.0,2009-12-01 16:30:00,2009-12-01,15808,United Kingdom,False
489644,20724,20,0.85,17.0,2009-12-01 16:30:00,2009-12-01,15808,United Kingdom,False
489644,20723,20,0.85,17.0,2009-12-01 16:30:00,2009-12-01,15808,United Kingdom,False
489644,21591,2,1.25,2.5,2009-12-01 16:30:00,2009-12-01,15808,United Kingdom,False
489645,20685,2,6.75,13.5,2009-12-01 16:34:00,2009-12-01,17191,United Kingdom,False
489645,21524,2,6.75,13.5,2009-12-01 16:34:00,2009-12-01,17191,United Kingdom,False
489645,21955,2,6.75,13.5,2009-12-01 16:34:00,2009-12-01,17191,United Kingdom,False
489645,48184,2,6.75,13.5,2009-12-01 16:34:00,2009-12-01,17191,United Kingdom,False
489645,48187,1,6.75,6.75,2009-12-01 16:34:00,2009-12-01,17191,United Kingdom,False
489645,48188,3,6.75,20.25,2009-12-01 16:34:00,2009-12-01,17191,United Kingdom,False
489645,22207,3,4.25,12.75,2009-12-01 16:34:00,2009-12-01,17191,United Kingdom,False
489645,84750A,4,1.95,7.8,2009-12-01 16:34:00,2009-12-01,17191,United Kingdom,False
489645,84987,3,1.45,4.35,2009-12-01 16:34:00,2009-12-01,17191,United Kingdom,False
489645,47556B,3,2.95,8.85,2009-12-01 16:34:00,2009-12-01,17191,United Kingdom,False
489645,72756,9,1.49,13.41,2009-12-01 16:34:00,2009-12-01,17191,United Kingdom,False
489645,21621,1,8.5,8.5,2009-12-01 16:34:00,2009-12-01,17191,United Kingdom,False
489645,85008,2,4.95,9.9,2009-12-01 16:34:00,2009-12-01,17191,United Kingdom,False
489645,85184C,1,2.95,2.95,2009-12-01 16:34:00,2009-12-01,17191,United Kingdom,False
489645,84709B,3,5.95,17.85,2009-12-01 16:34:00,2009-12-01,17191,United Kingdom,False
489645,35095A,12,0.42,5.04,2009-12-01 16:34:00,2009-12-01,17191,United Kingdom,False
489645,82583,2,2.1,4.2,2009-12-01 16:34:00,2009-12-01,17191,United Kingdom,False
489645,82580,1,0.55,0.55,2009-12-01 16:34:00,2009-12-01,17191,United Kingdom,False
489645,82578,1,0.55,0.55,2009-12-01 16:34:00,2009-12-01,17191,United Kingdom,False
489645,82581,1,0.55,0.55,2009-12-01 16:34:00,2009-12-01,17191,United Kingdom,False
489645,20830,3,2.1,6.3,2009-12-01 16:34:00,2009-12-01,17191,United Kingdom,False
489645,35095B,12,0.42,5.04,2009-12-01 16:34:00,2009-12-01,17191,United Kingdom,False
489645,20831,3,2.1,6.3,2009-12-01 16:34:00,2009-12-01,17191,United Kingdom,False
489645,79067,3,3.75,11.25,2009-12-01 16:34:00,2009-12-01,17191,United Kingdom,False
489645,84533B,2,5.95,11.9,2009-12-01 16:34:00,2009-12-01,17191,United Kingdom,False
489645,22173,4,2.95,11.8,2009-12-01 16:34:00,2009-12-01,17191,United Kingdom,False
489645,84792,1,4.65,4.65,2009-12-01 16:34:00,2009-12-01,17191,United Kingdom,False
489645,85123A,2,2.95,5.9,2009-12-01 16:34:00,2009-12-01,17191,United Kingdom,False
489645,21272,2,1.25,2.5,2009-12-01 16:34:00,2009-12-01,17191,United Kingdom,False
489645,21164,3,2.95,8.85,2009-12-01 16:34:00,2009-12-01,17191,United Kingdom,False
489645,82551,2,1.25,2.5,2009-12-01 16:34:00,2009-12-01,17191,United Kingdom,False
489645,84406B,2,3.25,6.5,2009-12-01 16:34:00,2009-12-01,17191,United Kingdom,False
489650,21490,20,1.95,39.0,2009-12-01 16:44:00,2009-12-01,13748,United Kingdom,False
489650,22086,12,2.95,35.4,2009-12-01 16:44:00,2009-12-01,13748,United Kingdom,False
489650,22294,24,1.25,30.0,2009-12-01 16:44:00,2009-12-01,13748,United Kingdom,False
489650,22212,6,2.1,12.6,2009-12-01 16:44:00,2009-12-01,13748,United Kingdom,False
489650,22295,12,1.65,19.8,2009-12-01 16:44:00,2009-12-01,13748,United Kingdom,False
489650,22214,6,2.55,15.3,2009-12-01 16:44:00,2009-12-01,13748,United Kingdom,False
489650,85152,10,2.1,21.0,2009-12-01 16:44:00,2009-12-01,13748,United Kingdom,False
C489651,M,-1,5.1,-5.1,2009-12-01 16:48:00,2009-12-01,17804,United Kingdom,True
489653,72051S,2,0.42,0.84,2009-12-01 17:08:00,2009-12-01,GUEST,United Kingdom,False
489653,90010E,1,8.95,8.95,2009-12-01 17:08:00,2009-12-01,GUEST,United Kingdom,False
489653,90178A,1,11.95,11.95,2009-12-01 17:08:00,2009-12-01,GUEST,United Kingdom,False
489653,84814B,1,1.95,1.95,2009-12-01 17:08:00,2009-12-01,GUEST,United Kingdom,False
489653,21071,1,1.25,1.25,2009-12-01 17:08:00,2009-12-01,GUEST,United Kingdom,False
489653,85036B,1,4.25,4.25,2009-12-01 17:08:00,2009-12-01,GUEST,United Kingdom,False
489653,79328,1,1.65,1.65,2009-12-01 17:08:00,2009-12-01,GUEST,United Kingdom,False
489653,21777,2,7.95,15.9,2009-12-01 17:08:00,2009-12-01,GUEST,United Kingdom,False
489653,21490,1,1.95,1.95,2009-12-01 17:08:00,2009-12-01,GUEST,United Kingdom,False
489653,22044,12,0.42,5.04,2009-12-01 17:08:00,2009-12-01,GUEST,United Kingdom,False
489653,71477,1,3.25,3.25,2009-12-01 17:08:00,2009-12-01,GUEST,United Kingdom,False
489653,18098C,1,2.95,2.95,2009-12-01 17:08:00,2009-12-01,GUEST,United Kingdom,False
489653,85231B,1,0.85,0.85,2009-12-01 17:08:00,2009-12-01,GUEST,United Kingdom,False
489652,22186,6,2.95,17.7,2009-12-01 17:08:00,2009-12-01,15265,United Kingdom,False
489652,21349,2,6.75,13.5,2009-12-01 17:08:00,2009-12-01,15265,United Kingdom,False
489652,85184C,6,2.95,17.7,2009-12-01 17:08:00,2009-12-01,15265,United Kingdom,False
489652,21108,9,2.55,22.95,2009-12-01 17:08:00,2009-12-01,15265,United Kingdom,False
489652,21556,6,2.55,15.3,2009-12-01 17:08:00,2009-12-01,15265,United Kingdom,False
489652,22065,12,1.45,17.4,2009-12-01 17:08:00,2009-12-01,15265,United Kingdom,False
489652,22139,3,4.95,14.85,2009-12-01 17:08:00,2009-12-01,15265,United Kingdom,False
489652,21112,6,2.95,17.7,2009-12-01 17:08:00,2009-12-01,15265,United Kingdom,False
489652,21111,6,2.95,17.7,2009-12-01 17:08:00,2009-12-01,15265,United Kingdom,False
489652,37502,6,2.95,17.7,2009-12-01 17:08:00,2009-12-01,15265,United Kingdom,False
489652,85041,12,1.65,19.8,2009-12-01 17:08:00,2009-12-01,15265,United Kingdom,False
489652,85034A,4,4.25,17.0,2009-12-01 17:08:00,2009-12-01,15265,United Kingdom,False
489652,72807A,4,4.25,17.0,2009-12-01 17:08:00,2009-12-01,15265,United Kingdom,False
489652,21640,24,0.85,20.4,2009-12-01 17:08:00,2009-12-01,15265,United Kingdom,False
489652,21642,24,0.85,20.4,2009-12-01 17:08:00,2009-12-01,15265,United Kingdom,False
489652,21136,8,1.69,13.52,2009-12-01 17:08:00,2009-12-01,15265,United Kingdom,False
489652,84879,8,1.69,13.52,2009-12-01 17:08:00,2009-12-01,15265,United Kingdom,False
489654,20713,3,1.95,5.85,2009-12-01 17:19:00,2009-12-01,15750,United Kingdom,False
489654,21931,3,1.95,5.85,2009-12-01 17:19:00,2009-12-01,15750,United Kingdom,False
489654,85099F,3,1.95,5.85,2009-12-01 17:19:00,2009-12-01,15750,United Kingdom,False
489654,20716,3,1.25,3.75,2009-12-01 17:19:00,2009-12-01,15750,United Kingdom,False
489654,20730,3,1.25,3.75,2009-12-01 17:19:00,2009-12-01,15750,United Kingdom,False
489654,20729,3,1.25,3.75,2009-12-01 17:19:00,2009-12-01,15750,United Kingdom,False
489654,21181,7,2.1,14.7,2009-12-01 17:19:00,2009-12-01,15750,United Kingdom,False
489654,22165,1,12.75,12.75,2009-12-01 17:19:00,2009-12-01,15750,United Kingdom,False
489654,22167,1,9.95,9.95,2009-12-01 17:19:00,2009-12-01,15750,United Kingdom,False
489654,37343,12,1.65,19.8,2009-12-01 17:19:00,2009-12-01,15750,United Kingdom,False
489654,21535,2,2.55,5.1,2009-12-01 17:19:00,2009-12-01,15750,United Kingdom,False
489654,21527,2,7.95,15.9,2009-12-01 17:19:00,2009-12-01,15750,United Kingdom,False
489654,21986,6,0.29,1.74,2009-12-01 17:19:00,2009-12-01,15750,United Kingdom,False
489654,21980,6,0.29,1.74,2009-12-01 17:19:00,2009-12-01,15750,United Kingdom,False
489654,22109,2,3.75,7.5,2009-12-01 17:19:00,2009-12-01,15750,United Kingdom,False
489654,82494L,6,2.95,17.7,2009-12-01 17:19:00,2009-12-01,15750,United Kingdom,False
489654,84839,1,6.75,6.75,2009-12-01 17:19:00,2009-12-01,15750,United Kingdom,False
489654,84508A,2,2.55,5.1,2009-12-01 17:19:00,2009-12-01,15750,United Kingdom,False
489654,84670,12,0.42,5.04,2009-12-01 17:19:00,2009-12-01,15750,United Kingdom,False
489654,22139,2,4.95,9.9,2009-12-01 17:19:00,2009-12-01,15750,United Kingdom,False
489654,21212,6,0.55,3.3,2009-12-01 17:19:00,2009-12-01,15750,United Kingdom,False
489654,22231,4,1.45,5.8,2009-12-01 17:19:00,2009-12-01,15750,United Kingdom,False
489654,10125,4,0.85,3.4,2009-12-01 17:19:00,2009-12-01,15750,United Kingdom,False
489654,21025,2,1.25,2.5,2009-12-01 17:19:00,2009-12-01,15750,United Kingdom,False
489654,21031,4,1.25,5.0,2009-12-01 17:19:00,2009-12-01,15750,United Kingdom,False
489654,70007,4,1.65,6.6,2009-12-01 17:19:00,2009-12-01,15750,United Kingdom,False
489654,22125,2,5.95,11.9,2009-12-01 17:19:00,2009-12-01,15750,United Kingdom,False
489654,20886,3,1.95,5.85,2009-12-01 17:19:00,2009-12-01,15750,United Kingdom,False
489654,21586,3,2.55,7.65,2009-12-01 17:19:00,2009-12-01,15750,United Kingdom,False
489654,21589,3,2.55,7.65,2009-12-01 17:19:00,2009-12-01,15750,United Kingdom,False
489655,20683,-44,0.0,-0.0,2009-12-01 17:26:00,2009-12-01,GUEST,United Kingdom,False
489656,20770,18,2.55,45.9,2009-12-01 17:28:00,2009-12-01,17428,United Kingdom,False
489656,22199,8,4.25,34.0,2009-12-01 17:28:00,2009-12-01,17428,United Kingdom,False
489656,22023,12,0.42,5.04,2009-12-01 17:28:00,2009-12-01,17428,United Kingdom,False
489656,71477,24,2.75,66.0,2009-12-01 17:28:00,2009-12-01,17428,United Kingdom,False
489657,22349,4,3.75,15.0,2009-12-01 17:28:00,2009-12-01,17428,United Kingdom,False
489657,22350,4,2.55,10.2,2009-12-01 17:28:00,2009-12-01,17428,United Kingdom,False
489657,22294,24,1.25,30.0,2009-12-01 17:28:00,2009-12-01,17428,United Kingdom,False
489656,16169D,25,0.42,10.5,2009-12-01 17:28:00,2009-12-01,17428,United Kingdom,False
489656,85048,12,6.95,83.4,2009-12-01 17:28:00,2009-12-01,17428,United Kingdom,False
489656,21732,16,3.39,54.24,2009-12-01 17:28:00,2009-12-01,17428,United Kingdom,False
489656,85123A,32,2.55,81.6,2009-12-01 17:28:00,2009-12-01,17428,United Kingdom,False
489656,21136,24,1.69,40.56,2009-12-01 17:28:00,2009-12-01,17428,United Kingdom,False
489656,84879,24,1.69,40.56,2009-12-01 17:28:00,2009-12-01,17428,United Kingdom,False
489656,79323P,48,5.45,261.6,2009-12-01 17:28:00,2009-12-01,17428,United Kingdom,False
489656,79323W,48,5.45,261.6,2009-12-01 17:28:00,2009-12-01,17428,United Kingdom,False
489656,21100,20,1.65,33.0,2009-12-01 17:28:00,2009-12-01,17428,United Kingdom,False
489656,21839,6,5.45,32.7,2009-12-01 17:28:00,2009-12-01,17428,United Kingdom,False
489656,21841,6,4.25,25.5,2009-12-01 17:28:00,2009-12-01,17428,United Kingdom,False
489656,20777,12,1.65,19.8,2009-12-01 17:28:00,2009-12-01,17428,United Kingdom,False
489656,20771,12,2.55,30.6,2009-12-01 17:28:00,2009-12-01,17428,United Kingdom,False
489656,20767,6,2.55,15.3,2009-12-01 17:28:00,2009-12-01,17428,United Kingdom,False
489656,20773,6,1.65,9.9,2009-12-01 17:28:00,2009-12-01,17428,United Kingdom,False
489656,20774,12,1.65,19.8,2009-12-01 17:28:00,2009-12-01,17428,United Kingdom,False
489656,20776,12,1.65,19.8,2009-12-01 17:28:00,2009-12-01,17428,United Kingdom,False
489656,20768,18,2.55,45.9,2009-12-01 17:28:00,2009-12-01,17428,United Kingdom,False
489658,21499,25,0.42,10.5,2009-12-01 17:31:00,2009-12-01,15485,United Kingdom,False
489658,21498,50,0.42,21.0,2009-12-01 17:31:00,2009-12-01,15485,United Kingdom,False
489658,15056BL,12,5.95,71.4,2009-12-01 17:31:00,2009-12-01,15485,United Kingdom,False
489658,20679,12,5.95,71.4,2009-12-01 17:31:00,2009-12-01,15485,United Kingdom,False
489658,15056N,12,5.95,71.4,2009-12-01 17:31:00,2009-12-01,15485,United Kingdom,False
489658,72008,12,0.42,5.04,2009-12-01 17:31:00,2009-12-01,15485,United Kingdom,False
489658,20886,24,1.95,46.8,2009-12-01 17:31:00,2009-12-01,15485,United Kingdom,False
489658,22193,4,8.5,34.0,2009-12-01 17:31:00,2009-12-01,15485,United Kingdom,False
489658,22191,3,8.5,25.5,2009-12-01 17:31:00,2009-12-01,15485,United Kingdom,False
489658,82494L,6,2.95,17.7,2009-12-01 17:31:00,2009-12-01,15485,United Kingdom,False
489658,22192,2,8.5,17.0,2009-12-01 17:31:00,2009-12-01,15485,United Kingdom,False
489658,22115,12,2.95,35.4,2009-12-01 17:31:00,2009-12-01,15485,United Kingdom,False
489658,82597,12,2.1,25.2,2009-12-01 17:31:00,2009-12-01,15485,United Kingdom,False
489658,21912,9,3.75,33.75,2009-12-01 17:31:00,2009-12-01,15485,United Kingdom,False
489658,21888,9,3.75,33.75,2009-12-01 17:31:00,2009-12-01,15485,United Kingdom,False
489658,79323P,6,6.75,40.5,2009-12-01 17:31:00,2009-12-01,15485,United Kingdom,False
489658,79323W,6,6.75,40.5,2009-12-01 17:31:00,2009-12-01,15485,United Kingdom,False
489658,79323S,6,6.75,40.5,2009-12-01 17:31:00,2009-12-01,15485,United Kingdom,False
489658,79323LP,6,6.75,40.5,2009-12-01 17:31:00,2009-12-01,15485,United Kingdom,False
489658,85047,15,6.35,95.25,2009-12-01 17:31:00,2009-12-01,15485,United Kingdom,False
489658,22194,6,8.5,51.0,2009-12-01 17:31:00,2009-12-01,15485,United Kingdom,False
489659,21350,230,0.0,0.0,2009-12-01 17:39:00,2009-12-01,GUEST,United Kingdom,False
489660,35956,-1043,0.0,-0.0,2009-12-01 17:43:00,2009-12-01,GUEST,United Kingdom,False
489661,40016,24,0.42,10.08,2009-12-01 17:45:00,2009-12-01,17246,United Kingdom,False
489661,15044B,1,2.95,2.95,2009-12-01 17:45:00,2009-12-01,17246,United Kingdom,False
489661,15044D,2,2.95,5.9,2009-12-01 17:45:00,2009-12-01,17246,United Kingdom,False
489661,15036,7,0.65,4.55,2009-12-01 17:45:00,2009-12-01,17246,United Kingdom,False
489662,22086,25,2.95,73.75,2009-12-01 17:50:00,2009-12-01,15485,United Kingdom,False
489663,35605A,-117,0.0,-0.0,2009-12-01 18:02:00,2009-12-01,GUEST,United Kingdom,False
489664,21737,1,19.95,19.95,2009-12-01 18:03:00,2009-12-01,14061,United Kingdom,False
489664,84814B,4,1.95,7.8,2009-12-01 18:03:00,2009-12-01,14061,United Kingdom,False
489664,79323P,5,6.75,33.75,2009-12-01 18:03:00,2009-12-01,14061,United Kingdom,False
489664,79341,5,6.75,33.75,2009-12-01 18:03:00,2009-12-01,14061,United Kingdom,False
489664,79323GR,2,6.75,13.5,2009-12-01 18:03:00,2009-12-01,14061,United Kingdom,False
489664,79323W,2,6.75,13.5,2009-12-01 18:03:00,2009-12-01,14061,United Kingdom,False
489664,79323B,4,6.75,27.0,2009-12-01 18:03:00,2009-12-01,14061,United Kingdom,False
489664,79323G,5,6.75,33.75,2009-12-01 18:03:00,2009-12-01,14061,United Kingdom,False
489664,79323S,5,6.75,33.75,2009-12-01 18:03:00,2009-12-01,14061,United Kingdom,False
489664,84360,12,4.65,55.8,2009-12-01 18:03:00,2009-12-01,14061,United Kingdom,False
489664,84358,12,8.49,101.88,2009-12-01 18:03:00,2009-12-01,14061,United Kingdom,False
489665,22101,36,1.85,66.6,2009-12-01 18:07:00,2009-12-01,14108,United Kingdom,False
489665,22065,12,1.45,17.4,2009-12-01 18:07:00,2009-12-01,14108,United Kingdom,False
489665,22349,6,3.75,22.5,2009-12-01 18:07:00,2009-12-01,14108,United Kingdom,False
489665,22350,6,2.55,15.3,2009-12-01 18:07:00,2009-12-01,14108,United Kingdom,False
489665,20870,18,1.25,22.5,2009-12-01 18:07:00,2009-12-01,14108,United Kingdom,False
489665,85071B,6,2.95,17.7,2009-12-01 18:07:00,2009-12-01,14108,United Kingdom,False
489665,85071A,6,2.95,17.7,2009-12-01 18:07:00,2009-12-01,14108,United Kingdom,False
489665,22142,12,1.45,17.4,2009-12-01 18:07:00,2009-12-01,14108,United Kingdom,False
489665,85123A,12,2.95,35.4,2009-12-01 18:07:00,2009-12-01,14108,United Kingdom,False
489665,85174,4,4.95,19.8,2009-12-01 18:07:00,2009-12-01,14108,United Kingdom,False
489666,22337,24,0.65,15.6,2009-12-01 18:13:00,2009-12-01,13648,United Kingdom,False
489666,84920,4,3.75,15.0,2009-12-01 18:13:00,2009-12-01,13648,United Kingdom,False
489666,20665,6,2.95,17.7,2009-12-01 18:13:00,2009-12-01,13648,United Kingdom,False
489666,21826,12,1.25,15.0,2009-12-01 18:13:00,2009-12-01,13648,United Kingdom,False
489666,21811,12,1.25,15.0,2009-12-01 18:13:00,2009-12-01,13648,United Kingdom,False
489666,21805,36,0.42,15.12,2009-12-01 18:13:00,2009-12-01,13648,United Kingdom,False
489666,21806,36,0.42,15.12,2009-12-01 18:13:00,2009-12-01,13648,United Kingdom,False
489666,21411,3,4.25,12.75,2009-12-01 18:13:00,2009-12-01,13648,United Kingdom,False
489666,84832,12,0.85,10.2,2009-12-01 18:13:00,2009-12-01,13648,United Kingdom,False
489666,22114,4,3.95,15.8,2009-12-01 18:13:00,2009-12-01,13648,United Kingdom,False
489666,22071,6,3.75,22.5,2009-12-01 18:13:00,2009-12-01,13648,United Kingdom,False
489666,21039,6,2.55,15.3,2009-12-01 18:13:00,2009-12-01,13648,United Kingdom,False
489666,20754,6,2.1,12.6,2009-12-01 18:13:00,2009-12-01,13648,United Kingdom,False
489666,22297,24,1.25,30.0,2009-12-01 18:13:00,2009-12-01,13648,United Kingdom,False
489666,85123A,12,2.95,35.4,2009-12-01 18:13:00,2009-12-01,13648,United Kingdom,False
489667,21133,12,1.69,20.28,2009-12-01 18:35:00,2009-12-01,16563,United Kingdom,False
489667,84879,24,1.69,40.56,2009-12-01 18:35:00,2009-12-01,16563,United Kingdom,False
489667,16156S,25,0.42,10.5,2009-12-01 18:35:00,2009-12-01,16563,United Kingdom,False
489667,20765,32,2.95,94.4,2009-12-01 18:35:00,2009-12-01,16563,United Kingdom,False
489667,82001S,24,3.39,81.36,2009-12-01 18:35:00,2009-12-01,16563,United Kingdom,False
489667,21137,24,3.39,81.36,2009-12-01 18:35:00,2009-12-01,16563,United Kingdom,False
489667,22246,12,1.95,23.4,2009-12-01 18:35:00,2009-12-01,16563,United Kingdom,False
489667,22187,24,3.75,90.0,2009-12-01 18:35:00,2009-12-01,16563,United Kingdom,False
489667,85123A,32,2.55,81.6,2009-12-01 18:35:00,2009-12-01,16563,United Kingdom,False
489667,84946,12,1.25,15.0,2009-12-01 18:35:00,2009-12-01,16563,United Kingdom,False
489668,21493,24,0.85,20.4,2009-12-01 19:19:00,2009-12-01,16701,United Kingdom,False
489668,20750,12,6.35,76.2,2009-12-01 19:19:00,2009-12-01,16701,United Kingdom,False
489668,21868,24,1.25,30.0,2009-12-01 19:19:00,2009-12-01,16701,United Kingdom,False
489668,22192,2,8.5,17.0,2009-12-01 19:19:00,2009-12-01,16701,United Kingdom,False
489668,22193,4,8.5,34.0,2009-12-01 19:19:00,2009-12-01,16701,United Kingdom,False
489668,21479,12,3.75,45.0,2009-12-01 19:19:00,2009-12-01,16701,United Kingdom,False
489668,21490,48,1.65,79.2,2009-12-01 19:19:00,2009-12-01,16701,United Kingdom,False
489668,21877,72,1.06,76.32,2009-12-01 19:19:00,2009-12-01,16701,United Kingdom,False
489669,21733,24,2.95,70.8,2009-12-02 08:15:00,2009-12-02,12842,United Kingdom,False
489669,84970S,24,0.85,20.4,2009-12-02 08:15:00,2009-12-02,12842,United Kingdom,False
489669,22086,120,2.55,306.0,2009-12-02 08:15:00,2009-12-02,12842,United Kingdom,False
489670,21527,4,7.95,31.8,2009-12-02 08:16:00,2009-12-02,14302,United Kingdom,False
489670,22114,24,3.45,82.8,2009-12-02 08:16:00,2009-12-02,14302,United Kingdom,False
489671,51008,50,3.45,172.5,2009-12-02 08:58:00,2009-12-02,14135,United Kingdom,False
489671,21484,36,2.95,106.2,2009-12-02 08:58:00,2009-12-02,14135,United Kingdom,False
489671,21212,120,0.42,50.4,2009-12-02 08:58:00,2009-12-02,14135,United Kingdom,False
489671,21975,120,0.42,50.4,2009-12-02 08:58:00,2009-12-02,14135,United Kingdom,False
489671,21977,120,0.42,50.4,2009-12-02 08:58:00,2009-12-02,14135,United Kingdom,False
489671,84992,120,0.42,50.4,2009-12-02 08:58:00,2009-12-02,14135,United Kingdom,False
489671,21543,200,0.65,130.0,2009-12-02 08:58:00,2009-12-02,14135,United Kingdom,False
489671,21541,200,0.65,130.0,2009-12-02 08:58:00,2009-12-02,14135,United Kingdom,False
489672,20676,16,1.25,20.0,2009-12-02 09:21:00,2009-12-02,14831,United Kingdom,False
489672,21241,16,0.85,13.6,2009-12-02 09:21:00,2009-12-02,14831,United Kingdom,False
489672,21238,16,0.85,13.6,2009-12-02 09:21:00,2009-12-02,14831,United Kingdom,False
489672,21485,6,4.95,29.7,2009-12-02 09:21:00,2009-12-02,14831,United Kingdom,False
489672,84997B,6,3.75,22.5,2009-12-02 09:21:00,2009-12-02,14831,United Kingdom,False
489672,84997A,6,3.75,22.5,2009-12-02 09:21:00,2009-12-02,14831,United Kingdom,False
489672,21975,24,0.55,13.2,2009-12-02 09:21:00,2009-12-02,14831,United Kingdom,False
489672,22138,3,4.95,14.85,2009-12-02 09:21:00,2009-12-02,14831,United Kingdom,False
489672,21396,12,1.25,15.0,2009-12-02 09:21:00,2009-12-02,14831,United Kingdom,False
489672,21086,12,0.65,7.8,2009-12-02 09:21:00,2009-12-02,14831,United Kingdom,False
489672,21094,12,0.85,10.2,2009-12-02 09:21:00,2009-12-02,14831,United Kingdom,False
489672,21843,6,10.95,65.7,2009-12-02 09:21:00,2009-12-02,14831,United Kingdom,False
489672,21539,3,4.95,14.85,2009-12-02 09:21:00,2009-12-02,14831,United Kingdom,False
489672,21535,6,2.55,15.3,2009-12-02 09:21:00,2009-12-02,14831,United Kingdom,False
489672,21527,4,7.95,31.8,2009-12-02 09:21:00,2009-12-02,14831,United Kingdom,False
489672,21218,6,3.75,22.5,2009-12-02 09:21:00,2009-12-02,14831,United Kingdom,False
489672,21217,4,9.95,39.8,2009-12-02 09:21:00,2009-12-02,14831,United Kingdom,False
489672,21216,4,4.95,19.8,2009-12-02 09:21:00,2009-12-02,14831,United Kingdom,False
489672,21212,48,0.55,26.4,2009-12-02 09:21:00,2009-12-02,14831,United Kingdom,False
489672,20913,6,2.95,17.7,2009-12-02 09:21:00,2009-12-02,14831,United Kingdom,False
489672,20914,6,2.95,17.7,2009-12-02 09:21:00,2009-12-02,14831,United Kingdom,False
489672,47591D,8,1.95,15.6,2009-12-02 09:21:00,2009-12-02,14831,United Kingdom,False
489672,84992,24,0.55,13.2,2009-12-02 09:21:00,2009-12-02,14831,United Kingdom,False
489672,21977,24,0.55,13.2,2009-12-02 09:21:00,2009-12-02,14831,United Kingdom,False
489672,21107,12,2.95,35.4,2009-12-02 09:21:00,2009-12-02,14831,United Kingdom,False
489672,79072,4,9.95,39.8,2009-12-02 09:21:00,2009-12-02,14831,United Kingdom,False
489672,84510B,10,1.25,12.5,2009-12-02 09:21:00,2009-12-02,14831,United Kingdom,False
489672,84509B,4,3.75,15.0,2009-12-02 09:21:00,2009-12-02,14831,United Kingdom,False
489672,84991,72,0.55,39.6,2009-12-02 09:21:00,2009-12-02,14831,United Kingdom,False
489672,84987,24,1.45,34.8,2009-12-02 09:21:00,2009-12-02,14831,United Kingdom,False
489672,37503,8,10.75,86.0,2009-12-02 09:21:00,2009-12-02,14831,United Kingdom,False
489672,72741,9,1.45,13.05,2009-12-02 09:21:00,2009-12-02,14831,United Kingdom,False
489673,22195,12,1.65,19.8,2009-12-02 09:23:00,2009-12-02,14831,United Kingdom,False
489673,21658,4,3.95,15.8,2009-12-02 09:23:00,2009-12-02,14831,United Kingdom,False
489673,22197,12,0.85,10.2,2009-12-02 09:23:00,2009-12-02,14831,United Kingdom,False
489673,21531,6,2.55,15.3,2009-12-02 09:23:00,2009-12-02,14831,United Kingdom,False
489674,22336,24,0.65,15.6,2009-12-02 09:35:00,2009-12-02,15602,United Kingdom,False
489674,22339,24,0.65,15.6,2009-12-02 09:35:00,2009-12-02,15602,United Kingdom,False
489674,22338,24,0.65,15.6,2009-12-02 09:35:00,2009-12-02,15602,United Kingdom,False
489674,22335,24,0.65,15.6,2009-12-02 09:35:00,2009-12-02,15602,United Kingdom,False
489674,21811,12,1.25,15.0,2009-12-02 09:35:00,2009-12-02,15602,United Kingdom,False
489674,21809,12,1.25,15.0,2009-12-02 09:35:00,2009-12-02,15602,United Kingdom,False
489674,21810,12,1.25,15.0,2009-12-02 09:35:00,2009-12-02,15602,United Kingdom,False
489674,21351,6,6.75,40.5,2009-12-02 09:35:00,2009-12-02,15602,United Kingdom,False
489674,21349,2,6.75,13.5,2009-12-02 09:35:00,2009-12-02,15602,United Kingdom,False
489674,22153,48,0.42,20.16,2009-12-02 09:35:00,2009-12-02,15602,United Kingdom,False
489674,85112,12,1.25,15.0,2009-12-02 09:35:00,2009-12-02,15602,United Kingdom,False
489674,84832,12,0.85,10.2,2009-12-02 09:35:00,2009-12-02,15602,United Kingdom,False
489674,84970S,12,0.85,10.2,2009-12-02 09:35:00,2009-12-02,15602,United Kingdom,False
489674,85123A,6,2.95,17.7,2009-12-02 09:35:00,2009-12-02,15602,United Kingdom,False
489674,22178,12,1.25,15.0,2009-12-02 09:35:00,2009-12-02,15602,United Kingdom,False
489674,79534,12,0.55,6.6,2009-12-02 09:35:00,2009-12-02,15602,United Kingdom,False
489674,35594,12,0.42,5.04,2009-12-02 09:35:00,2009-12-02,15602,United Kingdom,False
489675,21842,48,2.1,100.8,2009-12-02 09:47:00,2009-12-02,13777,United Kingdom,False
489675,15056BL,240,4.6,1104.0,2009-12-02 09:47:00,2009-12-02,13777,United Kingdom,False
489675,21864,48,1.69,81.12,2009-12-02 09:47:00,2009-12-02,13777,United Kingdom,False
489675,84050,120,1.25,150.0,2009-12-02 09:47:00,2009-12-02,13777,United Kingdom,False
489675,84029E,168,2.95,495.6,2009-12-02 09:47:00,2009-12-02,13777,United Kingdom,False
489675,20971,240,1.06,254.4,2009-12-02 09:47:00,2009-12-02,13777,United Kingdom,False
489675,82615,48,2.55,122.4,2009-12-02 09:47:00,2009-12-02,13777,United Kingdom,False
489675,20679,120,4.6,552.0,2009-12-02 09:47:00,2009-12-02,13777,United Kingdom,False
489675,21354,12,1.05,12.6,2009-12-02 09:47:00,2009-12-02,13777,United Kingdom,False
489675,22095,60,1.25,75.0,2009-12-02 09:47:00,2009-12-02,13777,United Kingdom,False
489675,72023F,96,0.85,81.6,2009-12-02 09:47:00,2009-12-02,13777,United Kingdom,False
489675,85038,48,1.69,81.12,2009-12-02 09:47:00,2009-12-02,13777,United Kingdom,False
489675,20934,16,4.95,79.2,2009-12-02 09:47:00,2009-12-02,13777,United Kingdom,False
489675,21107,48,2.55,122.4,2009-12-02 09:47:00,2009-12-02,13777,United Kingdom,False
489675,85099B,60,1.65,99.0,2009-12-02 09:47:00,2009-12-02,13777,United Kingdom,False
489675,85123A,64,2.55,163.2,2009-12-02 09:47:00,2009-12-02,13777,United Kingdom,False
489675,20727,50,1.45,72.5,2009-12-02 09:47:00,2009-12-02,13777,United Kingdom,False
489675,22041,240,2.1,504.0,2009-12-02 09:47:00,2009-12-02,13777,United Kingdom,False
489675,21610,48,2.55,122.4,2009-12-02 09:47:00,2009-12-02,13777,United Kingdom,False
489675,85174,48,4.25,204.0,2009-12-02 09:47:00,2009-12-02,13777,United Kingdom,False
489675,72802A,48,3.81,182.88,2009-12-02 09:47:00,2009-12-02,13777,United Kingdom,False
489675,35004C,60,4.65,279.0,2009-12-02 09:47:00,2009-12-02,13777,United Kingdom,False
489676,22095,120,1.25,150.0,2009-12-02 09:49:00,2009-12-02,13777,United Kingdom,False
489676,72023F,240,0.85,204.0,2009-12-02 09:49:00,2009-12-02,13777,United Kingdom,False
489676,21864,120,1.69,202.8,2009-12-02 09:49:00,2009-12-02,13777,United Kingdom,False
489676,21107,120,2.55,306.0,2009-12-02 09:49:00,2009-12-02,13777,United Kingdom,False
489676,85220,240,1.45,348.0,2009-12-02 09:49:00,2009-12-02,13777,United Kingdom,False
489677,21341,24,4.25,102.0,2009-12-02 09:50:00,2009-12-02,14000,United Kingdom,False
489677,21323,24,3.75,90.0,2009-12-02 09:50:00,2009-12-02,14000,United Kingdom,False
489678,22023,1,0.42,0.42,2009-12-02 09:57:00,2009-12-02,16823,United Kingdom,False
489678,22030,12,0.42,5.04,2009-12-02 09:57:00,2009-12-02,16823,United Kingdom,False
489678,21504,12,0.42,5.04,2009-12-02 09:57:00,2009-12-02,16823,United Kingdom,False
489678,21340,1,12.75,12.75,2009-12-02 09:57:00,2009-12-02,16823,United Kingdom,False
489678,21347,4,5.95,23.8,2009-12-02 09:57:00,2009-12-02,16823,United Kingdom,False
489678,22076,3,1.65,4.95,2009-12-02 09:57:00,2009-12-02,16823,United Kingdom,False
489678,85049E,5,1.25,6.25,2009-12-02 09:57:00,2009-12-02,16823,United Kingdom,False
489678,21493,8,0.85,6.8,2009-12-02 09:57:00,2009-12-02,16823,United Kingdom,False
489678,22082,2,1.65,3.3,2009-12-02 09:57:00,2009-12-02,16823,United Kingdom,False
489678,84347,19,2.55,48.45,2009-12-02 09:57:00,2009-12-02,16823,United Kingdom,False
489678,21122,1,1.25,1.25,2009-12-02 09:57:00,2009-12-02,16823,United Kingdom,False
489678,21126,1,1.25,1.25,2009-12-02 09:57:00,2009-12-02,16823,United Kingdom,False
489678,22349,1,3.75,3.75,2009-12-02 09:57:00,2009-12-02,16823,United Kingdom,False
489678,22079,4,1.65,6.6,2009-12-02 09:57:00,2009-12-02,16823,United Kingdom,False
489678,21490,3,1.95,5.85,2009-12-02 09:57:00,2009-12-02,16823,United Kingdom,False
489678,22303,6,2.55,15.3,2009-12-02 09:57:00,2009-12-02,16823,United Kingdom,False
489678,22118,2,4.95,9.9,2009-12-02 09:57:00,2009-12-02,16823,United Kingdom,False
489678,84947,6,1.25,7.5,2009-12-02 09:57:00,2009-12-02,16823,United Kingdom,False
489678,84946,6,1.25,7.5,2009-12-02 09:57:00,2009-12-02,16823,United Kingdom,False
489678,21016,16,0.85,13.6,2009-12-02 09:57:00,2009-12-02,16823,United Kingdom,False
489679,21527,2,7.95,15.9,2009-12-02 10:00:00,2009-12-02,16163,United Kingdom,False
489679,21733,6,2.95,17.7,2009-12-02 10:00:00,2009-12-02,16163,United Kingdom,False
489679,21843,1,10.95,10.95,2009-12-02 10:00:00,2009-12-02,16163,United Kingdom,False
489679,20692,3,4.25,12.75,2009-12-02 10:00:00,2009-12-02,16163,United Kingdom,False
489679,22184,2,8.5,17.0,2009-12-02 10:00:00,2009-12-02,16163,United Kingdom,False
489679,21107,18,2.95,53.1,2009-12-02 10:00:00,2009-12-02,16163,United Kingdom,False
489679,85232B,6,4.95,29.7,2009-12-02 10:00:00,2009-12-02,16163,United Kingdom,False
489679,22353,6,2.55,15.3,2009-12-02 10:00:00,2009-12-02,16163,United Kingdom,False
489679,22086,6,2.95,17.7,2009-12-02 10:00:00,2009-12-02,16163,United Kingdom,False
489679,22169,2,8.5,17.0,2009-12-02 10:00:00,2009-12-02,16163,United Kingdom,False
489679,21537,4,4.25,17.0,2009-12-02 10:00:00,2009-12-02,16163,United Kingdom,False
489679,71459,12,0.85,10.2,2009-12-02 10:00:00,2009-12-02,16163,United Kingdom,False
489679,21299,1,12.75,12.75,2009-12-02 10:00:00,2009-12-02,16163,United Kingdom,False
489679,21578,12,2.25,27.0,2009-12-02 10:00:00,2009-12-02,16163,United Kingdom,False
489679,84371,1,19.95,19.95,2009-12-02 10:00:00,2009-12-02,16163,United Kingdom,False
489679,21080,12,0.85,10.2,2009-12-02 10:00:00,2009-12-02,16163,United Kingdom,False
489679,21734,4,3.75,15.0,2009-12-02 10:00:00,2009-12-02,16163,United Kingdom,False
489679,84879,8,1.69,13.52,2009-12-02 10:00:00,2009-12-02,16163,United Kingdom,False
489679,20685,6,6.75,40.5,2009-12-02 10:00:00,2009-12-02,16163,United Kingdom,False
489679,22138,3,4.95,14.85,2009-12-02 10:00:00,2009-12-02,16163,United Kingdom,False
489679,82483,3,5.95,17.85,2009-12-02 10:00:00,2009-12-02,16163,United Kingdom,False
489679,22181,12,0.85,10.2,2009-12-02 10:00:00,2009-12-02,16163,United Kingdom,False
489679,22139,12,4.95,59.4,2009-12-02 10:00:00,2009-12-02,16163,United Kingdom,False
489679,22134,24,0.42,10.08,2009-12-02 10:00:00,2009-12-02,16163,United Kingdom,False
489679,35979,12,2.95,35.4,2009-12-02 10:00:00,2009-12-02,16163,United Kingdom,False
489679,21754,3,5.95,17.85,2009-12-02 10:00:00,2009-12-02,16163,United Kingdom,False
489679,21448,12,1.65,19.8,2009-12-02 10:00:00,2009-12-02,16163,United Kingdom,False
489679,22322,12,0.85,10.2,2009-12-02 10:00:00,2009-12-02,16163,United Kingdom,False
489679,85048,6,7.95,47.7,2009-12-02 10:00:00,2009-12-02,16163,United Kingdom,False
489679,22321,12,0.85,10.2,2009-12-02 10:00:00,2009-12-02,16163,United Kingdom,False
489679,22030,12,0.42,5.04,2009-12-02 10:00:00,2009-12-02,16163,United Kingdom,False
489679,22027,12,0.42,5.04,2009-12-02 10:00:00,2009-12-02,16163,United Kingdom,False
489679,21440,12,1.25,15.0,2009-12-02 10:00:00,2009-12-02,16163,United Kingdom,False
489679,84795C,2,7.95,15.9,2009-12-02 10:00:00,2009-12-02,16163,United Kingdom,False
489679,21304,1,12.75,12.75,2009-12-02 10:00:00,2009-12-02,16163,United Kingdom,False
489679,85123A,6,2.95,17.7,2009-12-02 10:00:00,2009-12-02,16163,United Kingdom,False
489679,21259,2,5.95,11.9,2009-12-02 10:00:00,2009-12-02,16163,United Kingdom,False
489679,21258,1,12.75,12.75,2009-12-02 10:00:00,2009-12-02,16163,United Kingdom,False
489679,21485,3,4.95,14.85,2009-12-02 10:00:00,2009-12-02,16163,United Kingdom,False
489679,85014B,3,5.95,17.85,2009-12-02 10:00:00,2009-12-02,16163,United Kingdom,False
489679,21735,2,12.75,25.5,2009-12-02 10:00:00,2009-12-02,16163,United Kingdom,False
489679,21752,1,14.95,14.95,2009-12-02 10:00:00,2009-12-02,16163,United Kingdom,False
489681,35649,2,3.35,6.7,2009-12-02 10:02:00,2009-12-02,17998,United Kingdom,False
489681,35646,2,4.25,8.5,2009-12-02 10:02:00,2009-12-02,17998,United Kingdom,False
489681,35651,1,7.95,7.95,2009-12-02 10:02:00,2009-12-02,17998,United Kingdom,False
489681,35648,1,2.95,2.95,2009-12-02 10:02:00,2009-12-02,17998,United Kingdom,False
489681,84670,36,0.42,15.12,2009-12-02 10:02:00,2009-12-02,17998,United Kingdom,False
489681,21829,72,0.21,15.12,2009-12-02 10:02:00,2009-12-02,17998,United Kingdom,False
489681,84270,30,0.21,6.3,2009-12-02 10:02:00,2009-12-02,17998,United Kingdom,False
489681,85227,12,0.85,10.2,2009-12-02 10:02:00,2009-12-02,17998,United Kingdom,False
489681,85226C,11,0.55,6.05,2009-12-02 10:02:00,2009-12-02,17998,United Kingdom,False
489681,16212,15,0.65,9.75,2009-12-02 10:02:00,2009-12-02,17998,United Kingdom,False
489681,21034,1,0.95,0.95,2009-12-02 10:02:00,2009-12-02,17998,United Kingdom,False
489680,21889,36,1.25,45.0,2009-12-02 10:02:00,2009-12-02,17193,United Kingdom,False
489682,22121,3,5.95,17.85,2009-12-02 10:08:00,2009-12-02,15759,United Kingdom,False
489682,22138,6,4.95,29.7,2009-12-02 10:08:00,2009-12-02,15759,United Kingdom,False
489682,22273,6,2.95,17.7,2009-12-02 10:08:00,2009-12-02,15759,United Kingdom,False
489682,84568,288,0.21,60.48,2009-12-02 10:08:00,2009-12-02,15759,United Kingdom,False
489683,48116,2,6.75,13.5,2009-12-02 10:09:00,2009-12-02,16131,United Kingdom,False
489683,35095B,24,0.42,10.08,2009-12-02 10:09:00,2009-12-02,16131,United Kingdom,False
489683,35096A,24,0.42,10.08,2009-12-02 10:09:00,2009-12-02,16131,United Kingdom,False
489683,82582,72,1.69,121.68,2009-12-02 10:09:00,2009-12-02,16131,United Kingdom,False
489683,84520B,12,0.85,10.2,2009-12-02 10:09:00,2009-12-02,16131,United Kingdom,False
489683,84536A,16,0.42,6.72,2009-12-02 10:09:00,2009-12-02,16131,United Kingdom,False
489683,79323W,24,5.45,130.8,2009-12-02 10:09:00,2009-12-02,16131,United Kingdom,False
489683,48184,2,6.75,13.5,2009-12-02 10:09:00,2009-12-02,16131,United Kingdom,False
489683,35646,4,4.25,17.0,2009-12-02 10:09:00,2009-12-02,16131,United Kingdom,False
489683,47503K,24,1.95,46.8,2009-12-02 10:09:00,2009-12-02,16131,United Kingdom,False
489683,84691,24,0.85,20.4,2009-12-02 10:09:00,2009-12-02,16131,United Kingdom,False
489683,84879,24,1.69,40.56,2009-12-02 10:09:00,2009-12-02,16131,United Kingdom,False
489683,48189,2,6.75,13.5,2009-12-02 10:09:00,2009-12-02,16131,United Kingdom,False
489683,84970L,24,0.95,22.8,2009-12-02 10:09:00,2009-12-02,16131,United Kingdom,False
489683,84990,24,0.55,13.2,2009-12-02 10:09:00,2009-12-02,16131,United Kingdom,False
489683,85034A,24,3.81,91.44,2009-12-02 10:09:00,2009-12-02,16131,United Kingdom,False
489683,85049C,12,1.25,15.0,2009-12-02 10:09:00,2009-12-02,16131,United Kingdom,False
489683,48194,2,6.75,13.5,2009-12-02 10:09:00,2009-12-02,16131,United Kingdom,False
489683,85123A,12,2.95,35.4,2009-12-02 10:09:00,2009-12-02,16131,United Kingdom,False
489683,85222,12,2.1,25.2,2009-12-02 10:09:00,2009-12-02,16131,United Kingdom,False
489683,85230F,24,0.29,6.96,2009-12-02 10:09:00,2009-12-02,16131,United Kingdom,False
489683,20754,6,2.1,12.6,2009-12-02 10:09:00,2009-12-02,16131,United Kingdom,False
489683,20913,6,2.95,17.7,2009-12-02 10:09:00,2009-12-02,16131,United Kingdom,False
489683,20914,12,2.95,35.4,2009-12-02 10:09:00,2009-12-02,16131,United Kingdom,False
489683,21041,6,2.95,17.7,2009-12-02 10:09:00,2009-12-02,16131,United Kingdom,False
489683,21042,6,5.95,35.7,2009-12-02 10:09:00,2009-12-02,16131,United Kingdom,False
489683,21080,24,0.85,20.4,2009-12-02 10:09:00,2009-12-02,16131,United Kingdom,False
489683,21136,24,1.69,40.56,2009-12-02 10:09:00,2009-12-02,16131,United Kingdom,False
489683,21154,10,1.25,12.5,2009-12-02 10:09:00,2009-12-02,16131,United Kingdom,False
489683,21155,12,2.1,25.2,2009-12-02 10:09:00,2009-12-02,16131,United Kingdom,False
489683,21164,6,2.95,17.7,2009-12-02 10:09:00,2009-12-02,16131,United Kingdom,False
489683,21172,12,1.45,17.4,2009-12-02 10:09:00,2009-12-02,16131,United Kingdom,False
489683,21181,12,2.1,25.2,2009-12-02 10:09:00,2009-12-02,16131,United Kingdom,False
489683,21212,24,0.55,13.2,2009-12-02 10:09:00,2009-12-02,16131,United Kingdom,False
489683,21238,8,0.85,6.8,2009-12-02 10:09:00,2009-12-02,16131,United Kingdom,False
489683,21255,12,1.65,19.8,2009-12-02 10:09:00,2009-12-02,16131,United Kingdom,False
489683,21260,6,3.25,19.5,2009-12-02 10:09:00,2009-12-02,16131,United Kingdom,False
489683,21286,12,2.55,30.6,2009-12-02 10:09:00,2009-12-02,16131,United Kingdom,False
489683,21313,24,0.85,20.4,2009-12-02 10:09:00,2009-12-02,16131,United Kingdom,False
489683,21359,2,15.95,31.9,2009-12-02 10:09:00,2009-12-02,16131,United Kingdom,False
489683,21398,48,1.75,84.0,2009-12-02 10:09:00,2009-12-02,16131,United Kingdom,False
489683,21529,6,3.45,20.7,2009-12-02 10:09:00,2009-12-02,16131,United Kingdom,False
489683,21534,3,4.95,14.85,2009-12-02 10:09:00,2009-12-02,16131,United Kingdom,False
489683,21732,16,3.39,54.24,2009-12-02 10:09:00,2009-12-02,16131,United Kingdom,False
489683,22196,24,0.85,20.4,2009-12-02 10:09:00,2009-12-02,16131,United Kingdom,False
489683,22212,12,2.1,25.2,2009-12-02 10:09:00,2009-12-02,16131,United Kingdom,False
489684,84990,48,0.55,26.4,2009-12-02 10:15:00,2009-12-02,14560,United Kingdom,False
489684,21217,5,9.95,49.75,2009-12-02 10:15:00,2009-12-02,14560,United Kingdom,False
489684,84520B,12,0.85,10.2,2009-12-02 10:15:00,2009-12-02,14560,United Kingdom,False
489684,21080,12,0.85,10.2,2009-12-02 10:15:00,2009-12-02,14560,United Kingdom,False
489684,21210,24,1.45,34.8,2009-12-02 10:15:00,2009-12-02,14560,United Kingdom,False
489684,37449,4,9.95,39.8,2009-12-02 10:15:00,2009-12-02,14560,United Kingdom,False
489684,21843,6,10.95,65.7,2009-12-02 10:15:00,2009-12-02,14560,United Kingdom,False
489684,22218,3,4.25,12.75,2009-12-02 10:15:00,2009-12-02,14560,United Kingdom,False
489684,22215,2,8.5,17.0,2009-12-02 10:15:00,2009-12-02,14560,United Kingdom,False
C489685,POST,-1,18.0,-18.0,2009-12-02 10:28:00,2009-12-02,12523,France,True
C489685,21843,-1,10.95,-10.95,2009-12-02 10:28:00,2009-12-02,12523,France,True
C489686,79191C,-2,0.85,-1.7,2009-12-02 10:34:00,2009-12-02,17019,United Kingdom,True
489687,21837,3,5.95,17.85,2009-12-02 10:41:00,2009-12-02,17087,United Kingdom,False
489687,20675,8,1.25,10.0,2009-12-02 10:41:00,2009-12-02,17087,United Kingdom,False
489687,22086,6,2.95,17.7,2009-12-02 10:41:00,2009-12-02,17087,United Kingdom,False
489687,22111,3,4.95,14.85,2009-12-02 10:41:00,2009-12-02,17087,United Kingdom,False
489687,22112,3,4.95,14.85,2009-12-02 10:41:00,2009-12-02,17087,United Kingdom,False
489687,21691,4,3.75,15.0,2009-12-02 10:41:00,2009-12-02,17087,United Kingdom,False
489687,21133,12,1.69,20.28,2009-12-02 10:41:00,2009-12-02,17087,United Kingdom,False
489687,21591,24,1.25,30.0,2009-12-02 10:41:00,2009-12-02,17087,United Kingdom,False
489687,21584,20,1.65,33.0,2009-12-02 10:41:00,2009-12-02,17087,United Kingdom,False
489687,21407,3,4.25,12.75,2009-12-02 10:41:00,2009-12-02,17087,United Kingdom,False
489687,47505,3,4.95,14.85,2009-12-02 10:41:00,2009-12-02,17087,United Kingdom,False
489687,21640,24,0.85,20.4,2009-12-02 10:41:00,2009-12-02,17087,United Kingdom,False
489688,85047,6,6.35,38.1,2009-12-02 10:42:00,2009-12-02,14894,United Kingdom,False
489688,79323LP,24,5.45,130.8,2009-12-02 10:42:00,2009-12-02,14894,United Kingdom,False
489688,79323W,24,5.45,130.8,2009-12-02 10:42:00,2009-12-02,14894,United Kingdom,False
C489689,21843,-2,10.95,-21.9,2009-12-02 10:46:00,2009-12-02,15353,United Kingdom,True
489695,22415,1,7.95,7.95,2009-12-02 10:48:00,2009-12-02,16202,United Kingdom,False
489695,22121,3,5.95,17.85,2009-12-02 10:48:00,2009-12-02,16202,United Kingdom,False
489695,22295,12,1.65,19.8,2009-12-02 10:48:00,2009-12-02,16202,United Kingdom,False
489695,21485,3,4.95,14.85,2009-12-02 10:48:00,2009-12-02,16202,United Kingdom,False
489695,85014D,3,5.95,17.85,2009-12-02 10:48:00,2009-12-02,16202,United Kingdom,False
489695,85014B,3,5.95,17.85,2009-12-02 10:48:00,2009-12-02,16202,United Kingdom,False
489695,72760B,4,9.95,39.8,2009-12-02 10:48:00,2009-12-02,16202,United Kingdom,False
489695,85042,8,4.95,39.6,2009-12-02 10:48:00,2009-12-02,16202,United Kingdom,False
489695,21790,12,0.85,10.2,2009-12-02 10:48:00,2009-12-02,16202,United Kingdom,False
489695,21889,12,1.25,15.0,2009-12-02 10:48:00,2009-12-02,16202,United Kingdom,False
489695,21912,4,3.75,15.0,2009-12-02 10:48:00,2009-12-02,16202,United Kingdom,False
489695,85031B,24,1.25,30.0,2009-12-02 10:48:00,2009-12-02,16202,United Kingdom,False
489695,85123A,6,2.95,17.7,2009-12-02 10:48:00,2009-12-02,16202,United Kingdom,False
489695,21955,2,6.75,13.5,2009-12-02 10:48:00,2009-12-02,16202,United Kingdom,False
489695,21672,24,1.25,30.0,2009-12-02 10:48:00,2009-12-02,16202,United Kingdom,False
489699,85099C,20,1.95,39.0,2009-12-02 10:51:00,2009-12-02,16700,United Kingdom,False
489699,21931,10,1.95,19.5,2009-12-02 10:51:00,2009-12-02,16700,United Kingdom,False
489699,21930,10,1.95,19.5,2009-12-02 10:51:00,2009-12-02,16700,United Kingdom,False
489699,21212,24,0.55,13.2,2009-12-02 10:51:00,2009-12-02,16700,United Kingdom,False
489699,21833,12,1.69,20.28,2009-12-02 10:51:00,2009-12-02,16700,United Kingdom,False
489699,22131,6,1.95,11.7,2009-12-02 10:51:00,2009-12-02,16700,United Kingdom,False
489699,22111,3,4.95,14.85,2009-12-02 10:51:00,2009-12-02,16700,United Kingdom,False
489699,22216,12,0.85,10.2,2009-12-02 10:51:00,2009-12-02,16700,United Kingdom,False
489699,22224,6,2.95,17.7,2009-12-02 10:51:00,2009-12-02,16700,United Kingdom,False
489699,22083,6,2.95,17.7,2009-12-02 10:51:00,2009-12-02,16700,United Kingdom,False
489699,22086,6,2.95,17.7,2009-12-02 10:51:00,2009-12-02,16700,United Kingdom,False
489699,22348,12,0.85,10.2,2009-12-02 10:51:00,2009-12-02,16700,United Kingdom,False
489699,22355,20,0.85,17.0,2009-12-02 10:51:00,2009-12-02,16700,United Kingdom,False
489699,22356,10,0.85,8.5,2009-12-02 10:51:00,2009-12-02,16700,United Kingdom,False
489699,84879,8,1.69,13.52,2009-12-02 10:51:00,2009-12-02,16700,United Kingdom,False
489699,85132C,1,9.95,9.95,2009-12-02 10:51:00,2009-12-02,16700,United Kingdom,False
489699,21100,10,1.65,16.5,2009-12-02 10:51:00,2009-12-02,16700,United Kingdom,False
489699,85099B,10,1.95,19.5,2009-12-02 10:51:00,2009-12-02,16700,United Kingdom,False
489699,21746,12,1.25,15.0,2009-12-02 10:51:00,2009-12-02,16700,United Kingdom,False
489699,21210,12,1.45,17.4,2009-12-02 10:51:00,2009-12-02,16700,United Kingdom,False
489699,20681,6,3.25,19.5,2009-12-02 10:51:00,2009-12-02,16700,United Kingdom,False
489699,21238,8,0.85,6.8,2009-12-02 10:51:00,2009-12-02,16700,United Kingdom,False
489699,21527,2,7.95,15.9,2009-12-02 10:51:00,2009-12-02,16700,United Kingdom,False
489699,21531,6,2.55,15.3,2009-12-02 10:51:00,2009-12-02,16700,United Kingdom,False
489699,21535,6,2.55,15.3,2009-12-02 10:51:00,2009-12-02,16700,United Kingdom,False
489705,22207,4,4.25,17.0,2009-12-02 10:52:00,2009-12-02,16700,United Kingdom,False
489702,22086,280,2.55,714.0,2009-12-02 10:52:00,2009-12-02,17511,United Kingdom,False
489702,85123A,64,2.55,163.2,2009-12-02 10:52:00,2009-12-02,17511,United Kingdom,False
489702,85065,10,9.95,99.5,2009-12-02 10:52:00,2009-12-02,17511,United Kingdom,False
489702,20685,10,5.95,59.5,2009-12-02 10:52:00,2009-12-02,17511,United Kingdom,False
489702,20961,10,1.25,12.5,2009-12-02 10:52:00,2009-12-02,17511,United Kingdom,False
489702,20963,10,1.25,12.5,2009-12-02 10:52:00,2009-12-02,17511,United Kingdom,False
489702,20966,10,1.25,12.5,2009-12-02 10:52:00,2009-12-02,17511,United Kingdom,False
489702,20960,10,1.25,12.5,2009-12-02 10:52:00,2009-12-02,17511,United Kingdom,False
489702,22197,120,0.72,86.4,2009-12-02 10:52:00,2009-12-02,17511,United Kingdom,False
489702,21238,96,0.72,69.12,2009-12-02 10:52:00,2009-12-02,17511,United Kingdom,False
489702,21241,96,0.72,69.12,2009-12-02 10:52:00,2009-12-02,17511,United Kingdom,False
489702,20677,72,1.06,76.32,2009-12-02 10:52:00,2009-12-02,17511,United Kingdom,False
489702,20675,72,1.06,76.32,2009-12-02 10:52:00,2009-12-02,17511,United Kingdom,False
489702,20674,72,1.06,76.32,2009-12-02 10:52:00,2009-12-02,17511,United Kingdom,False
489702,21212,120,0.42,50.4,2009-12-02 10:52:00,2009-12-02,17511,United Kingdom,False
489702,21094,96,0.64,61.44,2009-12-02 10:52:00,2009-12-02,17511,United Kingdom,False
489702,21086,48,0.65,31.2,2009-12-02 10:52:00,2009-12-02,17511,United Kingdom,False
489702,20979,128,1.06,135.68,2009-12-02 10:52:00,2009-12-02,17511,United Kingdom,False
489702,22109,16,3.39,54.24,2009-12-02 10:52:00,2009-12-02,17511,United Kingdom,False
489702,21217,12,8.95,107.4,2009-12-02 10:52:00,2009-12-02,17511,United Kingdom,False
489702,21791,72,1.06,76.32,2009-12-02 10:52:00,2009-12-02,17511,United Kingdom,False
489702,21703,96,0.36,34.56,2009-12-02 10:52:00,2009-12-02,17511,United Kingdom,False
489702,21888,8,3.75,30.0,2009-12-02 10:52:00,2009-12-02,17511,United Kingdom,False
489702,21205,48,2.1,100.8,2009-12-02 10:52:00,2009-12-02,17511,United Kingdom,False
489702,84692,100,0.42,42.0,2009-12-02 10:52:00,2009-12-02,17511,United Kingdom,False
489702,21477,20,10.95,219.0,2009-12-02 10:52:00,2009-12-02,17511,United Kingdom,False
489702,79323W,24,5.45,130.8,2009-12-02 10:52:00,2009-12-02,17511,United Kingdom,False
489702,85099B,100,1.65,165.0,2009-12-02 10:52:00,2009-12-02,17511,United Kingdom,False
489702,21931,100,1.65,165.0,2009-12-02 10:52:00,2009-12-02,17511,United Kingdom,False
489702,85099F,100,1.65,165.0,2009-12-02 10:52:00,2009-12-02,17511,United Kingdom,False
C489713,21094,-150,0.64,-96.0,2009-12-02 10:55:00,2009-12-02,12755,Japan,True
C489713,22071,-18,2.75,-49.5,2009-12-02 10:55:00,2009-12-02,12755,Japan,True
C489713,22070,-23,2.75,-63.25,2009-12-02 10:55:00,2009-12-02,12755,Japan,True
489723,22415,2,7.95,15.9,2009-12-02 10:58:00,2009-12-02,14299,United Kingdom,False
489723,22114,24,3.45,82.8,2009-12-02 10:58:00,2009-12-02,14299,United Kingdom,False
489723,22145,40,1.85,74.0,2009-12-02 10:58:00,2009-12-02,14299,United Kingdom,False
489723,21485,24,4.25,102.0,2009-12-02 10:58:00,2009-12-02,14299,United Kingdom,False
489723,84077,288,0.18,51.84,2009-12-02 10:58:00,2009-12-02,14299,United Kingdom,False
489723,84029E,48,2.95,141.6,2009-12-02 10:58:00,2009-12-02,14299,United Kingdom,False
489723,22111,48,4.25,204.0,2009-12-02 10:58:00,2009-12-02,14299,United Kingdom,False
489723,72756,108,1.25,135.0,2009-12-02 10:58:00,2009-12-02,14299,United Kingdom,False
489723,48184,10,5.95,59.5,2009-12-02 10:58:00,2009-12-02,14299,United Kingdom,False
489723,48173C,10,5.95,59.5,2009-12-02 10:58:00,2009-12-02,14299,United Kingdom,False
489723,85014B,12,5.95,71.4,2009-12-02 10:58:00,2009-12-02,14299,United Kingdom,False
489723,85231E,36,0.85,30.6,2009-12-02 10:58:00,2009-12-02,14299,United Kingdom,False
489723,85231B,36,0.85,30.6,2009-12-02 10:58:00,2009-12-02,14299,United Kingdom,False
489723,21080,24,0.85,20.4,2009-12-02 10:58:00,2009-12-02,14299,United Kingdom,False
489723,21098,36,1.06,38.16,2009-12-02 10:58:00,2009-12-02,14299,United Kingdom,False
489723,21126,12,1.25,15.0,2009-12-02 10:58:00,2009-12-02,14299,United Kingdom,False
489723,21212,120,0.42,50.4,2009-12-02 10:58:00,2009-12-02,14299,United Kingdom,False
489723,21231,72,1.06,76.32,2009-12-02 10:58:00,2009-12-02,14299,United Kingdom,False
489723,21232,72,1.06,76.32,2009-12-02 10:58:00,2009-12-02,14299,United Kingdom,False
489723,21429,8,1.65,13.2,2009-12-02 10:58:00,2009-12-02,14299,United Kingdom,False
489723,22049,25,0.42,10.5,2009-12-02 10:58:00,2009-12-02,14299,United Kingdom,False
489723,21832,36,1.65,59.4,2009-12-02 10:58:00,2009-12-02,14299,United Kingdom,False
489723,22064,48,1.45,69.6,2009-12-02 10:58:00,2009-12-02,14299,United Kingdom,False
489723,22189,72,3.39,244.08,2009-12-02 10:58:00,2009-12-02,14299,United Kingdom,False
489723,22195,80,1.45,116.0,2009-12-02 10:58:00,2009-12-02,14299,United Kingdom,False
489723,22112,48,4.25,204.0,2009-12-02 10:58:00,2009-12-02,14299,United Kingdom,False
489726,21428,200,3.75,750.0,2009-12-02 11:07:00,2009-12-02,17949,United Kingdom,False
489725,22197,300,0.72,216.0,2009-12-02 11:07:00,2009-12-02,17949,United Kingdom,False
489727,22086,450,2.0,900.0,2009-12-02 11:09:00,2009-12-02,17949,United Kingdom,False
489728,48173C,4,6.75,27.0,2009-12-02 11:18:00,2009-12-02,14799,United Kingdom,False
489728,21523,2,6.75,13.5,2009-12-02 11:18:00,2009-12-02,14799,United Kingdom,False
489728,84926B,24,1.25,30.0,2009-12-02 11:18:00,2009-12-02,14799,United Kingdom,False
489728,21464,2,4.25,8.5,2009-12-02 11:18:00,2009-12-02,14799,United Kingdom,False
489728,21463,2,5.95,11.9,2009-12-02 11:18:00,2009-12-02,14799,United Kingdom,False
489728,20668,288,0.1,28.8,2009-12-02 11:18:00,2009-12-02,14799,United Kingdom,False
489728,22340,12,1.65,19.8,2009-12-02 11:18:00,2009-12-02,14799,United Kingdom,False
489728,21812,6,4.95,29.7,2009-12-02 11:18:00,2009-12-02,14799,United Kingdom,False
489728,72801G,3,1.25,3.75,2009-12-02 11:18:00,2009-12-02,14799,United Kingdom,False
489728,21009,6,1.25,7.5,2009-12-02 11:18:00,2009-12-02,14799,United Kingdom,False
489733,71477,24,2.75,66.0,2009-12-02 11:20:00,2009-12-02,15311,United Kingdom,False
489733,21216,24,4.25,102.0,2009-12-02 11:20:00,2009-12-02,15311,United Kingdom,False
489743,84562B,2,7.95,15.9,2009-12-02 11:24:00,2009-12-02,16550,United Kingdom,False
489743,84990,24,0.55,13.2,2009-12-02 11:24:00,2009-12-02,16550,United Kingdom,False
489743,21212,24,0.55,13.2,2009-12-02 11:24:00,2009-12-02,16550,United Kingdom,False
489743,21213,24,0.55,13.2,2009-12-02 11:24:00,2009-12-02,16550,United Kingdom,False
489743,21977,24,0.55,13.2,2009-12-02 11:24:00,2009-12-02,16550,United Kingdom,False
489743,21357,10,1.25,12.5,2009-12-02 11:24:00,2009-12-02,16550,United Kingdom,False
489743,21356,10,1.25,12.5,2009-12-02 11:24:00,2009-12-02,16550,United Kingdom,False
489743,21355,8,1.25,10.0,2009-12-02 11:24:00,2009-12-02,16550,United Kingdom,False
489743,84948,12,1.65,19.8,2009-12-02 11:24:00,2009-12-02,16550,United Kingdom,False
489743,21240,8,0.85,6.8,2009-12-02 11:24:00,2009-12-02,16550,United Kingdom,False
489743,21244,8,1.69,13.52,2009-12-02 11:24:00,2009-12-02,16550,United Kingdom,False
489743,22198,25,1.65,41.25,2009-12-02 11:24:00,2009-12-02,16550,United Kingdom,False
489743,84050,3,1.65,4.95,2009-12-02 11:24:00,2009-12-02,16550,United Kingdom,False
489743,21558,4,2.55,10.2,2009-12-02 11:24:00,2009-12-02,16550,United Kingdom,False
489743,22353,4,2.55,10.2,2009-12-02 11:24:00,2009-12-02,16550,United Kingdom,False
489743,84997B,12,3.75,45.0,2009-12-02 11:24:00,2009-12-02,16550,United Kingdom,False
489743,84997A,6,3.75,22.5,2009-12-02 11:24:00,2009-12-02,16550,United Kingdom,False
489743,84997C,12,3.75,45.0,2009-12-02 11:24:00,2009-12-02,16550,United Kingdom,False
489743,84997D,18,3.75,67.5,2009-12-02 11:24:00,2009-12-02,16550,United Kingdom,False
489743,75049L,24,1.25,30.0,2009-12-02 11:24:00,2009-12-02,16550,United Kingdom,False
489743,21822,6,1.95,11.7,2009-12-02 11:24:00,2009-12-02,16550,United Kingdom,False
489743,21821,6,3.75,22.5,2009-12-02 11:24:00,2009-12-02,16550,United Kingdom,False
489743,22347,6,1.25,7.5,2009-12-02 11:24:00,2009-12-02,16550,United Kingdom,False
489743,20913,1,2.95,2.95,2009-12-02 11:24:00,2009-12-02,16550,United Kingdom,False
489743,20675,8,1.25,10.0,2009-12-02 11:24:00,2009-12-02,16550,United Kingdom,False
489743,21192,6,1.65,9.9,2009-12-02 11:24:00,2009-12-02,16550,United Kingdom,False
489743,22142,3,1.45,4.35,2009-12-02 11:24:00,2009-12-02,16550,United Kingdom,False
489743,21745,3,3.75,11.25,2009-12-02 11:24:00,2009-12-02,16550,United Kingdom,False
489743,21889,6,1.25,7.5,2009-12-02 11:24:00,2009-12-02,16550,United Kingdom,False
489743,22150,4,1.95,7.8,2009-12-02 11:24:00,2009-12-02,16550,United Kingdom,False
489743,22148,4,1.95,7.8,2009-12-02 11:24:00,2009-12-02,16550,United Kingdom,False
489743,22144,1,2.1,2.1,2009-12-02 11:24:00,2009-12-02,16550,United Kingdom,False
489743,20682,4,3.25,13.0,2009-12-02 11:24:00,2009-12-02,16550,United Kingdom,False
489748,84078A,12,34.95,419.4,2009-12-02 11:26:00,2009-12-02,12980,United Kingdom,False
489748,20780,36,4.65,167.4,2009-12-02 11:26:00,2009-12-02,12980,United Kingdom,False
489748,35004C,36,4.65,167.4,2009-12-02 11:26:00,2009-12-02,12980,United Kingdom,False
489764,20772,6,2.55,15.3,2009-12-02 11:31:00,2009-12-02,14425,United Kingdom,False
489764,20770,6,2.55,15.3,2009-12-02 11:31:00,2009-12-02,14425,United Kingdom,False
489764,21485,3,4.95,14.85,2009-12-02 11:31:00,2009-12-02,14425,United Kingdom,False
489764,21488,4,3.95,15.8,2009-12-02 11:31:00,2009-12-02,14425,United Kingdom,False
489764,85014B,3,5.95,17.85,2009-12-02 11:31:00,2009-12-02,14425,United Kingdom,False
489764,85014A,3,5.95,17.85,2009-12-02 11:31:00,2009-12-02,14425,United Kingdom,False
489764,21709,4,4.95,19.8,2009-12-02 11:31:00,2009-12-02,14425,United Kingdom,False
489764,21708,4,4.95,19.8,2009-12-02 11:31:00,2009-12-02,14425,United Kingdom,False
489764,22278,3,4.95,14.85,2009-12-02 11:31:00,2009-12-02,14425,United Kingdom,False
489764,21429,8,1.65,13.2,2009-12-02 11:31:00,2009-12-02,14425,United Kingdom,False
489764,21431,8,1.65,13.2,2009-12-02 11:31:00,2009-12-02,14425,United Kingdom,False
489764,20768,6,2.55,15.3,2009-12-02 11:31:00,2009-12-02,14425,United Kingdom,False
489764,20867,12,1.25,15.0,2009-12-02 11:31:00,2009-12-02,14425,United Kingdom,False
489764,20866,12,1.25,15.0,2009-12-02 11:31:00,2009-12-02,14425,United Kingdom,False
489765,21843,2,10.95,21.9,2009-12-02 11:33:00,2009-12-02,15353,United Kingdom,False
489765,22167,2,9.95,19.9,2009-12-02 11:33:00,2009-12-02,15353,United Kingdom,False
489765,22172,1,8.5,8.5,2009-12-02 11:33:00,2009-12-02,15353,United Kingdom,False
489765,22189,3,3.95,11.85,2009-12-02 11:33:00,2009-12-02,15353,United Kingdom,False
489765,21527,1,7.95,7.95,2009-12-02 11:33:00,2009-12-02,15353,United Kingdom,False
489765,22191,1,8.5,8.5,2009-12-02 11:33:00,2009-12-02,15353,United Kingdom,False
489765,22192,1,8.5,8.5,2009-12-02 11:33:00,2009-12-02,15353,United Kingdom,False
489765,72741,9,1.45,13.05,2009-12-02 11:33:00,2009-12-02,15353,United Kingdom,False
489765,21833,6,1.69,10.14,2009-12-02 11:33:00,2009-12-02,15353,United Kingdom,False
489765,21259,1,5.95,5.95,2009-12-02 11:33:00,2009-12-02,15353,United Kingdom,False
489765,84854,1,4.95,4.95,2009-12-02 11:33:00,2009-12-02,15353,United Kingdom,False
489765,22271,1,2.95,2.95,2009-12-02 11:33:00,2009-12-02,15353,United Kingdom,False
489765,84925E,1,2.55,2.55,2009-12-02 11:33:00,2009-12-02,15353,United Kingdom,False
489765,84925A,1,2.55,2.55,2009-12-02 11:33:00,2009-12-02,15353,United Kingdom,False
489765,22274,2,2.95,5.9,2009-12-02 11:33:00,2009-12-02,15353,United Kingdom,False
489765,22150,2,1.95,3.9,2009-12-02 11:33:00,2009-12-02,15353,United Kingdom,False
489765,21741,2,2.95,5.9,2009-12-02 11:33:00,2009-12-02,15353,United Kingdom,False
489765,21738,2,2.95,5.9,2009-12-02 11:33:00,2009-12-02,15353,United Kingdom,False
489765,21740,2,2.95,5.9,2009-12-02 11:33:00,2009-12-02,15353,United Kingdom,False
489765,21739,2,2.95,5.9,2009-12-02 11:33:00,2009-12-02,15353,United Kingdom,False
489765,84854,1,4.95,4.95,2009-12-02 11:33:00,2009-12-02,15353,United Kingdom,False
489765,22112,2,4.95,9.9,2009-12-02 11:33:00,2009-12-02,15353,United Kingdom,False
489765,20982,3,0.85,2.55,2009-12-02 11:33:00,2009-12-02,15353,United Kingdom,False
489765,20983,3,0.85,2.55,2009-12-02 11:33:00,2009-12-02,15353,United Kingdom,False
489765,20981,3,0.85,2.55,2009-12-02 11:33:00,2009-12-02,15353,United Kingdom,False
489765,22315,1,1.25,1.25,2009-12-02 11:33:00,2009-12-02,15353,United Kingdom,False
489765,22111,2,4.95,9.9,2009-12-02 11:33:00,2009-12-02,15353,United Kingdom,False
489765,21042,2,5.95,11.9,2009-12-02 11:33:00,2009-12-02,15353,United Kingdom,False
489765,22114,1,3.95,3.95,2009-12-02 11:33:00,2009-12-02,15353,United Kingdom,False
489765,21329,2,1.65,3.3,2009-12-02 11:33:00,2009-12-02,15353,United Kingdom,False
489765,21328,2,1.65,3.3,2009-12-02 11:33:00,2009-12-02,15353,United Kingdom,False
489765,21832,4,1.65,6.6,2009-12-02 11:33:00,2009-12-02,15353,United Kingdom,False
489765,21668,1,1.25,1.25,2009-12-02 11:33:00,2009-12-02,15353,United Kingdom,False
489765,21671,1,1.25,1.25,2009-12-02 11:33:00,2009-12-02,15353,United Kingdom,False
489765,47503F,12,1.65,19.8,2009-12-02 11:33:00,2009-12-02,15353,United Kingdom,False
489765,20970,2,3.75,7.5,2009-12-02 11:33:00,2009-12-02,15353,United Kingdom,False
489765,22271,1,2.95,2.95,2009-12-02 11:33:00,2009-12-02,15353,United Kingdom,False
489765,21842,2,2.55,5.1,2009-12-02 11:33:00,2009-12-02,15353,United Kingdom,False
489765,21259,1,5.95,5.95,2009-12-02 11:33:00,2009-12-02,15353,United Kingdom,False
489765,21257,1,7.95,7.95,2009-12-02 11:33:00,2009-12-02,15353,United Kingdom,False
489765,22275,1,8.5,8.5,2009-12-02 11:33:00,2009-12-02,15353,United Kingdom,False
489766,90042B,2,2.55,5.1,2009-12-02 11:34:00,2009-12-02,17818,United Kingdom,False
489766,90042A,1,2.55,2.55,2009-12-02 11:34:00,2009-12-02,17818,United Kingdom,False
489766,85042,1,4.95,4.95,2009-12-02 11:34:00,2009-12-02,17818,United Kingdom,False
489766,21975,1,0.55,0.55,2009-12-02 11:34:00,2009-12-02,17818,United Kingdom,False
489766,84989A,1,0.55,0.55,2009-12-02 11:34:00,2009-12-02,17818,United Kingdom,False
489766,84992,1,0.55,0.55,2009-12-02 11:34:00,2009-12-02,17818,United Kingdom,False
489766,21977,2,0.55,1.1,2009-12-02 11:34:00,2009-12-02,17818,United Kingdom,False
489766,20987,2,1.95,3.9,2009-12-02 11:34:00,2009-12-02,17818,United Kingdom,False
489766,22138,1,4.95,4.95,2009-12-02 11:34:00,2009-12-02,17818,United Kingdom,False
489766,22271,1,2.95,2.95,2009-12-02 11:34:00,2009-12-02,17818,United Kingdom,False
489766,84279B,1,3.75,3.75,2009-12-02 11:34:00,2009-12-02,17818,United Kingdom,False
489766,16169D,25,0.42,10.5,2009-12-02 11:34:00,2009-12-02,17818,United Kingdom,False
489766,21033,1,2.95,2.95,2009-12-02 11:34:00,2009-12-02,17818,United Kingdom,False
489766,21931,1,1.95,1.95,2009-12-02 11:34:00,2009-12-02,17818,United Kingdom,False
489766,20865,2,2.1,4.2,2009-12-02 11:34:00,2009-12-02,17818,United Kingdom,False
489766,20751,1,2.1,2.1,2009-12-02 11:34:00,2009-12-02,17818,United Kingdom,False
489766,85113,1,2.1,2.1,2009-12-02 11:34:00,2009-12-02,17818,United Kingdom,False
489766,21122,1,1.25,1.25,2009-12-02 11:34:00,2009-12-02,17818,United Kingdom,False
489766,21328,2,1.65,3.3,2009-12-02 11:34:00,2009-12-02,17818,United Kingdom,False
489766,21947,1,1.25,1.25,2009-12-02 11:34:00,2009-12-02,17818,United Kingdom,False
489766,85107,4,2.55,10.2,2009-12-02 11:34:00,2009-12-02,17818,United Kingdom,False
489766,21975,1,0.55,0.55,2009-12-02 11:34:00,2009-12-02,17818,United Kingdom,False
489766,84989A,1,0.55,0.55,2009-12-02 11:34:00,2009-12-02,17818,United Kingdom,False
489766,84992,1,0.55,0.55,2009-12-02 11:34:00,2009-12-02,17818,United Kingdom,False
489766,47504E,2,1.25,2.5,2009-12-02 11:34:00,2009-12-02,17818,United Kingdom,False
489766,20994,1,0.85,0.85,2009-12-02 11:34:00,2009-12-02,17818,United Kingdom,False
489766,20866,1,1.25,1.25,2009-12-02 11:34:00,2009-12-02,17818,United Kingdom,False
489766,47504F,2,1.65,3.3,2009-12-02 11:34:00,2009-12-02,17818,United Kingdom,False
489766,20976,1,0.65,0.65,2009-12-02 11:34:00,2009-12-02,17818,United Kingdom,False
489766,85231G,2,0.85,1.7,2009-12-02 11:34:00,2009-12-02,17818,United Kingdom,False
489766,20977,2,1.25,2.5,2009-12-02 11:34:00,2009-12-02,17818,United Kingdom,False
489766,85049F,2,1.25,2.5,2009-12-02 11:34:00,2009-12-02,17818,United Kingdom,False
489766,85049D,1,1.25,1.25,2009-12-02 11:34:00,2009-12-02,17818,United Kingdom,False
489766,21244,2,1.69,3.38,2009-12-02 11:34:00,2009-12-02,17818,United Kingdom,False
489766,20991,1,0.65,0.65,2009-12-02 11:34:00,2009-12-02,17818,United Kingdom,False
489766,20761,1,3.75,3.75,2009-12-02 11:34:00,2009-12-02,17818,United Kingdom,False
489766,85170D,1,2.1,2.1,2009-12-02 11:34:00,2009-12-02,17818,United Kingdom,False
489766,85170C,2,2.1,4.2,2009-12-02 11:34:00,2009-12-02,17818,United Kingdom,False
489766,85039B,2,1.65,3.3,2009-12-02 11:34:00,2009-12-02,17818,United Kingdom,False
489766,20761,1,3.75,3.75,2009-12-02 11:34:00,2009-12-02,17818,United Kingdom,False
489766,21078,1,0.85,0.85,2009-12-02 11:34:00,2009-12-02,17818,United Kingdom,False
489766,21561,1,2.55,2.55,2009-12-02 11:34:00,2009-12-02,17818,United Kingdom,False
489766,71459,4,0.85,3.4,2009-12-02 11:34:00,2009-12-02,17818,United Kingdom,False
489766,20913,2,2.95,5.9,2009-12-02 11:34:00,2009-12-02,17818,United Kingdom,False
489766,22353,1,2.55,2.55,2009-12-02 11:34:00,2009-12-02,17818,United Kingdom,False
489766,85232B,1,4.95,4.95,2009-12-02 11:34:00,2009-12-02,17818,United Kingdom,False
C489771,20914,-1,2.95,-2.95,2009-12-02 11:36:00,2009-12-02,13623,United Kingdom,True
489780,22083,12,2.95,35.4,2009-12-02 11:43:00,2009-12-02,13654,United Kingdom,False
489780,22086,12,2.95,35.4,2009-12-02 11:43:00,2009-12-02,13654,United Kingdom,False
489780,21242,8,1.69,13.52,2009-12-02 11:43:00,2009-12-02,13654,United Kingdom,False
489780,21243,8,1.69,13.52,2009-12-02 11:43:00,2009-12-02,13654,United Kingdom,False
489780,21245,8,1.69,13.52,2009-12-02 11:43:00,2009-12-02,13654,United Kingdom,False
489780,21244,8,1.69,13.52,2009-12-02 11:43:00,2009-12-02,13654,United Kingdom,False
489780,21930,10,1.95,19.5,2009-12-02 11:43:00,2009-12-02,13654,United Kingdom,False
489780,20976,24,0.65,15.6,2009-12-02 11:43:00,2009-12-02,13654,United Kingdom,False
489781,84292,17,0.0,0.0,2009-12-02 11:45:00,2009-12-02,GUEST,United Kingdom,False
489782,22356,5,0.85,4.25,2009-12-02 11:45:00,2009-12-02,17189,United Kingdom,False
489782,20728,2,1.65,3.3,2009-12-02 11:45:00,2009-12-02,17189,United Kingdom,False
489782,20724,6,0.85,5.1,2009-12-02 11:45:00,2009-12-02,17189,United Kingdom,False
489782,21981,12,0.29,3.48,2009-12-02 11:45:00,2009-12-02,17189,United Kingdom,False
489782,21986,12,0.29,3.48,2009-12-02 11:45:00,2009-12-02,17189,United Kingdom,False
489782,20941,12,1.25,15.0,2009-12-02 11:45:00,2009-12-02,17189,United Kingdom,False
489782,21647,12,2.1,25.2,2009-12-02 11:45:00,2009-12-02,17189,United Kingdom,False
489782,72267,8,2.1,16.8,2009-12-02 11:45:00,2009-12-02,17189,United Kingdom,False
489782,20940,6,2.95,17.7,2009-12-02 11:45:00,2009-12-02,17189,United Kingdom,False
489782,84007,10,2.55,25.5,2009-12-02 11:45:00,2009-12-02,17189,United Kingdom,False
489782,17109A,4,1.69,6.76,2009-12-02 11:45:00,2009-12-02,17189,United Kingdom,False
489782,17109C,4,1.69,6.76,2009-12-02 11:45:00,2009-12-02,17189,United Kingdom,False
489782,22315,2,1.25,2.5,2009-12-02 11:45:00,2009-12-02,17189,United Kingdom,False
489782,72756,27,1.49,40.23,2009-12-02 11:45:00,2009-12-02,17189,United Kingdom,False
489782,20998,4,2.95,11.8,2009-12-02 11:45:00,2009-12-02,17189,United Kingdom,False
489782,21645,11,1.65,18.15,2009-12-02 11:45:00,2009-12-02,17189,United Kingdom,False
489782,20751,1,2.1,2.1,2009-12-02 11:45:00,2009-12-02,17189,United Kingdom,False
489782,20752,3,2.1,6.3,2009-12-02 11:45:00,2009-12-02,17189,United Kingdom,False
489782,20754,1,2.1,2.1,2009-12-02 11:45:00,2009-12-02,17189,United Kingdom,False
489782,20753,2,2.1,4.2,2009-12-02 11:45:00,2009-12-02,17189,United Kingdom,False
489782,20751,1,2.1,2.1,2009-12-02 11:45:00,2009-12-02,17189,United Kingdom,False
489782,21556,3,2.55,7.65,2009-12-02 11:45:00,2009-12-02,17189,United Kingdom,False
489783,21025,10,1.25,12.5,2009-12-02 11:47:00,2009-12-02,13269,United Kingdom,False
489783,21026,20,1.25,25.0,2009-12-02 11:47:00,2009-12-02,13269,United Kingdom,False
489783,20960,10,1.25,12.5,2009-12-02 11:47:00,2009-12-02,13269,United Kingdom,False
489783,20966,10,1.25,12.5,2009-12-02 11:47:00,2009-12-02,13269,United Kingdom,False
489783,21490,6,1.95,11.7,2009-12-02 11:47:00,2009-12-02,13269,United Kingdom,False
489783,22198,48,1.45,69.6,2009-12-02 11:47:00,2009-12-02,13269,United Kingdom,False
489783,79328,48,0.38,18.24,2009-12-02 11:47:00,2009-12-02,13269,United Kingdom,False
489784,22344,12,0.85,10.2,2009-12-02 11:48:00,2009-12-02,13269,United Kingdom,False
489784,22346,12,0.85,10.2,2009-12-02 11:48:00,2009-12-02,13269,United Kingdom,False
489784,22345,12,0.85,10.2,2009-12-02 11:48:00,2009-12-02,13269,United Kingdom,False
489784,22343,12,0.85,10.2,2009-12-02 11:48:00,2009-12-02,13269,United Kingdom,False
489785,17084R,72,0.21,15.12,2009-12-02 11:51:00,2009-12-02,14653,United Kingdom,False
489785,21981,2,0.29,0.58,2009-12-02 11:51:00,2009-12-02,14653,United Kingdom,False
489785,72741,9,1.45,13.05,2009-12-02 11:51:00,2009-12-02,14653,United Kingdom,False
489785,72756,9,1.49,13.41,2009-12-02 11:51:00,2009-12-02,14653,United Kingdom,False
489785,84670,24,0.42,10.08,2009-12-02 11:51:00,2009-12-02,14653,United Kingdom,False
489785,84347,60,2.55,153.0,2009-12-02 11:51:00,2009-12-02,14653,United Kingdom,False
489785,21981,2,0.29,0.58,2009-12-02 11:51:00,2009-12-02,14653,United Kingdom,False
489785,21839,1,5.45,5.45,2009-12-02 11:51:00,2009-12-02,14653,United Kingdom,False
489785,21838,1,5.45,5.45,2009-12-02 11:51:00,2009-12-02,14653,United Kingdom,False
489785,21411,2,4.25,8.5,2009-12-02 11:51:00,2009-12-02,14653,United Kingdom,False
489785,72529W,1,2.12,2.12,2009-12-02 11:51:00,2009-12-02,14653,United Kingdom,False
489785,21983,6,0.29,1.74,2009-12-02 11:51:00,2009-12-02,14653,United Kingdom,False
489785,21986,6,0.29,1.74,2009-12-02 11:51:00,2009-12-02,14653,United Kingdom,False
489785,21822,12,1.95,23.4,2009-12-02 11:51:00,2009-12-02,14653,United Kingdom,False
489785,21818,36,0.85,30.6,2009-12-02 11:51:00,2009-12-02,14653,United Kingdom,False
489785,85066,2,12.75,25.5,2009-12-02 11:51:00,2009-12-02,14653,United Kingdom,False
489785,21770,1,4.95,4.95,2009-12-02 11:51:00,2009-12-02,14653,United Kingdom,False
489785,85135A,1,7.95,7.95,2009-12-02 11:51:00,2009-12-02,14653,United Kingdom,False
489785,85135B,1,7.95,7.95,2009-12-02 11:51:00,2009-12-02,14653,United Kingdom,False
489785,22095,2,1.25,2.5,2009-12-02 11:51:00,2009-12-02,14653,United Kingdom,False
489786,21898,1,2.95,2.95,2009-12-02 11:52:00,2009-12-02,17019,United Kingdom,False
489786,22333,4,1.65,6.6,2009-12-02 11:52:00,2009-12-02,17019,United Kingdom,False
489786,22315,1,1.25,1.25,2009-12-02 11:52:00,2009-12-02,17019,United Kingdom,False
489786,21094,1,0.85,0.85,2009-12-02 11:52:00,2009-12-02,17019,United Kingdom,False
489786,20974,3,0.65,1.95,2009-12-02 11:52:00,2009-12-02,17019,United Kingdom,False
489786,21791,6,1.25,7.5,2009-12-02 11:52:00,2009-12-02,17019,United Kingdom,False
489786,21440,3,1.25,3.75,2009-12-02 11:52:00,2009-12-02,17019,United Kingdom,False
489786,21212,1,0.55,0.55,2009-12-02 11:52:00,2009-12-02,17019,United Kingdom,False
489786,21086,5,0.65,3.25,2009-12-02 11:52:00,2009-12-02,17019,United Kingdom,False
489786,20975,48,0.65,31.2,2009-12-02 11:52:00,2009-12-02,17019,United Kingdom,False
489786,21790,48,0.85,40.8,2009-12-02 11:52:00,2009-12-02,17019,United Kingdom,False
489786,22303,3,2.55,7.65,2009-12-02 11:52:00,2009-12-02,17019,United Kingdom,False
489786,22302,3,2.55,7.65,2009-12-02 11:52:00,2009-12-02,17019,United Kingdom,False
489786,79191C,12,0.85,10.2,2009-12-02 11:52:00,2009-12-02,17019,United Kingdom,False
489786,22086,6,2.95,17.7,2009-12-02 11:52:00,2009-12-02,17019,United Kingdom,False
489786,21993,1,2.95,2.95,2009-12-02 11:52:00,2009-12-02,17019,United Kingdom,False
489786,21990,1,2.95,2.95,2009-12-02 11:52:00,2009-12-02,17019,United Kingdom,False
489786,72796A,3,1.65,4.95,2009-12-02 11:52:00,2009-12-02,17019,United Kingdom,False
489786,72796B,2,1.65,3.3,2009-12-02 11:52:00,2009-12-02,17019,United Kingdom,False
489786,85035C,2,4.25,8.5,2009-12-02 11:52:00,2009-12-02,17019,United Kingdom,False
489786,85035A,2,4.25,8.5,2009-12-02 11:52:00,2009-12-02,17019,United Kingdom,False
489786,84029G,1,3.75,3.75,2009-12-02 11:52:00,2009-12-02,17019,United Kingdom,False
489786,79191C,3,0.85,2.55,2009-12-02 11:52:00,2009-12-02,17019,United Kingdom,False
489786,20867,1,1.25,1.25,2009-12-02 11:52:00,2009-12-02,17019,United Kingdom,False
489786,20869,1,1.25,1.25,2009-12-02 11:52:00,2009-12-02,17019,United Kingdom,False
489786,79190B,3,0.42,1.26,2009-12-02 11:52:00,2009-12-02,17019,United Kingdom,False
489786,90214S,1,1.25,1.25,2009-12-02 11:52:00,2009-12-02,17019,United Kingdom,False
489786,90214J,1,1.25,1.25,2009-12-02 11:52:00,2009-12-02,17019,United Kingdom,False
489786,47504G,1,1.25,1.25,2009-12-02 11:52:00,2009-12-02,17019,United Kingdom,False
489786,20975,2,0.65,1.3,2009-12-02 11:52:00,2009-12-02,17019,United Kingdom,False
489786,16258B,2,0.42,0.84,2009-12-02 11:52:00,2009-12-02,17019,United Kingdom,False
489786,84991,1,0.55,0.55,2009-12-02 11:52:00,2009-12-02,17019,United Kingdom,False
489786,21975,1,0.55,0.55,2009-12-02 11:52:00,2009-12-02,17019,United Kingdom,False
489786,20963,1,1.25,1.25,2009-12-02 11:52:00,2009-12-02,17019,United Kingdom,False
489786,20961,1,1.25,1.25,2009-12-02 11:52:00,2009-12-02,17019,United Kingdom,False
489786,22315,1,1.25,1.25,2009-12-02 11:52:00,2009-12-02,17019,United Kingdom,False
489786,20986,1,1.25,1.25,2009-12-02 11:52:00,2009-12-02,17019,United Kingdom,False
489786,20985,1,1.25,1.25,2009-12-02 11:52:00,2009-12-02,17019,United Kingdom,False
489786,72796A,2,1.65,3.3,2009-12-02 11:52:00,2009-12-02,17019,United Kingdom,False
489786,17003,2,0.21,0.42,2009-12-02 11:52:00,2009-12-02,17019,United Kingdom,False
489786,21898,1,2.95,2.95,2009-12-02 11:52:00,2009-12-02,17019,United Kingdom,False
489786,21424,1,2.95,2.95,2009-12-02 11:52:00,2009-12-02,17019,United Kingdom,False
489786,22029,12,0.42,5.04,2009-12-02 11:52:00,2009-12-02,17019,United Kingdom,False
489786,85099B,2,1.95,3.9,2009-12-02 11:52:00,2009-12-02,17019,United Kingdom,False
489787,37348,1,2.55,2.55,2009-12-02 11:53:00,2009-12-02,15542,United Kingdom,False
489787,21985,1,0.29,0.29,2009-12-02 11:53:00,2009-12-02,15542,United Kingdom,False
489787,21535,1,2.55,2.55,2009-12-02 11:53:00,2009-12-02,15542,United Kingdom,False
489787,21533,1,4.95,4.95,2009-12-02 11:53:00,2009-12-02,15542,United Kingdom,False
489787,72817,1,1.25,1.25,2009-12-02 11:53:00,2009-12-02,15542,United Kingdom,False
489787,21533,1,4.95,4.95,2009-12-02 11:53:00,2009-12-02,15542,United Kingdom,False
489787,22279,2,2.1,4.2,2009-12-02 11:53:00,2009-12-02,15542,United Kingdom,False
489787,21432,1,5.95,5.95,2009-12-02 11:53:00,2009-12-02,15542,United Kingdom,False
489787,22095,1,1.25,1.25,2009-12-02 11:53:00,2009-12-02,15542,United Kingdom,False
489787,21843,1,10.95,10.95,2009-12-02 11:53:00,2009-12-02,15542,United Kingdom,False
489787,21557,1,2.95,2.95,2009-12-02 11:53:00,2009-12-02,15542,United Kingdom,False
489787,21992,1,2.95,2.95,2009-12-02 11:53:00,2009-12-02,15542,United Kingdom,False
489787,21990,1,2.95,2.95,2009-12-02 11:53:00,2009-12-02,15542,United Kingdom,False
489787,21993,1,2.95,2.95,2009-12-02 11:53:00,2009-12-02,15542,United Kingdom,False
489787,18097B,1,2.55,2.55,2009-12-02 11:53:00,2009-12-02,15542,United Kingdom,False
489787,22150,2,1.95,3.9,2009-12-02 11:53:00,2009-12-02,15542,United Kingdom,False
489787,84997A,1,3.75,3.75,2009-12-02 11:53:00,2009-12-02,15542,United Kingdom,False
489787,84997D,2,3.75,7.5,2009-12-02 11:53:00,2009-12-02,15542,United Kingdom,False
489787,21981,2,0.29,0.58,2009-12-02 11:53:00,2009-12-02,15542,United Kingdom,False
489787,85221,12,1.25,15.0,2009-12-02 11:53:00,2009-12-02,15542,United Kingdom,False
489787,21981,2,0.29,0.58,2009-12-02 11:53:00,2009-12-02,15542,United Kingdom,False
489787,21985,2,0.29,0.58,2009-12-02 11:53:00,2009-12-02,15542,United Kingdom,False
489787,21537,1,4.25,4.25,2009-12-02 11:53:00,2009-12-02,15542,United Kingdom,False
489787,21985,1,0.29,0.29,2009-12-02 11:53:00,2009-12-02,15542,United Kingdom,False
489787,21981,1,0.29,0.29,2009-12-02 11:53:00,2009-12-02,15542,United Kingdom,False
489787,21532,1,2.1,2.1,2009-12-02 11:53:00,2009-12-02,15542,United Kingdom,False
489787,22195,1,1.65,1.65,2009-12-02 11:53:00,2009-12-02,15542,United Kingdom,False
489787,84562B,1,7.95,7.95,2009-12-02 11:53:00,2009-12-02,15542,United Kingdom,False
489787,70006,1,1.65,1.65,2009-12-02 11:53:00,2009-12-02,15542,United Kingdom,False
489787,84526,2,1.95,3.9,2009-12-02 11:53:00,2009-12-02,15542,United Kingdom,False
489787,21833,6,1.69,10.14,2009-12-02 11:53:00,2009-12-02,15542,United Kingdom,False
489787,22096,1,1.25,1.25,2009-12-02 11:53:00,2009-12-02,15542,United Kingdom,False
489787,22109,1,3.75,3.75,2009-12-02 11:53:00,2009-12-02,15542,United Kingdom,False
489787,22109,1,3.75,3.75,2009-12-02 11:53:00,2009-12-02,15542,United Kingdom,False
489787,20728,1,1.65,1.65,2009-12-02 11:53:00,2009-12-02,15542,United Kingdom,False
489787,21166,1,1.95,1.95,2009-12-02 11:53:00,2009-12-02,15542,United Kingdom,False
489787,21579,1,2.25,2.25,2009-12-02 11:53:00,2009-12-02,15542,United Kingdom,False
489787,48111,1,6.75,6.75,2009-12-02 11:53:00,2009-12-02,15542,United Kingdom,False
489787,85099C,2,1.95,3.9,2009-12-02 11:53:00,2009-12-02,15542,United Kingdom,False
489787,85088,2,2.1,4.2,2009-12-02 11:53:00,2009-12-02,15542,United Kingdom,False
489787,21580,1,2.25,2.25,2009-12-02 11:53:00,2009-12-02,15542,United Kingdom,False
489787,84578,1,3.75,3.75,2009-12-02 11:53:00,2009-12-02,15542,United Kingdom,False
489787,37474,1,9.95,9.95,2009-12-02 11:53:00,2009-12-02,15542,United Kingdom,False
489787,72756,9,1.49,13.41,2009-12-02 11:53:00,2009-12-02,15542,United Kingdom,False
489787,21470,1,3.75,3.75,2009-12-02 11:53:00,2009-12-02,15542,United Kingdom,False
489787,21985,2,0.29,0.58,2009-12-02 11:53:00,2009-12-02,15542,United Kingdom,False
489787,21100,2,1.65,3.3,2009-12-02 11:53:00,2009-12-02,15542,United Kingdom,False
489787,21933,1,2.95,2.95,2009-12-02 11:53:00,2009-12-02,15542,United Kingdom,False
489787,21932,1,2.95,2.95,2009-12-02 11:53:00,2009-12-02,15542,United Kingdom,False
489787,84684,1,2.55,2.55,2009-12-02 11:53:00,2009-12-02,15542,United Kingdom,False
489787,84007,2,2.55,5.1,2009-12-02 11:53:00,2009-12-02,15542,United Kingdom,False
489787,22197,3,0.85,2.55,2009-12-02 11:53:00,2009-12-02,15542,United Kingdom,False
489787,85014B,1,5.95,5.95,2009-12-02 11:53:00,2009-12-02,15542,United Kingdom,False
489787,84532B,1,5.95,5.95,2009-12-02 11:53:00,2009-12-02,15542,United Kingdom,False
489787,20748,1,12.75,12.75,2009-12-02 11:53:00,2009-12-02,15542,United Kingdom,False
489787,20747,2,14.95,29.9,2009-12-02 11:53:00,2009-12-02,15542,United Kingdom,False
489787,20914,1,2.95,2.95,2009-12-02 11:53:00,2009-12-02,15542,United Kingdom,False
489787,21249,1,2.95,2.95,2009-12-02 11:53:00,2009-12-02,15542,United Kingdom,False
489787,21252,1,2.95,2.95,2009-12-02 11:53:00,2009-12-02,15542,United Kingdom,False
489787,37474,1,9.95,9.95,2009-12-02 11:53:00,2009-12-02,15542,United Kingdom,False
489787,20723,2,0.85,1.7,2009-12-02 11:53:00,2009-12-02,15542,United Kingdom,False
489787,20726,4,1.65,6.6,2009-12-02 11:53:00,2009-12-02,15542,United Kingdom,False
489787,22355,2,0.85,1.7,2009-12-02 11:53:00,2009-12-02,15542,United Kingdom,False
489787,20728,1,1.65,1.65,2009-12-02 11:53:00,2009-12-02,15542,United Kingdom,False
489787,21933,1,2.95,2.95,2009-12-02 11:53:00,2009-12-02,15542,United Kingdom,False
489787,20713,2,1.95,3.9,2009-12-02 11:53:00,2009-12-02,15542,United Kingdom,False
489787,20712,3,1.95,5.85,2009-12-02 11:53:00,2009-12-02,15542,United Kingdom,False
489787,85099F,2,1.95,3.9,2009-12-02 11:53:00,2009-12-02,15542,United Kingdom,False
489787,21929,2,1.95,3.9,2009-12-02 11:53:00,2009-12-02,15542,United Kingdom,False
489787,21935,1,1.65,1.65,2009-12-02 11:53:00,2009-12-02,15542,United Kingdom,False
489787,85183A,1,3.75,3.75,2009-12-02 11:53:00,2009-12-02,15542,United Kingdom,False
489787,70007,2,1.65,3.3,2009-12-02 11:53:00,2009-12-02,15542,United Kingdom,False
489787,70006,1,1.65,1.65,2009-12-02 11:53:00,2009-12-02,15542,United Kingdom,False
489787,21034,4,0.95,3.8,2009-12-02 11:53:00,2009-12-02,15542,United Kingdom,False
489788,48111,2,6.75,13.5,2009-12-02 11:55:00,2009-12-02,13564,United Kingdom,False
489788,20713,1,1.95,1.95,2009-12-02 11:55:00,2009-12-02,13564,United Kingdom,False
489788,21163,1,1.45,1.45,2009-12-02 11:55:00,2009-12-02,13564,United Kingdom,False
489788,22315,1,1.25,1.25,2009-12-02 11:55:00,2009-12-02,13564,United Kingdom,False
489788,21589,2,2.55,5.1,2009-12-02 11:55:00,2009-12-02,13564,United Kingdom,False
489788,21166,1,1.95,1.95,2009-12-02 11:55:00,2009-12-02,13564,United Kingdom,False
489788,21175,2,2.1,4.2,2009-12-02 11:55:00,2009-12-02,13564,United Kingdom,False
489788,21663,1,5.95,5.95,2009-12-02 11:55:00,2009-12-02,13564,United Kingdom,False
489788,84029E,2,3.75,7.5,2009-12-02 11:55:00,2009-12-02,13564,United Kingdom,False
489788,22114,2,3.95,7.9,2009-12-02 11:55:00,2009-12-02,13564,United Kingdom,False
489788,22112,2,4.95,9.9,2009-12-02 11:55:00,2009-12-02,13564,United Kingdom,False
489788,22125,2,5.95,11.9,2009-12-02 11:55:00,2009-12-02,13564,United Kingdom,False
489788,84029G,3,3.75,11.25,2009-12-02 11:55:00,2009-12-02,13564,United Kingdom,False
489788,72811,4,1.49,5.96,2009-12-02 11:55:00,2009-12-02,13564,United Kingdom,False
489788,20886,6,1.95,11.7,2009-12-02 11:55:00,2009-12-02,13564,United Kingdom,False
489788,22175,3,2.95,8.85,2009-12-02 11:55:00,2009-12-02,13564,United Kingdom,False
489788,22176,3,2.95,8.85,2009-12-02 11:55:00,2009-12-02,13564,United Kingdom,False
489790,84327A,48,1.69,81.12,2009-12-02 11:59:00,2009-12-02,16467,United Kingdom,False
489790,22147,40,1.25,50.0,2009-12-02 11:59:00,2009-12-02,16467,United Kingdom,False
489789,20682,6,3.25,19.5,2009-12-02 11:59:00,2009-12-02,15833,United Kingdom,False
489789,15056BL,3,5.95,17.85,2009-12-02 11:59:00,2009-12-02,15833,United Kingdom,False
489789,15056N,3,5.95,17.85,2009-12-02 11:59:00,2009-12-02,15833,United Kingdom,False
489789,47568,6,2.1,12.6,2009-12-02 11:59:00,2009-12-02,15833,United Kingdom,False
489789,21181,6,2.1,12.6,2009-12-02 11:59:00,2009-12-02,15833,United Kingdom,False
489791,84802B,3,1.69,5.07,2009-12-02 12:06:00,2009-12-02,15542,United Kingdom,False
489791,84597C,1,1.25,1.25,2009-12-02 12:06:00,2009-12-02,15542,United Kingdom,False
489791,22114,1,3.95,3.95,2009-12-02 12:06:00,2009-12-02,15542,United Kingdom,False
489791,84520D,2,0.85,1.7,2009-12-02 12:06:00,2009-12-02,15542,United Kingdom,False
489791,21770,1,4.95,4.95,2009-12-02 12:06:00,2009-12-02,15542,United Kingdom,False
489791,47504E,1,1.25,1.25,2009-12-02 12:06:00,2009-12-02,15542,United Kingdom,False
489791,84925C,1,2.55,2.55,2009-12-02 12:06:00,2009-12-02,15542,United Kingdom,False
489791,82552,1,1.25,1.25,2009-12-02 12:06:00,2009-12-02,15542,United Kingdom,False
489791,21609,1,2.95,2.95,2009-12-02 12:06:00,2009-12-02,15542,United Kingdom,False
489791,21102,1,2.55,2.55,2009-12-02 12:06:00,2009-12-02,15542,United Kingdom,False
489791,20621,1,2.1,2.1,2009-12-02 12:06:00,2009-12-02,15542,United Kingdom,False
489791,21615,1,3.75,3.75,2009-12-02 12:06:00,2009-12-02,15542,United Kingdom,False
489791,21582,1,1.65,1.65,2009-12-02 12:06:00,2009-12-02,15542,United Kingdom,False
489791,21591,1,1.25,1.25,2009-12-02 12:06:00,2009-12-02,15542,United Kingdom,False
489791,84509B,1,3.75,3.75,2009-12-02 12:06:00,2009-12-02,15542,United Kingdom,False
489791,47556B,1,2.95,2.95,2009-12-02 12:06:00,2009-12-02,15542,United Kingdom,False
489791,84520B,1,0.85,0.85,2009-12-02 12:06:00,2009-12-02,15542,United Kingdom,False
489791,21591,1,1.25,1.25,2009-12-02 12:06:00,2009-12-02,15542,United Kingdom,False
489791,21590,1,1.25,1.25,2009-12-02 12:06:00,2009-12-02,15542,United Kingdom,False
489791,21470,2,3.75,7.5,2009-12-02 12:06:00,2009-12-02,15542,United Kingdom,False
489791,22093,1,1.25,1.25,2009-12-02 12:06:00,2009-12-02,15542,United Kingdom,False
489791,20621,1,2.1,2.1,2009-12-02 12:06:00,2009-12-02,15542,United Kingdom,False
489791,84029G,1,3.75,3.75,2009-12-02 12:06:00,2009-12-02,15542,United Kingdom,False
489791,21312,1,6.75,6.75,2009-12-02 12:06:00,2009-12-02,15542,United Kingdom,False
489791,20714,1,1.25,1.25,2009-12-02 12:06:00,2009-12-02,15542,United Kingdom,False
489791,21490,3,1.95,5.85,2009-12-02 12:06:00,2009-12-02,15542,United Kingdom,False
489791,21260,1,3.25,3.25,2009-12-02 12:06:00,2009-12-02,15542,United Kingdom,False
489791,22091,2,1.25,2.5,2009-12-02 12:06:00,2009-12-02,15542,United Kingdom,False
489791,84926B,4,1.25,5.0,2009-12-02 12:06:00,2009-12-02,15542,United Kingdom,False
489791,84926C,4,1.25,5.0,2009-12-02 12:06:00,2009-12-02,15542,United Kingdom,False
489791,21617,1,3.75,3.75,2009-12-02 12:06:00,2009-12-02,15542,United Kingdom,False
489791,20748,2,12.75,25.5,2009-12-02 12:06:00,2009-12-02,15542,United Kingdom,False
489791,22123,1,5.95,5.95,2009-12-02 12:06:00,2009-12-02,15542,United Kingdom,False
489791,85107,2,2.55,5.1,2009-12-02 12:06:00,2009-12-02,15542,United Kingdom,False
489791,21232,1,1.25,1.25,2009-12-02 12:06:00,2009-12-02,15542,United Kingdom,False
489791,21889,1,1.25,1.25,2009-12-02 12:06:00,2009-12-02,15542,United Kingdom,False
489791,22313,1,4.95,4.95,2009-12-02 12:06:00,2009-12-02,15542,United Kingdom,False
489791,84341B,2,0.85,1.7,2009-12-02 12:06:00,2009-12-02,15542,United Kingdom,False
489791,22198,4,1.65,6.6,2009-12-02 12:06:00,2009-12-02,15542,United Kingdom,False
489791,22095,1,1.25,1.25,2009-12-02 12:06:00,2009-12-02,15542,United Kingdom,False
489791,21467,1,3.75,3.75,2009-12-02 12:06:00,2009-12-02,15542,United Kingdom,False
489791,21472,1,3.75,3.75,2009-12-02 12:06:00,2009-12-02,15542,United Kingdom,False
489791,21471,1,3.75,3.75,2009-12-02 12:06:00,2009-12-02,15542,United Kingdom,False
489791,21931,2,1.95,3.9,2009-12-02 12:06:00,2009-12-02,15542,United Kingdom,False
489791,20713,1,1.95,1.95,2009-12-02 12:06:00,2009-12-02,15542,United Kingdom,False
489791,21523,1,6.75,6.75,2009-12-02 12:06:00,2009-12-02,15542,United Kingdom,False
489791,21916,1,0.42,0.42,2009-12-02 12:06:00,2009-12-02,15542,United Kingdom,False
489791,21866,1,1.25,1.25,2009-12-02 12:06:00,2009-12-02,15542,United Kingdom,False
489791,21864,1,2.1,2.1,2009-12-02 12:06:00,2009-12-02,15542,United Kingdom,False
489791,82616C,1,2.95,2.95,2009-12-02 12:06:00,2009-12-02,15542,United Kingdom,False
489791,20686,1,3.25,3.25,2009-12-02 12:06:00,2009-12-02,15542,United Kingdom,False
489791,20886,1,1.95,1.95,2009-12-02 12:06:00,2009-12-02,15542,United Kingdom,False
489791,21175,1,2.1,2.1,2009-12-02 12:06:00,2009-12-02,15542,United Kingdom,False
489791,84466,1,1.25,1.25,2009-12-02 12:06:00,2009-12-02,15542,United Kingdom,False
489791,85104,1,2.95,2.95,2009-12-02 12:06:00,2009-12-02,15542,United Kingdom,False
489791,21253,1,2.95,2.95,2009-12-02 12:06:00,2009-12-02,15542,United Kingdom,False
489791,21326,4,0.65,2.6,2009-12-02 12:06:00,2009-12-02,15542,United Kingdom,False
489791,21162,1,1.45,1.45,2009-12-02 12:06:00,2009-12-02,15542,United Kingdom,False
489791,21159,1,1.45,1.45,2009-12-02 12:06:00,2009-12-02,15542,United Kingdom,False
489791,22109,1,3.75,3.75,2009-12-02 12:06:00,2009-12-02,15542,United Kingdom,False
489791,22107,2,3.75,7.5,2009-12-02 12:06:00,2009-12-02,15542,United Kingdom,False
489791,84466,1,1.25,1.25,2009-12-02 12:06:00,2009-12-02,15542,United Kingdom,False
489791,72802B,1,4.25,4.25,2009-12-02 12:06:00,2009-12-02,15542,United Kingdom,False
489791,72803A,1,4.25,4.25,2009-12-02 12:06:00,2009-12-02,15542,United Kingdom,False
489791,21034,2,0.95,1.9,2009-12-02 12:06:00,2009-12-02,15542,United Kingdom,False
489792,21246,2,4.95,9.9,2009-12-02 12:06:00,2009-12-02,14527,United Kingdom,False
489792,21042,6,5.95,35.7,2009-12-02 12:06:00,2009-12-02,14527,United Kingdom,False
489792,21041,5,2.95,14.75,2009-12-02 12:06:00,2009-12-02,14527,United Kingdom,False
489792,21035,5,2.95,14.75,2009-12-02 12:06:00,2009-12-02,14527,United Kingdom,False
489792,47580,3,2.55,7.65,2009-12-02 12:06:00,2009-12-02,14527,United Kingdom,False
489792,84029C,3,3.75,11.25,2009-12-02 12:06:00,2009-12-02,14527,United Kingdom,False
489792,22125,2,5.95,11.9,2009-12-02 12:06:00,2009-12-02,14527,United Kingdom,False
489792,21486,1,3.75,3.75,2009-12-02 12:06:00,2009-12-02,14527,United Kingdom,False
489792,21481,2,2.95,5.9,2009-12-02 12:06:00,2009-12-02,14527,United Kingdom,False
489792,21482,1,2.95,2.95,2009-12-02 12:06:00,2009-12-02,14527,United Kingdom,False
489792,21484,1,3.45,3.45,2009-12-02 12:06:00,2009-12-02,14527,United Kingdom,False
489792,22112,2,4.95,9.9,2009-12-02 12:06:00,2009-12-02,14527,United Kingdom,False
489792,84029E,6,3.75,22.5,2009-12-02 12:06:00,2009-12-02,14527,United Kingdom,False
489792,22121,2,5.95,11.9,2009-12-02 12:06:00,2009-12-02,14527,United Kingdom,False
489792,35599B,1,8.49,8.49,2009-12-02 12:06:00,2009-12-02,14527,United Kingdom,False
489792,22107,2,3.75,7.5,2009-12-02 12:06:00,2009-12-02,14527,United Kingdom,False
489792,85232B,2,4.95,9.9,2009-12-02 12:06:00,2009-12-02,14527,United Kingdom,False
489792,21479,6,3.75,22.5,2009-12-02 12:06:00,2009-12-02,14527,United Kingdom,False
489792,37485,1,4.65,4.65,2009-12-02 12:06:00,2009-12-02,14527,United Kingdom,False
489792,37501,2,6.95,13.9,2009-12-02 12:06:00,2009-12-02,14527,United Kingdom,False
489792,84997C,2,3.75,7.5,2009-12-02 12:06:00,2009-12-02,14527,United Kingdom,False
489792,84968E,1,12.75,12.75,2009-12-02 12:06:00,2009-12-02,14527,United Kingdom,False
489792,84968B,2,12.75,25.5,2009-12-02 12:06:00,2009-12-02,14527,United Kingdom,False
489792,21359,1,15.95,15.95,2009-12-02 12:06:00,2009-12-02,14527,United Kingdom,False
489792,84691,8,0.85,6.8,2009-12-02 12:06:00,2009-12-02,14527,United Kingdom,False
489792,21539,2,4.95,9.9,2009-12-02 12:06:00,2009-12-02,14527,United Kingdom,False
489792,84660C,1,3.75,3.75,2009-12-02 12:06:00,2009-12-02,14527,United Kingdom,False
489792,21364,1,6.75,6.75,2009-12-02 12:06:00,2009-12-02,14527,United Kingdom,False
489792,21528,1,6.95,6.95,2009-12-02 12:06:00,2009-12-02,14527,United Kingdom,False
489792,22073,2,3.75,7.5,2009-12-02 12:06:00,2009-12-02,14527,United Kingdom,False
489792,79065A,4,9.95,39.8,2009-12-02 12:06:00,2009-12-02,14527,United Kingdom,False
489792,37476,1,9.95,9.95,2009-12-02 12:06:00,2009-12-02,14527,United Kingdom,False
489792,85123A,8,2.95,23.6,2009-12-02 12:06:00,2009-12-02,14527,United Kingdom,False
489792,21217,4,9.95,39.8,2009-12-02 12:06:00,2009-12-02,14527,United Kingdom,False
489792,71053,2,3.75,7.5,2009-12-02 12:06:00,2009-12-02,14527,United Kingdom,False
489792,21843,1,10.95,10.95,2009-12-02 12:06:00,2009-12-02,14527,United Kingdom,False
489792,21407,2,4.25,8.5,2009-12-02 12:06:00,2009-12-02,14527,United Kingdom,False
489792,21777,2,7.95,15.9,2009-12-02 12:06:00,2009-12-02,14527,United Kingdom,False
489792,21257,2,7.95,15.9,2009-12-02 12:06:00,2009-12-02,14527,United Kingdom,False
489792,22193,2,8.5,17.0,2009-12-02 12:06:00,2009-12-02,14527,United Kingdom,False
489792,22354,2,3.75,7.5,2009-12-02 12:06:00,2009-12-02,14527,United Kingdom,False
489792,84623,3,7.95,23.85,2009-12-02 12:06:00,2009-12-02,14527,United Kingdom,False
489792,21258,8,10.95,87.6,2009-12-02 12:06:00,2009-12-02,14527,United Kingdom,False
489792,21527,12,6.95,83.4,2009-12-02 12:06:00,2009-12-02,14527,United Kingdom,False
489792,79323P,2,6.75,13.5,2009-12-02 12:06:00,2009-12-02,14527,United Kingdom,False
489792,79323LP,2,6.75,13.5,2009-12-02 12:06:00,2009-12-02,14527,United Kingdom,False
489792,79323W,2,6.75,13.5,2009-12-02 12:06:00,2009-12-02,14527,United Kingdom,False
489792,84619,1,45.95,45.95,2009-12-02 12:06:00,2009-12-02,14527,United Kingdom,False
489792,21628,1,14.95,14.95,2009-12-02 12:06:00,2009-12-02,14527,United Kingdom,False
489792,21625,4,6.95,27.8,2009-12-02 12:06:00,2009-12-02,14527,United Kingdom,False
489792,35004C,2,5.45,10.9,2009-12-02 12:06:00,2009-12-02,14527,United Kingdom,False
489792,79321,1,4.95,4.95,2009-12-02 12:06:00,2009-12-02,14527,United Kingdom,False
489792,21931,1,1.95,1.95,2009-12-02 12:06:00,2009-12-02,14527,United Kingdom,False
489792,21930,3,1.95,5.85,2009-12-02 12:06:00,2009-12-02,14527,United Kingdom,False
489792,21432,1,5.95,5.95,2009-12-02 12:06:00,2009-12-02,14527,United Kingdom,False
489792,21706,1,4.95,4.95,2009-12-02 12:06:00,2009-12-02,14527,United Kingdom,False
489792,79320,1,4.95,4.95,2009-12-02 12:06:00,2009-12-02,14527,United Kingdom,False
489792,21156,14,1.95,27.3,2009-12-02 12:06:00,2009-12-02,14527,United Kingdom,False
489793,85061W,24,0.85,20.4,2009-12-02 12:09:00,2009-12-02,17476,United Kingdom,False
489793,84977,6,1.25,7.5,2009-12-02 12:09:00,2009-12-02,17476,United Kingdom,False
489793,85048,2,7.95,15.9,2009-12-02 12:09:00,2009-12-02,17476,United Kingdom,False
489793,72756,9,1.49,13.41,2009-12-02 12:09:00,2009-12-02,17476,United Kingdom,False
489793,85123A,6,2.95,17.7,2009-12-02 12:09:00,2009-12-02,17476,United Kingdom,False
489793,21733,6,2.95,17.7,2009-12-02 12:09:00,2009-12-02,17476,United Kingdom,False
489793,22227,24,0.65,15.6,2009-12-02 12:09:00,2009-12-02,17476,United Kingdom,False
489793,84405A,1,12.75,12.75,2009-12-02 12:09:00,2009-12-02,17476,United Kingdom,False
489793,35400,2,8.95,17.9,2009-12-02 12:09:00,2009-12-02,17476,United Kingdom,False
489793,22224,6,2.95,17.7,2009-12-02 12:09:00,2009-12-02,17476,United Kingdom,False
489793,21811,12,1.25,15.0,2009-12-02 12:09:00,2009-12-02,17476,United Kingdom,False
489793,85066,2,12.75,25.5,2009-12-02 12:09:00,2009-12-02,17476,United Kingdom,False
489793,21729,6,3.25,19.5,2009-12-02 12:09:00,2009-12-02,17476,United Kingdom,False
489793,20889,4,2.95,11.8,2009-12-02 12:09:00,2009-12-02,17476,United Kingdom,False
489793,22172,2,8.5,17.0,2009-12-02 12:09:00,2009-12-02,17476,United Kingdom,False
489793,85112,12,1.25,15.0,2009-12-02 12:09:00,2009-12-02,17476,United Kingdom,False
489794,20982,12,0.85,10.2,2009-12-02 12:13:00,2009-12-02,15287,United Kingdom,False
489794,21327,12,1.65,19.8,2009-12-02 12:13:00,2009-12-02,15287,United Kingdom,False
489794,21425,6,2.95,17.7,2009-12-02 12:13:00,2009-12-02,15287,United Kingdom,False
489794,21495,25,0.42,10.5,2009-12-02 12:13:00,2009-12-02,15287,United Kingdom,False
489795,72741,18,1.45,26.1,2009-12-02 12:13:00,2009-12-02,14440,United Kingdom,False
489795,21754,36,5.45,196.2,2009-12-02 12:13:00,2009-12-02,14440,United Kingdom,False
489795,21614,8,2.95,23.6,2009-12-02 12:13:00,2009-12-02,14440,United Kingdom,False
489795,72756,18,1.49,26.82,2009-12-02 12:13:00,2009-12-02,14440,United Kingdom,False
489795,22189,12,3.95,47.4,2009-12-02 12:13:00,2009-12-02,14440,United Kingdom,False
489795,82486,8,7.95,63.6,2009-12-02 12:13:00,2009-12-02,14440,United Kingdom,False
489795,21755,36,5.45,196.2,2009-12-02 12:13:00,2009-12-02,14440,United Kingdom,False
489795,21135,16,1.69,27.04,2009-12-02 12:13:00,2009-12-02,14440,United Kingdom,False
489795,82494L,24,2.55,61.2,2009-12-02 12:13:00,2009-12-02,14440,United Kingdom,False
489795,82482,36,2.1,75.6,2009-12-02 12:13:00,2009-12-02,14440,United Kingdom,False
489795,21107,24,2.55,61.2,2009-12-02 12:13:00,2009-12-02,14440,United Kingdom,False
489795,21106,24,2.55,61.2,2009-12-02 12:13:00,2009-12-02,14440,United Kingdom,False
489795,21108,27,2.55,68.85,2009-12-02 12:13:00,2009-12-02,14440,United Kingdom,False
489796,20668,24,0.12,2.88,2009-12-02 12:15:00,2009-12-02,15680,United Kingdom,False
489796,20956,12,1.25,15.0,2009-12-02 12:15:00,2009-12-02,15680,United Kingdom,False
489796,21007,12,1.45,17.4,2009-12-02 12:15:00,2009-12-02,15680,United Kingdom,False
489796,85112,12,1.25,15.0,2009-12-02 12:15:00,2009-12-02,15680,United Kingdom,False
489796,22130,12,0.85,10.2,2009-12-02 12:15:00,2009-12-02,15680,United Kingdom,False
489796,21490,6,1.95,11.7,2009-12-02 12:15:00,2009-12-02,15680,United Kingdom,False
489796,21811,12,1.25,15.0,2009-12-02 12:15:00,2009-12-02,15680,United Kingdom,False
489796,22335,24,0.65,15.6,2009-12-02 12:15:00,2009-12-02,15680,United Kingdom,False
489796,22294,24,1.25,30.0,2009-12-02 12:15:00,2009-12-02,15680,United Kingdom,False
489796,22295,12,1.65,19.8,2009-12-02 12:15:00,2009-12-02,15680,United Kingdom,False
489796,22219,12,0.85,10.2,2009-12-02 12:15:00,2009-12-02,15680,United Kingdom,False
489796,22224,6,2.95,17.7,2009-12-02 12:15:00,2009-12-02,15680,United Kingdom,False
489796,85123A,12,2.95,35.4,2009-12-02 12:15:00,2009-12-02,15680,United Kingdom,False
489796,21733,6,2.95,17.7,2009-12-02 12:15:00,2009-12-02,15680,United Kingdom,False
489796,84879,16,1.69,27.04,2009-12-02 12:15:00,2009-12-02,15680,United Kingdom,False
489796,20814,12,1.25,15.0,2009-12-02 12:15:00,2009-12-02,15680,United Kingdom,False
489796,22212,6,2.1,12.6,2009-12-02 12:15:00,2009-12-02,15680,United Kingdom,False
489796,85199S,24,0.42,10.08,2009-12-02 12:15:00,2009-12-02,15680,United Kingdom,False
489796,21212,24,0.55,13.2,2009-12-02 12:15:00,2009-12-02,15680,United Kingdom,False
489797,22276,1,2.55,2.55,2009-12-02 12:19:00,2009-12-02,15581,United Kingdom,False
489797,72807A,5,4.25,21.25,2009-12-02 12:19:00,2009-12-02,15581,United Kingdom,False
489797,20725,1,1.65,1.65,2009-12-02 12:19:00,2009-12-02,15581,United Kingdom,False
489797,47566B,2,4.65,9.3,2009-12-02 12:19:00,2009-12-02,15581,United Kingdom,False
489797,79329,4,1.65,6.6,2009-12-02 12:19:00,2009-12-02,15581,United Kingdom,False
489797,20765,1,3.75,3.75,2009-12-02 12:19:00,2009-12-02,15581,United Kingdom,False
489797,22130,12,0.85,10.2,2009-12-02 12:19:00,2009-12-02,15581,United Kingdom,False
489797,22114,1,3.95,3.95,2009-12-02 12:19:00,2009-12-02,15581,United Kingdom,False
489797,72349B,1,2.1,2.1,2009-12-02 12:19:00,2009-12-02,15581,United Kingdom,False
489797,21740,1,2.95,2.95,2009-12-02 12:19:00,2009-12-02,15581,United Kingdom,False
489797,72815,1,3.75,3.75,2009-12-02 12:19:00,2009-12-02,15581,United Kingdom,False
489797,21114,5,1.25,6.25,2009-12-02 12:19:00,2009-12-02,15581,United Kingdom,False
489797,22208,2,1.65,3.3,2009-12-02 12:19:00,2009-12-02,15581,United Kingdom,False
489797,35931,12,1.95,23.4,2009-12-02 12:19:00,2009-12-02,15581,United Kingdom,False
489797,20668,24,0.12,2.88,2009-12-02 12:19:00,2009-12-02,15581,United Kingdom,False
489797,20829,1,2.1,2.1,2009-12-02 12:19:00,2009-12-02,15581,United Kingdom,False
489797,20765,1,3.75,3.75,2009-12-02 12:19:00,2009-12-02,15581,United Kingdom,False
489797,22275,1,8.5,8.5,2009-12-02 12:19:00,2009-12-02,15581,United Kingdom,False
489797,21500,50,0.42,21.0,2009-12-02 12:19:00,2009-12-02,15581,United Kingdom,False
489797,85099B,4,1.95,7.8,2009-12-02 12:19:00,2009-12-02,15581,United Kingdom,False
489797,20979,2,1.25,2.5,2009-12-02 12:19:00,2009-12-02,15581,United Kingdom,False
489797,85103,3,6.75,20.25,2009-12-02 12:19:00,2009-12-02,15581,United Kingdom,False
489797,20748,1,12.75,12.75,2009-12-02 12:19:00,2009-12-02,15581,United Kingdom,False
489797,84031A,2,4.65,9.3,2009-12-02 12:19:00,2009-12-02,15581,United Kingdom,False
489797,84032A,1,2.95,2.95,2009-12-02 12:19:00,2009-12-02,15581,United Kingdom,False
489797,47591D,3,1.95,5.85,2009-12-02 12:19:00,2009-12-02,15581,United Kingdom,False
489798,22114,4,3.95,15.8,2009-12-02 12:22:00,2009-12-02,13740,United Kingdom,False
489798,22207,4,4.25,17.0,2009-12-02 12:22:00,2009-12-02,13740,United Kingdom,False
489798,22201,4,4.25,17.0,2009-12-02 12:22:00,2009-12-02,13740,United Kingdom,False
489798,22215,2,8.5,17.0,2009-12-02 12:22:00,2009-12-02,13740,United Kingdom,False
489798,22296,12,1.65,19.8,2009-12-02 12:22:00,2009-12-02,13740,United Kingdom,False
489798,47591D,8,1.95,15.6,2009-12-02 12:22:00,2009-12-02,13740,United Kingdom,False
489798,22125,3,5.95,17.85,2009-12-02 12:22:00,2009-12-02,13740,United Kingdom,False
489798,21622,4,4.95,19.8,2009-12-02 12:22:00,2009-12-02,13740,United Kingdom,False
489798,21624,3,5.95,17.85,2009-12-02 12:22:00,2009-12-02,13740,United Kingdom,False
489798,21231,12,1.25,15.0,2009-12-02 12:22:00,2009-12-02,13740,United Kingdom,False
489798,22073,4,3.75,15.0,2009-12-02 12:22:00,2009-12-02,13740,United Kingdom,False
489798,21527,2,7.95,15.9,2009-12-02 12:22:00,2009-12-02,13740,United Kingdom,False
489798,21528,2,6.95,13.9,2009-12-02 12:22:00,2009-12-02,13740,United Kingdom,False
489798,22199,4,4.25,17.0,2009-12-02 12:22:00,2009-12-02,13740,United Kingdom,False
489798,20685,2,6.75,13.5,2009-12-02 12:22:00,2009-12-02,13740,United Kingdom,False
489798,22135,12,0.42,5.04,2009-12-02 12:22:00,2009-12-02,13740,United Kingdom,False
489798,21115,2,6.75,13.5,2009-12-02 12:22:00,2009-12-02,13740,United Kingdom,False
489798,22073,4,3.75,15.0,2009-12-02 12:22:00,2009-12-02,13740,United Kingdom,False
489798,21533,3,4.95,14.85,2009-12-02 12:22:00,2009-12-02,13740,United Kingdom,False
489798,21535,6,2.55,15.3,2009-12-02 12:22:00,2009-12-02,13740,United Kingdom,False
C489799,21929,-2,1.95,-3.9,2009-12-02 12:23:00,2009-12-02,13070,United Kingdom,True
C489799,20711,-2,1.95,-3.9,2009-12-02 12:23:00,2009-12-02,13070,United Kingdom,True
489800,21499,25,0.42,10.5,2009-12-02 12:26:00,2009-12-02,17768,United Kingdom,False
489800,72756,9,1.49,13.41,2009-12-02 12:26:00,2009-12-02,17768,United Kingdom,False
489800,82615,4,2.95,11.8,2009-12-02 12:26:00,2009-12-02,17768,United Kingdom,False
489800,82616A,2,2.95,5.9,2009-12-02 12:26:00,2009-12-02,17768,United Kingdom,False
489800,21726,50,0.85,42.5,2009-12-02 12:26:00,2009-12-02,17768,United Kingdom,False
489800,16161U,25,0.42,10.5,2009-12-02 12:26:00,2009-12-02,17768,United Kingdom,False
489800,21497,25,0.42,10.5,2009-12-02 12:26:00,2009-12-02,17768,United Kingdom,False
489800,16012,61,0.21,12.81,2009-12-02 12:26:00,2009-12-02,17768,United Kingdom,False
489800,84559B,8,0.85,6.8,2009-12-02 12:26:00,2009-12-02,17768,United Kingdom,False
489800,84559A,4,0.85,3.4,2009-12-02 12:26:00,2009-12-02,17768,United Kingdom,False
489800,84249D,12,0.42,5.04,2009-12-02 12:26:00,2009-12-02,17768,United Kingdom,False
489800,21098,2,1.25,2.5,2009-12-02 12:26:00,2009-12-02,17768,United Kingdom,False
489800,22276,10,2.55,25.5,2009-12-02 12:26:00,2009-12-02,17768,United Kingdom,False
489800,84270,90,0.21,18.9,2009-12-02 12:26:00,2009-12-02,17768,United Kingdom,False
489800,21700,30,0.85,25.5,2009-12-02 12:26:00,2009-12-02,17768,United Kingdom,False
489800,21100,20,1.65,33.0,2009-12-02 12:26:00,2009-12-02,17768,United Kingdom,False
489800,22200,1,4.25,4.25,2009-12-02 12:26:00,2009-12-02,17768,United Kingdom,False
489800,22202,1,3.75,3.75,2009-12-02 12:26:00,2009-12-02,17768,United Kingdom,False
489800,84050,6,1.65,9.9,2009-12-02 12:26:00,2009-12-02,17768,United Kingdom,False
489800,22196,2,0.85,1.7,2009-12-02 12:26:00,2009-12-02,17768,United Kingdom,False
489800,22195,6,1.65,9.9,2009-12-02 12:26:00,2009-12-02,17768,United Kingdom,False
489800,17003,36,0.21,7.56,2009-12-02 12:26:00,2009-12-02,17768,United Kingdom,False
489800,84813,1,12.75,12.75,2009-12-02 12:26:00,2009-12-02,17768,United Kingdom,False
489800,21700,30,0.85,25.5,2009-12-02 12:26:00,2009-12-02,17768,United Kingdom,False
489800,22064,12,1.65,19.8,2009-12-02 12:26:00,2009-12-02,17768,United Kingdom,False
489800,22347,12,1.25,15.0,2009-12-02 12:26:00,2009-12-02,17768,United Kingdom,False
489800,21232,12,1.25,15.0,2009-12-02 12:26:00,2009-12-02,17768,United Kingdom,False
489800,21231,12,1.25,15.0,2009-12-02 12:26:00,2009-12-02,17768,United Kingdom,False
489800,20718,6,1.25,7.5,2009-12-02 12:26:00,2009-12-02,17768,United Kingdom,False
489800,85099B,6,1.95,11.7,2009-12-02 12:26:00,2009-12-02,17768,United Kingdom,False
489800,20724,10,0.85,8.5,2009-12-02 12:26:00,2009-12-02,17768,United Kingdom,False
489800,22356,2,0.85,1.7,2009-12-02 12:26:00,2009-12-02,17768,United Kingdom,False
489801,85071B,96,0.38,36.48,2009-12-02 12:28:00,2009-12-02,12948,United Kingdom,False
489801,20730,10,1.25,12.5,2009-12-02 12:28:00,2009-12-02,12948,United Kingdom,False
489801,21935,10,1.65,16.5,2009-12-02 12:28:00,2009-12-02,12948,United Kingdom,False
489801,51008,10,3.45,34.5,2009-12-02 12:28:00,2009-12-02,12948,United Kingdom,False
489801,21871,12,1.25,15.0,2009-12-02 12:28:00,2009-12-02,12948,United Kingdom,False
489801,21577,6,2.25,13.5,2009-12-02 12:28:00,2009-12-02,12948,United Kingdom,False
489802,22081,5,1.65,8.25,2009-12-02 12:32:00,2009-12-02,15581,United Kingdom,False
489802,84388,1,1.65,1.65,2009-12-02 12:32:00,2009-12-02,15581,United Kingdom,False
489802,11001,2,1.69,3.38,2009-12-02 12:32:00,2009-12-02,15581,United Kingdom,False
489802,84006,1,0.85,0.85,2009-12-02 12:32:00,2009-12-02,15581,United Kingdom,False
489802,84077,3,0.21,0.63,2009-12-02 12:32:00,2009-12-02,15581,United Kingdom,False
489802,20751,1,2.1,2.1,2009-12-02 12:32:00,2009-12-02,15581,United Kingdom,False
489802,22196,1,0.85,0.85,2009-12-02 12:32:00,2009-12-02,15581,United Kingdom,False
489802,20981,1,0.85,0.85,2009-12-02 12:32:00,2009-12-02,15581,United Kingdom,False
489802,20982,1,0.85,0.85,2009-12-02 12:32:00,2009-12-02,15581,United Kingdom,False
489802,85104,4,2.95,11.8,2009-12-02 12:32:00,2009-12-02,15581,United Kingdom,False
489802,85112,3,1.25,3.75,2009-12-02 12:32:00,2009-12-02,15581,United Kingdom,False
489802,21353,1,7.95,7.95,2009-12-02 12:32:00,2009-12-02,15581,United Kingdom,False
489802,21034,1,0.95,0.95,2009-12-02 12:32:00,2009-12-02,15581,United Kingdom,False
489802,21508,12,0.42,5.04,2009-12-02 12:32:00,2009-12-02,15581,United Kingdom,False
489802,22028,12,0.42,5.04,2009-12-02 12:32:00,2009-12-02,15581,United Kingdom,False
489802,79192A,1,1.25,1.25,2009-12-02 12:32:00,2009-12-02,15581,United Kingdom,False
489802,85222,3,2.1,6.3,2009-12-02 12:32:00,2009-12-02,15581,United Kingdom,False
489802,22046,25,0.42,10.5,2009-12-02 12:32:00,2009-12-02,15581,United Kingdom,False
489802,16161U,25,0.42,10.5,2009-12-02 12:32:00,2009-12-02,15581,United Kingdom,False
489802,17033,4,0.29,1.16,2009-12-02 12:32:00,2009-12-02,15581,United Kingdom,False
489802,85222,4,2.1,8.4,2009-12-02 12:32:00,2009-12-02,15581,United Kingdom,False
489802,21692,2,3.75,7.5,2009-12-02 12:32:00,2009-12-02,15581,United Kingdom,False
489802,21931,1,1.95,1.95,2009-12-02 12:32:00,2009-12-02,15581,United Kingdom,False
489802,21883,1,0.65,0.65,2009-12-02 12:32:00,2009-12-02,15581,United Kingdom,False
489802,21882,1,0.65,0.65,2009-12-02 12:32:00,2009-12-02,15581,United Kingdom,False
489802,21884,1,0.65,0.65,2009-12-02 12:32:00,2009-12-02,15581,United Kingdom,False
489802,21881,1,0.65,0.65,2009-12-02 12:32:00,2009-12-02,15581,United Kingdom,False
489802,21880,1,0.65,0.65,2009-12-02 12:32:00,2009-12-02,15581,United Kingdom,False
489802,84692,1,0.42,0.42,2009-12-02 12:32:00,2009-12-02,15581,United Kingdom,False
489802,79336,1,1.65,1.65,2009-12-02 12:32:00,2009-12-02,15581,United Kingdom,False
489802,22331,4,1.65,6.6,2009-12-02 12:32:00,2009-12-02,15581,United Kingdom,False
489802,21012,1,2.1,2.1,2009-12-02 12:32:00,2009-12-02,15581,United Kingdom,False
489802,22315,1,1.25,1.25,2009-12-02 12:32:00,2009-12-02,15581,United Kingdom,False
489802,85097B,2,3.75,7.5,2009-12-02 12:32:00,2009-12-02,15581,United Kingdom,False
489802,21486,1,3.75,3.75,2009-12-02 12:32:00,2009-12-02,15581,United Kingdom,False
489802,21479,1,3.75,3.75,2009-12-02 12:32:00,2009-12-02,15581,United Kingdom,False
489802,21330,1,1.65,1.65,2009-12-02 12:32:00,2009-12-02,15581,United Kingdom,False
489802,21328,1,1.65,1.65,2009-12-02 12:32:00,2009-12-02,15581,United Kingdom,False
489802,21685,1,14.95,14.95,2009-12-02 12:32:00,2009-12-02,15581,United Kingdom,False
489802,22079,5,1.65,8.25,2009-12-02 12:32:00,2009-12-02,15581,United Kingdom,False
489802,16235,1,0.21,0.21,2009-12-02 12:32:00,2009-12-02,15581,United Kingdom,False
489802,84466,1,1.25,1.25,2009-12-02 12:32:00,2009-12-02,15581,United Kingdom,False
489802,85111,1,1.25,1.25,2009-12-02 12:32:00,2009-12-02,15581,United Kingdom,False
489802,85036C,2,4.25,8.5,2009-12-02 12:32:00,2009-12-02,15581,United Kingdom,False
489802,21507,12,0.42,5.04,2009-12-02 12:32:00,2009-12-02,15581,United Kingdom,False
C489803,21843,-1,10.95,-10.95,2009-12-02 12:34:00,2009-12-02,16797,United Kingdom,True
489804,84854,2,4.95,9.9,2009-12-02 12:38:00,2009-12-02,14667,United Kingdom,False
489804,22113,12,3.45,41.4,2009-12-02 12:38:00,2009-12-02,14667,United Kingdom,False
489804,84855,2,4.95,9.9,2009-12-02 12:38:00,2009-12-02,14667,United Kingdom,False
489804,84854,3,4.95,14.85,2009-12-02 12:38:00,2009-12-02,14667,United Kingdom,False
489804,21806,36,0.42,15.12,2009-12-02 12:38:00,2009-12-02,14667,United Kingdom,False
489804,84992,24,0.55,13.2,2009-12-02 12:38:00,2009-12-02,14667,United Kingdom,False
489804,21212,24,0.55,13.2,2009-12-02 12:38:00,2009-12-02,14667,United Kingdom,False
489804,85231B,6,0.85,5.1,2009-12-02 12:38:00,2009-12-02,14667,United Kingdom,False
489804,85231G,4,0.85,3.4,2009-12-02 12:38:00,2009-12-02,14667,United Kingdom,False
489804,22157,24,0.85,20.4,2009-12-02 12:38:00,2009-12-02,14667,United Kingdom,False
489804,84952C,6,3.75,22.5,2009-12-02 12:38:00,2009-12-02,14667,United Kingdom,False
489804,21816,12,1.45,17.4,2009-12-02 12:38:00,2009-12-02,14667,United Kingdom,False
489804,84754,10,1.25,12.5,2009-12-02 12:38:00,2009-12-02,14667,United Kingdom,False
489804,21466,3,3.75,11.25,2009-12-02 12:38:00,2009-12-02,14667,United Kingdom,False
489804,22187,5,4.25,21.25,2009-12-02 12:38:00,2009-12-02,14667,United Kingdom,False
489804,85039B,12,1.65,19.8,2009-12-02 12:38:00,2009-12-02,14667,United Kingdom,False
489805,84991,3,0.55,1.65,2009-12-02 12:39:00,2009-12-02,17377,United Kingdom,False
489805,21519,12,0.42,5.04,2009-12-02 12:39:00,2009-12-02,17377,United Kingdom,False
489805,21518,12,0.42,5.04,2009-12-02 12:39:00,2009-12-02,17377,United Kingdom,False
489805,22030,12,0.42,5.04,2009-12-02 12:39:00,2009-12-02,17377,United Kingdom,False
489805,22024,12,0.42,5.04,2009-12-02 12:39:00,2009-12-02,17377,United Kingdom,False
489805,22028,12,0.42,5.04,2009-12-02 12:39:00,2009-12-02,17377,United Kingdom,False
489805,22023,12,0.42,5.04,2009-12-02 12:39:00,2009-12-02,17377,United Kingdom,False
489805,21877,6,1.25,7.5,2009-12-02 12:39:00,2009-12-02,17377,United Kingdom,False
489805,20752,1,2.1,2.1,2009-12-02 12:39:00,2009-12-02,17377,United Kingdom,False
489805,20753,1,2.1,2.1,2009-12-02 12:39:00,2009-12-02,17377,United Kingdom,False
489805,21493,10,0.85,8.5,2009-12-02 12:39:00,2009-12-02,17377,United Kingdom,False
489805,21035,2,2.95,5.9,2009-12-02 12:39:00,2009-12-02,17377,United Kingdom,False
489805,21041,3,2.95,8.85,2009-12-02 12:39:00,2009-12-02,17377,United Kingdom,False
489805,22122,2,2.95,5.9,2009-12-02 12:39:00,2009-12-02,17377,United Kingdom,False
489805,47556B,2,2.95,5.9,2009-12-02 12:39:00,2009-12-02,17377,United Kingdom,False
489805,84600,1,7.95,7.95,2009-12-02 12:39:00,2009-12-02,17377,United Kingdom,False
489805,21430,1,3.75,3.75,2009-12-02 12:39:00,2009-12-02,17377,United Kingdom,False
489805,21477,2,12.75,25.5,2009-12-02 12:39:00,2009-12-02,17377,United Kingdom,False
489805,21429,1,1.65,1.65,2009-12-02 12:39:00,2009-12-02,17377,United Kingdom,False
489805,21431,1,1.65,1.65,2009-12-02 12:39:00,2009-12-02,17377,United Kingdom,False
489805,84813,1,12.75,12.75,2009-12-02 12:39:00,2009-12-02,17377,United Kingdom,False
489805,21621,2,8.5,17.0,2009-12-02 12:39:00,2009-12-02,17377,United Kingdom,False
489805,72756,9,1.49,13.41,2009-12-02 12:39:00,2009-12-02,17377,United Kingdom,False
489805,82494L,4,2.95,11.8,2009-12-02 12:39:00,2009-12-02,17377,United Kingdom,False
489805,85232B,1,4.95,4.95,2009-12-02 12:39:00,2009-12-02,17377,United Kingdom,False
489805,21590,3,1.25,3.75,2009-12-02 12:39:00,2009-12-02,17377,United Kingdom,False
489805,21593,3,1.25,3.75,2009-12-02 12:39:00,2009-12-02,17377,United Kingdom,False
489805,84510A,2,1.25,2.5,2009-12-02 12:39:00,2009-12-02,17377,United Kingdom,False
489805,84510C,2,1.25,2.5,2009-12-02 12:39:00,2009-12-02,17377,United Kingdom,False
489805,20981,3,0.85,2.55,2009-12-02 12:39:00,2009-12-02,17377,United Kingdom,False
489805,17109B,2,1.69,3.38,2009-12-02 12:39:00,2009-12-02,17377,United Kingdom,False
489805,17109C,3,1.69,5.07,2009-12-02 12:39:00,2009-12-02,17377,United Kingdom,False
489805,21485,9,4.95,44.55,2009-12-02 12:39:00,2009-12-02,17377,United Kingdom,False
489805,21034,1,0.95,0.95,2009-12-02 12:39:00,2009-12-02,17377,United Kingdom,False
489805,21622,25,4.95,123.75,2009-12-02 12:39:00,2009-12-02,17377,United Kingdom,False
489805,22111,7,4.95,34.65,2009-12-02 12:39:00,2009-12-02,17377,United Kingdom,False
489805,21490,2,1.95,3.9,2009-12-02 12:39:00,2009-12-02,17377,United Kingdom,False
489805,21491,4,1.95,7.8,2009-12-02 12:39:00,2009-12-02,17377,United Kingdom,False
489805,20658,4,1.25,5.0,2009-12-02 12:39:00,2009-12-02,17377,United Kingdom,False
489805,20669,10,1.25,12.5,2009-12-02 12:39:00,2009-12-02,17377,United Kingdom,False
489805,22079,3,1.65,4.95,2009-12-02 12:39:00,2009-12-02,17377,United Kingdom,False
489805,22080,3,1.65,4.95,2009-12-02 12:39:00,2009-12-02,17377,United Kingdom,False
489805,21212,4,0.55,2.2,2009-12-02 12:39:00,2009-12-02,17377,United Kingdom,False
489805,21976,1,0.55,0.55,2009-12-02 12:39:00,2009-12-02,17377,United Kingdom,False
489805,84992,7,0.55,3.85,2009-12-02 12:39:00,2009-12-02,17377,United Kingdom,False
489805,21977,4,0.55,2.2,2009-12-02 12:39:00,2009-12-02,17377,United Kingdom,False
489806,18010,-770,0.0,-0.0,2009-12-02 12:42:00,2009-12-02,GUEST,United Kingdom,False
489807,85044,2,4.95,9.9,2009-12-02 12:43:00,2009-12-02,15581,United Kingdom,False
489807,21703,96,0.36,34.56,2009-12-02 12:43:00,2009-12-02,15581,United Kingdom,False
489807,21681,1,9.95,9.95,2009-12-02 12:43:00,2009-12-02,15581,United Kingdom,False
489807,84828,1,1.25,1.25,2009-12-02 12:43:00,2009-12-02,15581,United Kingdom,False
489807,35160,1,0.85,0.85,2009-12-02 12:43:00,2009-12-02,15581,United Kingdom,False
489807,21975,1,0.55,0.55,2009-12-02 12:43:00,2009-12-02,15581,United Kingdom,False
489807,84992,1,0.55,0.55,2009-12-02 12:43:00,2009-12-02,15581,United Kingdom,False
489807,20728,1,1.65,1.65,2009-12-02 12:43:00,2009-12-02,15581,United Kingdom,False
489807,21481,1,2.95,2.95,2009-12-02 12:43:00,2009-12-02,15581,United Kingdom,False
489807,21931,1,1.95,1.95,2009-12-02 12:43:00,2009-12-02,15581,United Kingdom,False
489807,10138,96,0.42,40.32,2009-12-02 12:43:00,2009-12-02,15581,United Kingdom,False
489807,85047,1,6.35,6.35,2009-12-02 12:43:00,2009-12-02,15581,United Kingdom,False
489807,85183A,1,3.75,3.75,2009-12-02 12:43:00,2009-12-02,15581,United Kingdom,False
489807,84031A,1,4.65,4.65,2009-12-02 12:43:00,2009-12-02,15581,United Kingdom,False
489807,21016,2,0.85,1.7,2009-12-02 12:43:00,2009-12-02,15581,United Kingdom,False
489807,22130,12,0.85,10.2,2009-12-02 12:43:00,2009-12-02,15581,United Kingdom,False
489807,35981C,2,1.25,2.5,2009-12-02 12:43:00,2009-12-02,15581,United Kingdom,False
489807,21016,1,0.85,0.85,2009-12-02 12:43:00,2009-12-02,15581,United Kingdom,False
489807,21825,8,1.45,11.6,2009-12-02 12:43:00,2009-12-02,15581,United Kingdom,False
489807,20974,1,0.65,0.65,2009-12-02 12:43:00,2009-12-02,15581,United Kingdom,False
489807,20975,1,0.65,0.65,2009-12-02 12:43:00,2009-12-02,15581,United Kingdom,False
489807,35979,1,2.95,2.95,2009-12-02 12:43:00,2009-12-02,15581,United Kingdom,False
489807,21493,2,0.85,1.7,2009-12-02 12:43:00,2009-12-02,15581,United Kingdom,False
489807,22273,1,2.95,2.95,2009-12-02 12:43:00,2009-12-02,15581,United Kingdom,False
489807,35400,2,8.95,17.9,2009-12-02 12:43:00,2009-12-02,15581,United Kingdom,False
489807,21467,1,3.75,3.75,2009-12-02 12:43:00,2009-12-02,15581,United Kingdom,False
489807,84347,1,2.55,2.55,2009-12-02 12:43:00,2009-12-02,15581,United Kingdom,False
489807,21034,1,0.95,0.95,2009-12-02 12:43:00,2009-12-02,15581,United Kingdom,False
489808,84510A,2,1.25,2.5,2009-12-02 12:44:00,2009-12-02,14467,United Kingdom,False
489808,84510F,2,1.25,2.5,2009-12-02 12:44:00,2009-12-02,14467,United Kingdom,False
489808,85123A,8,2.95,23.6,2009-12-02 12:44:00,2009-12-02,14467,United Kingdom,False
489808,20972,4,1.25,5.0,2009-12-02 12:44:00,2009-12-02,14467,United Kingdom,False
489808,20736,6,0.85,5.1,2009-12-02 12:44:00,2009-12-02,14467,United Kingdom,False
489808,21212,4,0.55,2.2,2009-12-02 12:44:00,2009-12-02,14467,United Kingdom,False
489808,22080,1,1.65,1.65,2009-12-02 12:44:00,2009-12-02,14467,United Kingdom,False
489808,22082,1,1.65,1.65,2009-12-02 12:44:00,2009-12-02,14467,United Kingdom,False
489808,21986,6,0.29,1.74,2009-12-02 12:44:00,2009-12-02,14467,United Kingdom,False
489808,22147,10,1.45,14.5,2009-12-02 12:44:00,2009-12-02,14467,United Kingdom,False
489808,21431,2,1.65,3.3,2009-12-02 12:44:00,2009-12-02,14467,United Kingdom,False
489808,21429,2,1.65,3.3,2009-12-02 12:44:00,2009-12-02,14467,United Kingdom,False
489808,22186,5,2.95,14.75,2009-12-02 12:44:00,2009-12-02,14467,United Kingdom,False
489808,35961,12,0.85,10.2,2009-12-02 12:44:00,2009-12-02,14467,United Kingdom,False
489808,20983,10,0.85,8.5,2009-12-02 12:44:00,2009-12-02,14467,United Kingdom,False
489808,20982,5,0.85,4.25,2009-12-02 12:44:00,2009-12-02,14467,United Kingdom,False
489808,47580,2,2.55,5.1,2009-12-02 12:44:00,2009-12-02,14467,United Kingdom,False
489809,20726,10,1.65,16.5,2009-12-02 12:46:00,2009-12-02,13457,United Kingdom,False
489809,85162C,24,1.95,46.8,2009-12-02 12:46:00,2009-12-02,13457,United Kingdom,False
489809,17129D,12,0.85,10.2,2009-12-02 12:46:00,2009-12-02,13457,United Kingdom,False
489809,21935,10,1.65,16.5,2009-12-02 12:46:00,2009-12-02,13457,United Kingdom,False
489809,84050,6,1.65,9.9,2009-12-02 12:46:00,2009-12-02,13457,United Kingdom,False
489809,47579,6,2.1,12.6,2009-12-02 12:46:00,2009-12-02,13457,United Kingdom,False
489810,22415,4,7.95,31.8,2009-12-02 12:47:00,2009-12-02,18108,United Kingdom,False
489810,21754,3,5.95,17.85,2009-12-02 12:47:00,2009-12-02,18108,United Kingdom,False
489810,21755,3,5.95,17.85,2009-12-02 12:47:00,2009-12-02,18108,United Kingdom,False
489810,82494L,6,2.95,17.7,2009-12-02 12:47:00,2009-12-02,18108,United Kingdom,False
489810,22296,12,1.65,19.8,2009-12-02 12:47:00,2009-12-02,18108,United Kingdom,False
489810,85103,2,6.75,13.5,2009-12-02 12:47:00,2009-12-02,18108,United Kingdom,False
489810,20749,2,7.95,15.9,2009-12-02 12:47:00,2009-12-02,18108,United Kingdom,False
489810,21337,6,2.95,17.7,2009-12-02 12:47:00,2009-12-02,18108,United Kingdom,False
489810,72807A,4,4.25,17.0,2009-12-02 12:47:00,2009-12-02,18108,United Kingdom,False
489810,21143,12,1.95,23.4,2009-12-02 12:47:00,2009-12-02,18108,United Kingdom,False
489810,21811,12,1.25,15.0,2009-12-02 12:47:00,2009-12-02,18108,United Kingdom,False
489810,21523,2,6.75,13.5,2009-12-02 12:47:00,2009-12-02,18108,United Kingdom,False
489810,21955,2,6.75,13.5,2009-12-02 12:47:00,2009-12-02,18108,United Kingdom,False
489810,79323S,4,6.75,27.0,2009-12-02 12:47:00,2009-12-02,18108,United Kingdom,False
489810,79323B,4,6.75,27.0,2009-12-02 12:47:00,2009-12-02,18108,United Kingdom,False
489810,22120,3,9.95,29.85,2009-12-02 12:47:00,2009-12-02,18108,United Kingdom,False
489810,21864,6,2.1,12.6,2009-12-02 12:47:00,2009-12-02,18108,United Kingdom,False
489810,20622,6,2.1,12.6,2009-12-02 12:47:00,2009-12-02,18108,United Kingdom,False
489810,46000M,4,1.55,6.2,2009-12-02 12:47:00,2009-12-02,18108,United Kingdom,False
489810,21622,4,4.95,19.8,2009-12-02 12:47:00,2009-12-02,18108,United Kingdom,False
489810,72267,8,2.1,16.8,2009-12-02 12:47:00,2009-12-02,18108,United Kingdom,False
489810,72484,12,1.25,15.0,2009-12-02 12:47:00,2009-12-02,18108,United Kingdom,False
489810,84836,24,1.25,30.0,2009-12-02 12:47:00,2009-12-02,18108,United Kingdom,False
489810,84791,6,2.95,17.7,2009-12-02 12:47:00,2009-12-02,18108,United Kingdom,False
489810,22189,8,3.95,31.6,2009-12-02 12:47:00,2009-12-02,18108,United Kingdom,False
489810,22145,6,2.1,12.6,2009-12-02 12:47:00,2009-12-02,18108,United Kingdom,False
489811,22109,8,3.75,30.0,2009-12-02 12:54:00,2009-12-02,16210,United Kingdom,False
489811,22107,8,3.75,30.0,2009-12-02 12:54:00,2009-12-02,16210,United Kingdom,False
489811,21625,3,6.95,20.85,2009-12-02 12:54:00,2009-12-02,16210,United Kingdom,False
489811,21622,4,4.95,19.8,2009-12-02 12:54:00,2009-12-02,16210,United Kingdom,False
489811,21232,72,1.06,76.32,2009-12-02 12:54:00,2009-12-02,16210,United Kingdom,False
489811,21231,72,1.06,76.32,2009-12-02 12:54:00,2009-12-02,16210,United Kingdom,False
489811,37494A,36,2.55,91.8,2009-12-02 12:54:00,2009-12-02,16210,United Kingdom,False
489811,22335,288,0.55,158.4,2009-12-02 12:54:00,2009-12-02,16210,United Kingdom,False
489811,79323W,24,5.45,130.8,2009-12-02 12:54:00,2009-12-02,16210,United Kingdom,False
489812,20906,1,2.95,2.95,2009-12-02 13:00:00,2009-12-02,17377,United Kingdom,False
489812,84709B,2,5.95,11.9,2009-12-02 13:00:00,2009-12-02,17377,United Kingdom,False
489812,21212,1,0.55,0.55,2009-12-02 13:00:00,2009-12-02,17377,United Kingdom,False
489812,85032A,1,2.1,2.1,2009-12-02 13:00:00,2009-12-02,17377,United Kingdom,False
489812,85018D,1,2.55,2.55,2009-12-02 13:00:00,2009-12-02,17377,United Kingdom,False
489812,85066,1,12.75,12.75,2009-12-02 13:00:00,2009-12-02,17377,United Kingdom,False
489812,84708B,1,4.95,4.95,2009-12-02 13:00:00,2009-12-02,17377,United Kingdom,False
489812,85178,2,1.25,2.5,2009-12-02 13:00:00,2009-12-02,17377,United Kingdom,False
489812,21391,3,2.1,6.3,2009-12-02 13:00:00,2009-12-02,17377,United Kingdom,False
489812,90035C,19,10.75,204.25,2009-12-02 13:00:00,2009-12-02,17377,United Kingdom,False
489812,90082A,1,6.35,6.35,2009-12-02 13:00:00,2009-12-02,17377,United Kingdom,False
489812,21880,1,0.65,0.65,2009-12-02 13:00:00,2009-12-02,17377,United Kingdom,False
489812,21883,1,0.65,0.65,2009-12-02 13:00:00,2009-12-02,17377,United Kingdom,False
489812,22080,1,1.65,1.65,2009-12-02 13:00:00,2009-12-02,17377,United Kingdom,False
489812,47556B,1,2.95,2.95,2009-12-02 13:00:00,2009-12-02,17377,United Kingdom,False
489812,22122,1,2.95,2.95,2009-12-02 13:00:00,2009-12-02,17377,United Kingdom,False
489812,21990,1,2.95,2.95,2009-12-02 13:00:00,2009-12-02,17377,United Kingdom,False
489812,21080,2,0.85,1.7,2009-12-02 13:00:00,2009-12-02,17377,United Kingdom,False
489812,21077,1,0.85,0.85,2009-12-02 13:00:00,2009-12-02,17377,United Kingdom,False
489812,20658,2,1.25,2.5,2009-12-02 13:00:00,2009-12-02,17377,United Kingdom,False
489812,20752,1,2.1,2.1,2009-12-02 13:00:00,2009-12-02,17377,United Kingdom,False
489812,20754,1,2.1,2.1,2009-12-02 13:00:00,2009-12-02,17377,United Kingdom,False
489812,90035B,36,8.49,305.64,2009-12-02 13:00:00,2009-12-02,17377,United Kingdom,False
489812,21694,2,2.95,5.9,2009-12-02 13:00:00,2009-12-02,17377,United Kingdom,False
489812,84600,1,7.95,7.95,2009-12-02 13:00:00,2009-12-02,17377,United Kingdom,False
C489813,84472,-1,45.95,-45.95,2009-12-02 13:02:00,2009-12-02,17867,United Kingdom,True
C489813,84622,-1,5.95,-5.95,2009-12-02 13:02:00,2009-12-02,17867,United Kingdom,True
489814,21035,1,2.95,2.95,2009-12-02 13:06:00,2009-12-02,14669,United Kingdom,False
489814,21035,1,2.95,2.95,2009-12-02 13:06:00,2009-12-02,14669,United Kingdom,False
489814,21042,1,5.95,5.95,2009-12-02 13:06:00,2009-12-02,14669,United Kingdom,False
489814,21041,2,2.95,5.9,2009-12-02 13:06:00,2009-12-02,14669,United Kingdom,False
489814,79163,12,1.65,19.8,2009-12-02 13:06:00,2009-12-02,14669,United Kingdom,False
489814,21975,24,0.55,13.2,2009-12-02 13:06:00,2009-12-02,14669,United Kingdom,False
489814,84991,24,0.55,13.2,2009-12-02 13:06:00,2009-12-02,14669,United Kingdom,False
489814,84990,24,0.55,13.2,2009-12-02 13:06:00,2009-12-02,14669,United Kingdom,False
489814,20914,1,2.95,2.95,2009-12-02 13:06:00,2009-12-02,14669,United Kingdom,False
489814,21210,2,1.45,2.9,2009-12-02 13:06:00,2009-12-02,14669,United Kingdom,False
489814,21214,2,1.45,2.9,2009-12-02 13:06:00,2009-12-02,14669,United Kingdom,False
489814,22271,2,2.95,5.9,2009-12-02 13:06:00,2009-12-02,14669,United Kingdom,False
489814,22272,2,2.95,5.9,2009-12-02 13:06:00,2009-12-02,14669,United Kingdom,False
489814,22274,2,2.95,5.9,2009-12-02 13:06:00,2009-12-02,14669,United Kingdom,False
489814,82616C,3,2.95,8.85,2009-12-02 13:06:00,2009-12-02,14669,United Kingdom,False
489814,84288B,3,1.95,5.85,2009-12-02 13:06:00,2009-12-02,14669,United Kingdom,False
489814,47566,3,4.65,13.95,2009-12-02 13:06:00,2009-12-02,14669,United Kingdom,False
489814,85231G,6,0.85,5.1,2009-12-02 13:06:00,2009-12-02,14669,United Kingdom,False
489814,85231B,6,0.85,5.1,2009-12-02 13:06:00,2009-12-02,14669,United Kingdom,False
489814,72779,6,1.69,10.14,2009-12-02 13:06:00,2009-12-02,14669,United Kingdom,False
489814,21916,6,0.42,2.52,2009-12-02 13:06:00,2009-12-02,14669,United Kingdom,False
489814,22086,6,2.95,17.7,2009-12-02 13:06:00,2009-12-02,14669,United Kingdom,False
489814,85230G,24,0.29,6.96,2009-12-02 13:06:00,2009-12-02,14669,United Kingdom,False
489814,82616A,3,2.95,8.85,2009-12-02 13:06:00,2009-12-02,14669,United Kingdom,False
489814,72024U,24,0.21,5.04,2009-12-02 13:06:00,2009-12-02,14669,United Kingdom,False
489814,84006,12,0.85,10.2,2009-12-02 13:06:00,2009-12-02,14669,United Kingdom,False
489814,47504F,12,1.65,19.8,2009-12-02 13:06:00,2009-12-02,14669,United Kingdom,False
489814,79321,3,4.95,14.85,2009-12-02 13:06:00,2009-12-02,14669,United Kingdom,False
489814,84270,30,0.21,6.3,2009-12-02 13:06:00,2009-12-02,14669,United Kingdom,False
489814,20889,6,2.95,17.7,2009-12-02 13:06:00,2009-12-02,14669,United Kingdom,False
489814,84854,4,4.95,19.8,2009-12-02 13:06:00,2009-12-02,14669,United Kingdom,False
489814,35160,8,0.85,6.8,2009-12-02 13:06:00,2009-12-02,14669,United Kingdom,False
489814,72267,4,2.1,8.4,2009-12-02 13:06:00,2009-12-02,14669,United Kingdom,False
489814,21732,4,3.75,15.0,2009-12-02 13:06:00,2009-12-02,14669,United Kingdom,False
489814,72801E,12,1.25,15.0,2009-12-02 13:06:00,2009-12-02,14669,United Kingdom,False
489814,21645,12,1.65,19.8,2009-12-02 13:06:00,2009-12-02,14669,United Kingdom,False
489814,82001S,3,3.75,11.25,2009-12-02 13:06:00,2009-12-02,14669,United Kingdom,False
489814,84969,3,4.25,12.75,2009-12-02 13:06:00,2009-12-02,14669,United Kingdom,False
489814,48187,1,6.75,6.75,2009-12-02 13:06:00,2009-12-02,14669,United Kingdom,False
489814,22309,2,2.55,5.1,2009-12-02 13:06:00,2009-12-02,14669,United Kingdom,False
489814,22207,2,4.25,8.5,2009-12-02 13:06:00,2009-12-02,14669,United Kingdom,False
489814,21559,2,2.55,5.1,2009-12-02 13:06:00,2009-12-02,14669,United Kingdom,False
489814,21561,2,2.55,5.1,2009-12-02 13:06:00,2009-12-02,14669,United Kingdom,False
489814,22138,2,4.95,9.9,2009-12-02 13:06:00,2009-12-02,14669,United Kingdom,False
489814,21218,1,3.75,3.75,2009-12-02 13:06:00,2009-12-02,14669,United Kingdom,False
489814,22315,2,1.25,2.5,2009-12-02 13:06:00,2009-12-02,14669,United Kingdom,False
489814,22071,2,3.75,7.5,2009-12-02 13:06:00,2009-12-02,14669,United Kingdom,False
489814,22070,2,3.75,7.5,2009-12-02 13:06:00,2009-12-02,14669,United Kingdom,False
489814,20963,9,1.25,11.25,2009-12-02 13:06:00,2009-12-02,14669,United Kingdom,False
489814,21843,1,10.95,10.95,2009-12-02 13:06:00,2009-12-02,14669,United Kingdom,False
489814,21080,6,0.85,5.1,2009-12-02 13:06:00,2009-12-02,14669,United Kingdom,False
489814,21042,1,5.95,5.95,2009-12-02 13:06:00,2009-12-02,14669,United Kingdom,False
489814,84988,2,1.45,2.9,2009-12-02 13:06:00,2009-12-02,14669,United Kingdom,False
489814,21973,2,1.45,2.9,2009-12-02 13:06:00,2009-12-02,14669,United Kingdom,False
489814,84987,2,1.45,2.9,2009-12-02 13:06:00,2009-12-02,14669,United Kingdom,False
489814,21238,8,0.85,6.8,2009-12-02 13:06:00,2009-12-02,14669,United Kingdom,False
489814,20676,8,1.25,10.0,2009-12-02 13:06:00,2009-12-02,14669,United Kingdom,False
489814,35918B,3,1.25,3.75,2009-12-02 13:06:00,2009-12-02,14669,United Kingdom,False
489814,21844,6,2.95,17.7,2009-12-02 13:06:00,2009-12-02,14669,United Kingdom,False
489814,22072,1,3.75,3.75,2009-12-02 13:06:00,2009-12-02,14669,United Kingdom,False
489814,85032D,12,2.1,25.2,2009-12-02 13:06:00,2009-12-02,14669,United Kingdom,False
489814,21527,1,7.95,7.95,2009-12-02 13:06:00,2009-12-02,14669,United Kingdom,False
489814,21533,1,4.95,4.95,2009-12-02 13:06:00,2009-12-02,14669,United Kingdom,False
489814,20990,3,1.95,5.85,2009-12-02 13:06:00,2009-12-02,14669,United Kingdom,False
489814,21949,6,1.25,7.5,2009-12-02 13:06:00,2009-12-02,14669,United Kingdom,False
489814,22072,1,3.75,3.75,2009-12-02 13:06:00,2009-12-02,14669,United Kingdom,False
489814,21539,1,4.95,4.95,2009-12-02 13:06:00,2009-12-02,14669,United Kingdom,False
489814,21531,2,2.55,5.1,2009-12-02 13:06:00,2009-12-02,14669,United Kingdom,False
489814,84596B,8,1.25,10.0,2009-12-02 13:06:00,2009-12-02,14669,United Kingdom,False
489814,84596G,8,1.25,10.0,2009-12-02 13:06:00,2009-12-02,14669,United Kingdom,False
489814,84596K,8,1.25,10.0,2009-12-02 13:06:00,2009-12-02,14669,United Kingdom,False
489814,21217,2,9.95,19.9,2009-12-02 13:06:00,2009-12-02,14669,United Kingdom,False
489814,79163,8,1.65,13.2,2009-12-02 13:06:00,2009-12-02,14669,United Kingdom,False
489814,84380,12,1.25,15.0,2009-12-02 13:06:00,2009-12-02,14669,United Kingdom,False
489814,22218,2,4.25,8.5,2009-12-02 13:06:00,2009-12-02,14669,United Kingdom,False
489814,21242,8,1.69,13.52,2009-12-02 13:06:00,2009-12-02,14669,United Kingdom,False
489814,35914,12,2.1,25.2,2009-12-02 13:06:00,2009-12-02,14669,United Kingdom,False
489814,22319,12,0.65,7.8,2009-12-02 13:06:00,2009-12-02,14669,United Kingdom,False
489814,21679,6,0.85,5.1,2009-12-02 13:06:00,2009-12-02,14669,United Kingdom,False
489814,22139,6,4.95,29.7,2009-12-02 13:06:00,2009-12-02,14669,United Kingdom,False
489814,20970,3,3.75,11.25,2009-12-02 13:06:00,2009-12-02,14669,United Kingdom,False
489814,20969,3,3.75,11.25,2009-12-02 13:06:00,2009-12-02,14669,United Kingdom,False
489814,22125,2,5.95,11.9,2009-12-02 13:06:00,2009-12-02,14669,United Kingdom,False
489814,47590A,1,5.45,5.45,2009-12-02 13:06:00,2009-12-02,14669,United Kingdom,False
489814,22112,1,4.95,4.95,2009-12-02 13:06:00,2009-12-02,14669,United Kingdom,False
489814,22111,1,4.95,4.95,2009-12-02 13:06:00,2009-12-02,14669,United Kingdom,False
489814,21486,2,3.75,7.5,2009-12-02 13:06:00,2009-12-02,14669,United Kingdom,False
489814,47590A,2,5.45,10.9,2009-12-02 13:06:00,2009-12-02,14669,United Kingdom,False
489814,22273,2,2.95,5.9,2009-12-02 13:06:00,2009-12-02,14669,United Kingdom,False
489815,35610B,8,1.25,10.0,2009-12-02 13:10:00,2009-12-02,17909,United Kingdom,False
489815,21821,6,3.75,22.5,2009-12-02 13:10:00,2009-12-02,17909,United Kingdom,False
489815,21820,6,3.75,22.5,2009-12-02 13:10:00,2009-12-02,17909,United Kingdom,False
489815,21034,1,0.95,0.95,2009-12-02 13:10:00,2009-12-02,17909,United Kingdom,False
489815,21821,6,3.75,22.5,2009-12-02 13:10:00,2009-12-02,17909,United Kingdom,False
489815,85164B,1,12.75,12.75,2009-12-02 13:10:00,2009-12-02,17909,United Kingdom,False
489815,85168B,1,9.95,9.95,2009-12-02 13:10:00,2009-12-02,17909,United Kingdom,False
489815,85168A,1,9.95,9.95,2009-12-02 13:10:00,2009-12-02,17909,United Kingdom,False
489815,21143,11,1.95,21.45,2009-12-02 13:10:00,2009-12-02,17909,United Kingdom,False
489816,21431,4,1.65,6.6,2009-12-02 13:20:00,2009-12-02,16086,United Kingdom,False
489816,21642,24,0.85,20.4,2009-12-02 13:20:00,2009-12-02,16086,United Kingdom,False
489816,21638,6,2.1,12.6,2009-12-02 13:20:00,2009-12-02,16086,United Kingdom,False
489816,20974,3,0.65,1.95,2009-12-02 13:20:00,2009-12-02,16086,United Kingdom,False
489816,20727,10,1.65,16.5,2009-12-02 13:20:00,2009-12-02,16086,United Kingdom,False
489816,21924,1,7.95,7.95,2009-12-02 13:20:00,2009-12-02,16086,United Kingdom,False
489816,84795E,2,7.95,15.9,2009-12-02 13:20:00,2009-12-02,16086,United Kingdom,False
489816,20782,1,5.49,5.49,2009-12-02 13:20:00,2009-12-02,16086,United Kingdom,False
489816,21621,1,8.5,8.5,2009-12-02 13:20:00,2009-12-02,16086,United Kingdom,False
489816,21622,2,4.95,9.9,2009-12-02 13:20:00,2009-12-02,16086,United Kingdom,False
489816,20968,5,3.75,18.75,2009-12-02 13:20:00,2009-12-02,16086,United Kingdom,False
489816,21937,1,2.95,2.95,2009-12-02 13:20:00,2009-12-02,16086,United Kingdom,False
489816,85099F,5,1.95,9.75,2009-12-02 13:20:00,2009-12-02,16086,United Kingdom,False
489816,20723,10,0.85,8.5,2009-12-02 13:20:00,2009-12-02,16086,United Kingdom,False
489816,21930,10,1.95,19.5,2009-12-02 13:20:00,2009-12-02,16086,United Kingdom,False
489816,21498,25,0.42,10.5,2009-12-02 13:20:00,2009-12-02,16086,United Kingdom,False
489816,22047,25,0.42,10.5,2009-12-02 13:20:00,2009-12-02,16086,United Kingdom,False
489816,16156S,25,0.42,10.5,2009-12-02 13:20:00,2009-12-02,16086,United Kingdom,False
489816,21251,1,2.95,2.95,2009-12-02 13:20:00,2009-12-02,16086,United Kingdom,False
489816,21833,12,1.69,20.28,2009-12-02 13:20:00,2009-12-02,16086,United Kingdom,False
489816,21864,5,2.1,10.5,2009-12-02 13:20:00,2009-12-02,16086,United Kingdom,False
489816,21677,12,0.85,10.2,2009-12-02 13:20:00,2009-12-02,16086,United Kingdom,False
489816,21676,12,0.85,10.2,2009-12-02 13:20:00,2009-12-02,16086,United Kingdom,False
489816,84077,48,0.21,10.08,2009-12-02 13:20:00,2009-12-02,16086,United Kingdom,False
489816,85226A,5,0.55,2.75,2009-12-02 13:20:00,2009-12-02,16086,United Kingdom,False
489816,21034,1,0.95,0.95,2009-12-02 13:20:00,2009-12-02,16086,United Kingdom,False
489816,78056,2,9.95,19.9,2009-12-02 13:20:00,2009-12-02,16086,United Kingdom,False
489817,22215,12,7.65,91.8,2009-12-02 13:22:00,2009-12-02,16711,United Kingdom,False
489817,22218,24,3.75,90.0,2009-12-02 13:22:00,2009-12-02,16711,United Kingdom,False
489817,21146,96,1.65,158.4,2009-12-02 13:22:00,2009-12-02,16711,United Kingdom,False
489820,21133,-720,0.0,-0.0,2009-12-02 13:23:00,2009-12-02,GUEST,United Kingdom,False
489819,85049G,8,1.25,10.0,2009-12-02 13:23:00,2009-12-02,14739,United Kingdom,False
489819,85014B,6,5.95,35.7,2009-12-02 13:23:00,2009-12-02,14739,United Kingdom,False
489819,85014C,3,5.95,17.85,2009-12-02 13:23:00,2009-12-02,14739,United Kingdom,False
489819,21591,48,1.25,60.0,2009-12-02 13:23:00,2009-12-02,14739,United Kingdom,False
489819,84077,96,0.21,20.16,2009-12-02 13:23:00,2009-12-02,14739,United Kingdom,False
489819,84946,72,1.06,76.32,2009-12-02 13:23:00,2009-12-02,14739,United Kingdom,False
489819,22088,40,2.55,102.0,2009-12-02 13:23:00,2009-12-02,14739,United Kingdom,False
489819,21186,48,1.45,69.6,2009-12-02 13:23:00,2009-12-02,14739,United Kingdom,False
489819,84832,24,0.85,20.4,2009-12-02 13:23:00,2009-12-02,14739,United Kingdom,False
489819,20940,36,2.55,91.8,2009-12-02 13:23:00,2009-12-02,14739,United Kingdom,False
489819,22075,24,1.65,39.6,2009-12-02 13:23:00,2009-12-02,14739,United Kingdom,False
489819,85049A,36,1.25,45.0,2009-12-02 13:23:00,2009-12-02,14739,United Kingdom,False
489819,85049E,24,1.25,30.0,2009-12-02 13:23:00,2009-12-02,14739,United Kingdom,False
489818,22083,12,2.95,35.4,2009-12-02 13:23:00,2009-12-02,16233,United Kingdom,False
489818,22084,6,2.95,17.7,2009-12-02 13:23:00,2009-12-02,16233,United Kingdom,False
489818,22085,6,2.95,17.7,2009-12-02 13:23:00,2009-12-02,16233,United Kingdom,False
489818,22086,6,2.95,17.7,2009-12-02 13:23:00,2009-12-02,16233,United Kingdom,False
489818,22143,6,2.1,12.6,2009-12-02 13:23:00,2009-12-02,16233,United Kingdom,False
489818,22130,12,0.85,10.2,2009-12-02 13:23:00,2009-12-02,16233,United Kingdom,False
489818,85176,12,0.85,10.2,2009-12-02 13:23:00,2009-12-02,16233,United Kingdom,False
489818,85177,12,0.85,10.2,2009-12-02 13:23:00,2009-12-02,16233,United Kingdom,False
489818,21257,2,7.95,15.9,2009-12-02 13:23:00,2009-12-02,16233,United Kingdom,False
489818,21258,8,10.95,87.6,2009-12-02 13:23:00,2009-12-02,16233,United Kingdom,False
489818,22145,6,2.1,12.6,2009-12-02 13:23:00,2009-12-02,16233,United Kingdom,False
489818,21035,6,2.95,17.7,2009-12-02 13:23:00,2009-12-02,16233,United Kingdom,False
489818,22113,4,3.45,13.8,2009-12-02 13:23:00,2009-12-02,16233,United Kingdom,False
489818,84029E,4,3.75,15.0,2009-12-02 13:23:00,2009-12-02,16233,United Kingdom,False
489821,85049G,-240,0.0,-0.0,2009-12-02 13:25:00,2009-12-02,GUEST,United Kingdom,False
489822,21484,1,3.45,3.45,2009-12-02 13:26:00,2009-12-02,14204,United Kingdom,False
489822,22097,4,1.25,5.0,2009-12-02 13:26:00,2009-12-02,14204,United Kingdom,False
489822,21428,1,4.25,4.25,2009-12-02 13:26:00,2009-12-02,14204,United Kingdom,False
489822,22114,1,3.95,3.95,2009-12-02 13:26:00,2009-12-02,14204,United Kingdom,False
489822,21482,1,2.95,2.95,2009-12-02 13:26:00,2009-12-02,14204,United Kingdom,False
489822,22125,1,5.95,5.95,2009-12-02 13:26:00,2009-12-02,14204,United Kingdom,False
489822,21480,1,2.95,2.95,2009-12-02 13:26:00,2009-12-02,14204,United Kingdom,False
489822,21485,1,4.95,4.95,2009-12-02 13:26:00,2009-12-02,14204,United Kingdom,False
489822,22111,2,4.95,9.9,2009-12-02 13:26:00,2009-12-02,14204,United Kingdom,False
489822,21733,1,2.95,2.95,2009-12-02 13:26:00,2009-12-02,14204,United Kingdom,False
489822,90062,8,12.75,102.0,2009-12-02 13:26:00,2009-12-02,14204,United Kingdom,False
489822,84656,1,5.95,5.95,2009-12-02 13:26:00,2009-12-02,14204,United Kingdom,False
489822,84879,2,1.69,3.38,2009-12-02 13:26:00,2009-12-02,14204,United Kingdom,False
489822,22138,1,4.95,4.95,2009-12-02 13:26:00,2009-12-02,14204,United Kingdom,False
489822,22139,4,4.95,19.8,2009-12-02 13:26:00,2009-12-02,14204,United Kingdom,False
489822,21034,4,0.95,3.8,2009-12-02 13:26:00,2009-12-02,14204,United Kingdom,False
489822,90125E,1,2.1,2.1,2009-12-02 13:26:00,2009-12-02,14204,United Kingdom,False
489822,90125A,3,2.1,6.3,2009-12-02 13:26:00,2009-12-02,14204,United Kingdom,False
489822,90129B,3,2.95,8.85,2009-12-02 13:26:00,2009-12-02,14204,United Kingdom,False
489822,90125D,4,2.1,8.4,2009-12-02 13:26:00,2009-12-02,14204,United Kingdom,False
489822,47505,2,4.95,9.9,2009-12-02 13:26:00,2009-12-02,14204,United Kingdom,False
489822,21552,1,5.95,5.95,2009-12-02 13:26:00,2009-12-02,14204,United Kingdom,False
489822,21912,1,3.75,3.75,2009-12-02 13:26:00,2009-12-02,14204,United Kingdom,False
489822,84855,2,4.95,9.9,2009-12-02 13:26:00,2009-12-02,14204,United Kingdom,False
489822,85136A,1,7.95,7.95,2009-12-02 13:26:00,2009-12-02,14204,United Kingdom,False
489822,35918B,2,1.25,2.5,2009-12-02 13:26:00,2009-12-02,14204,United Kingdom,False
489822,84874B,1,1.65,1.65,2009-12-02 13:26:00,2009-12-02,14204,United Kingdom,False
489822,72754D,1,1.69,1.69,2009-12-02 13:26:00,2009-12-02,14204,United Kingdom,False
489822,20818,1,3.75,3.75,2009-12-02 13:26:00,2009-12-02,14204,United Kingdom,False
489822,20975,2,0.65,1.3,2009-12-02 13:26:00,2009-12-02,14204,United Kingdom,False
489822,18007,5,0.18,0.9,2009-12-02 13:26:00,2009-12-02,14204,United Kingdom,False
489822,85211,2,1.65,3.3,2009-12-02 13:26:00,2009-12-02,14204,United Kingdom,False
489822,85097B,1,3.75,3.75,2009-12-02 13:26:00,2009-12-02,14204,United Kingdom,False
489822,21725,2,0.85,1.7,2009-12-02 13:26:00,2009-12-02,14204,United Kingdom,False
489822,84901,1,3.75,3.75,2009-12-02 13:26:00,2009-12-02,14204,United Kingdom,False
489822,84671B,1,2.55,2.55,2009-12-02 13:26:00,2009-12-02,14204,United Kingdom,False
489822,48173C,2,6.75,13.5,2009-12-02 13:26:00,2009-12-02,14204,United Kingdom,False
489822,85185C,1,2.95,2.95,2009-12-02 13:26:00,2009-12-02,14204,United Kingdom,False
489822,85112,1,1.25,1.25,2009-12-02 13:26:00,2009-12-02,14204,United Kingdom,False
489822,85049A,2,1.25,2.5,2009-12-02 13:26:00,2009-12-02,14204,United Kingdom,False
489822,85049B,4,1.25,5.0,2009-12-02 13:26:00,2009-12-02,14204,United Kingdom,False
489822,85049F,2,1.25,2.5,2009-12-02 13:26:00,2009-12-02,14204,United Kingdom,False
489822,20724,1,0.85,0.85,2009-12-02 13:26:00,2009-12-02,14204,United Kingdom,False
489822,21551,1,5.95,5.95,2009-12-02 13:26:00,2009-12-02,14204,United Kingdom,False
489822,85040B,1,1.65,1.65,2009-12-02 13:26:00,2009-12-02,14204,United Kingdom,False
489822,84012,2,2.55,5.1,2009-12-02 13:26:00,2009-12-02,14204,United Kingdom,False
489822,84007,1,2.55,2.55,2009-12-02 13:26:00,2009-12-02,14204,United Kingdom,False
489822,20750,1,7.95,7.95,2009-12-02 13:26:00,2009-12-02,14204,United Kingdom,False
489822,84497,2,3.75,7.5,2009-12-02 13:26:00,2009-12-02,14204,United Kingdom,False
489822,84625C,4,2.95,11.8,2009-12-02 13:26:00,2009-12-02,14204,United Kingdom,False
489822,84854,3,4.95,14.85,2009-12-02 13:26:00,2009-12-02,14204,United Kingdom,False
489822,20829,2,2.1,4.2,2009-12-02 13:26:00,2009-12-02,14204,United Kingdom,False
489822,21041,1,2.95,2.95,2009-12-02 13:26:00,2009-12-02,14204,United Kingdom,False
489822,85113,1,2.1,2.1,2009-12-02 13:26:00,2009-12-02,14204,United Kingdom,False
489823,22271,6,2.95,17.7,2009-12-02 13:32:00,2009-12-02,17606,United Kingdom,False
489823,22272,6,2.95,17.7,2009-12-02 13:32:00,2009-12-02,17606,United Kingdom,False
489823,47592A,6,2.1,12.6,2009-12-02 13:32:00,2009-12-02,17606,United Kingdom,False
489823,47593B,12,1.25,15.0,2009-12-02 13:32:00,2009-12-02,17606,United Kingdom,False
489823,22150,6,1.95,11.7,2009-12-02 13:32:00,2009-12-02,17606,United Kingdom,False
489823,85053,6,2.1,12.6,2009-12-02 13:32:00,2009-12-02,17606,United Kingdom,False
489824,20914,1,2.95,2.95,2009-12-02 13:33:00,2009-12-02,16797,United Kingdom,False
489824,20913,1,2.95,2.95,2009-12-02 13:33:00,2009-12-02,16797,United Kingdom,False
489824,21159,3,1.45,4.35,2009-12-02 13:33:00,2009-12-02,16797,United Kingdom,False
489824,47556B,1,2.95,2.95,2009-12-02 13:33:00,2009-12-02,16797,United Kingdom,False
489824,85150,1,2.55,2.55,2009-12-02 13:33:00,2009-12-02,16797,United Kingdom,False
489824,82582,1,2.1,2.1,2009-12-02 13:33:00,2009-12-02,16797,United Kingdom,False
489824,82600,1,2.1,2.1,2009-12-02 13:33:00,2009-12-02,16797,United Kingdom,False
489824,21163,1,1.45,1.45,2009-12-02 13:33:00,2009-12-02,16797,United Kingdom,False
489824,21158,2,1.45,2.9,2009-12-02 13:33:00,2009-12-02,16797,United Kingdom,False
489824,21173,1,1.65,1.65,2009-12-02 13:33:00,2009-12-02,16797,United Kingdom,False
489824,20725,4,1.65,6.6,2009-12-02 13:33:00,2009-12-02,16797,United Kingdom,False
489824,47420,1,0.19,0.19,2009-12-02 13:33:00,2009-12-02,16797,United Kingdom,False
489824,22198,6,1.65,9.9,2009-12-02 13:33:00,2009-12-02,16797,United Kingdom,False
489824,22197,10,0.85,8.5,2009-12-02 13:33:00,2009-12-02,16797,United Kingdom,False
489824,22348,2,0.85,1.7,2009-12-02 13:33:00,2009-12-02,16797,United Kingdom,False
489824,21243,1,1.69,1.69,2009-12-02 13:33:00,2009-12-02,16797,United Kingdom,False
489824,21244,1,1.69,1.69,2009-12-02 13:33:00,2009-12-02,16797,United Kingdom,False
489824,22170,1,6.75,6.75,2009-12-02 13:33:00,2009-12-02,16797,United Kingdom,False
489824,20977,2,1.25,2.5,2009-12-02 13:33:00,2009-12-02,16797,United Kingdom,False
489824,20981,2,0.85,1.7,2009-12-02 13:33:00,2009-12-02,16797,United Kingdom,False
489824,22196,3,0.85,2.55,2009-12-02 13:33:00,2009-12-02,16797,United Kingdom,False
489824,21114,5,1.25,6.25,2009-12-02 13:33:00,2009-12-02,16797,United Kingdom,False
489824,21557,1,2.95,2.95,2009-12-02 13:33:00,2009-12-02,16797,United Kingdom,False
489824,22212,1,2.1,2.1,2009-12-02 13:33:00,2009-12-02,16797,United Kingdom,False
489824,37506,1,5.95,5.95,2009-12-02 13:33:00,2009-12-02,16797,United Kingdom,False
489824,37508,1,2.55,2.55,2009-12-02 13:33:00,2009-12-02,16797,United Kingdom,False
489824,22349,1,3.75,3.75,2009-12-02 13:33:00,2009-12-02,16797,United Kingdom,False
489824,22055,1,1.65,1.65,2009-12-02 13:33:00,2009-12-02,16797,United Kingdom,False
489824,22128,6,1.25,7.5,2009-12-02 13:33:00,2009-12-02,16797,United Kingdom,False
489824,22127,6,1.25,7.5,2009-12-02 13:33:00,2009-12-02,16797,United Kingdom,False
489824,22215,1,8.5,8.5,2009-12-02 13:33:00,2009-12-02,16797,United Kingdom,False
489824,21232,2,1.25,2.5,2009-12-02 13:33:00,2009-12-02,16797,United Kingdom,False
489824,21231,2,1.25,2.5,2009-12-02 13:33:00,2009-12-02,16797,United Kingdom,False
489824,20712,1,1.95,1.95,2009-12-02 13:33:00,2009-12-02,16797,United Kingdom,False
489824,72529W,1,2.12,2.12,2009-12-02 13:33:00,2009-12-02,16797,United Kingdom,False
489824,72815,4,3.75,15.0,2009-12-02 13:33:00,2009-12-02,16797,United Kingdom,False
489824,21240,1,0.85,0.85,2009-12-02 13:33:00,2009-12-02,16797,United Kingdom,False
489824,22347,2,1.25,2.5,2009-12-02 13:33:00,2009-12-02,16797,United Kingdom,False
489824,22129,12,0.85,10.2,2009-12-02 13:33:00,2009-12-02,16797,United Kingdom,False
489824,22030,12,0.42,5.04,2009-12-02 13:33:00,2009-12-02,16797,United Kingdom,False
489824,22130,12,0.85,10.2,2009-12-02 13:33:00,2009-12-02,16797,United Kingdom,False
489824,20975,2,0.65,1.3,2009-12-02 13:33:00,2009-12-02,16797,United Kingdom,False
489824,20982,2,0.85,1.7,2009-12-02 13:33:00,2009-12-02,16797,United Kingdom,False
489824,20974,4,0.65,2.6,2009-12-02 13:33:00,2009-12-02,16797,United Kingdom,False
489825,20972,24,1.25,30.0,2009-12-02 13:34:00,2009-12-02,16126,United Kingdom,False
489825,20971,24,1.25,30.0,2009-12-02 13:34:00,2009-12-02,16126,United Kingdom,False
489825,22147,12,1.45,17.4,2009-12-02 13:34:00,2009-12-02,16126,United Kingdom,False
489825,22076,12,0.0,0.0,2009-12-02 13:34:00,2009-12-02,16126,United Kingdom,False
489825,22322,12,0.85,10.2,2009-12-02 13:34:00,2009-12-02,16126,United Kingdom,False
489825,22321,12,0.85,10.2,2009-12-02 13:34:00,2009-12-02,16126,United Kingdom,False
489825,21843,1,10.95,10.95,2009-12-02 13:34:00,2009-12-02,16126,United Kingdom,False
489825,21632,1,12.75,12.75,2009-12-02 13:34:00,2009-12-02,16126,United Kingdom,False
489825,72760B,2,9.95,19.9,2009-12-02 13:34:00,2009-12-02,16126,United Kingdom,False
489825,21837,3,5.95,17.85,2009-12-02 13:34:00,2009-12-02,16126,United Kingdom,False
489825,22138,3,4.95,14.85,2009-12-02 13:34:00,2009-12-02,16126,United Kingdom,False
489826,15056BL,1,5.95,5.95,2009-12-02 13:39:00,2009-12-02,17867,United Kingdom,False
489826,21163,1,1.45,1.45,2009-12-02 13:39:00,2009-12-02,17867,United Kingdom,False
489826,21162,1,1.45,1.45,2009-12-02 13:39:00,2009-12-02,17867,United Kingdom,False
489826,21993,2,2.95,5.9,2009-12-02 13:39:00,2009-12-02,17867,United Kingdom,False
489826,47503F,2,1.65,3.3,2009-12-02 13:39:00,2009-12-02,17867,United Kingdom,False
489826,47503G,2,1.25,2.5,2009-12-02 13:39:00,2009-12-02,17867,United Kingdom,False
489826,22097,4,1.25,5.0,2009-12-02 13:39:00,2009-12-02,17867,United Kingdom,False
489826,84620,1,5.95,5.95,2009-12-02 13:39:00,2009-12-02,17867,United Kingdom,False
489826,84619,1,45.95,45.95,2009-12-02 13:39:00,2009-12-02,17867,United Kingdom,False
489826,72802B,2,4.25,8.5,2009-12-02 13:39:00,2009-12-02,17867,United Kingdom,False
489827,22341,12,1.65,19.8,2009-12-02 13:51:00,2009-12-02,17412,United Kingdom,False
489827,22342,12,1.65,19.8,2009-12-02 13:51:00,2009-12-02,17412,United Kingdom,False
489827,22340,12,1.65,19.8,2009-12-02 13:51:00,2009-12-02,17412,United Kingdom,False
489827,22130,24,0.85,20.4,2009-12-02 13:51:00,2009-12-02,17412,United Kingdom,False
489827,72817,12,1.25,15.0,2009-12-02 13:51:00,2009-12-02,17412,United Kingdom,False
489827,72818,12,0.85,10.2,2009-12-02 13:51:00,2009-12-02,17412,United Kingdom,False
489827,21490,12,1.95,23.4,2009-12-02 13:51:00,2009-12-02,17412,United Kingdom,False
489827,21491,12,1.95,23.4,2009-12-02 13:51:00,2009-12-02,17412,United Kingdom,False
489827,21493,12,0.85,10.2,2009-12-02 13:51:00,2009-12-02,17412,United Kingdom,False
489827,85018D,12,2.55,30.6,2009-12-02 13:51:00,2009-12-02,17412,United Kingdom,False
489827,22356,20,0.85,17.0,2009-12-02 13:51:00,2009-12-02,17412,United Kingdom,False
489827,20724,20,0.85,17.0,2009-12-02 13:51:00,2009-12-02,17412,United Kingdom,False
489827,84970L,24,0.95,22.8,2009-12-02 13:51:00,2009-12-02,17412,United Kingdom,False
489827,22186,6,2.95,17.7,2009-12-02 13:51:00,2009-12-02,17412,United Kingdom,False
489827,22337,24,0.65,15.6,2009-12-02 13:51:00,2009-12-02,17412,United Kingdom,False
489827,22335,24,0.65,15.6,2009-12-02 13:51:00,2009-12-02,17412,United Kingdom,False
489827,22336,24,0.65,15.6,2009-12-02 13:51:00,2009-12-02,17412,United Kingdom,False
489827,22338,24,0.65,15.6,2009-12-02 13:51:00,2009-12-02,17412,United Kingdom,False
489827,22339,24,0.65,15.6,2009-12-02 13:51:00,2009-12-02,17412,United Kingdom,False
489827,22187,4,4.25,17.0,2009-12-02 13:51:00,2009-12-02,17412,United Kingdom,False
489827,21098,24,1.25,30.0,2009-12-02 13:51:00,2009-12-02,17412,United Kingdom,False
489827,35793,8,2.95,23.6,2009-12-02 13:51:00,2009-12-02,17412,United Kingdom,False
489827,22294,24,1.25,30.0,2009-12-02 13:51:00,2009-12-02,17412,United Kingdom,False
489829,85231L,72,0.85,61.2,2009-12-02 13:53:00,2009-12-02,16525,United Kingdom,False
489829,21256,48,1.45,69.6,2009-12-02 13:53:00,2009-12-02,16525,United Kingdom,False
489829,22189,36,3.39,122.04,2009-12-02 13:53:00,2009-12-02,16525,United Kingdom,False
489829,21768,1,14.95,14.95,2009-12-02 13:53:00,2009-12-02,16525,United Kingdom,False
489829,82482,36,2.1,75.6,2009-12-02 13:53:00,2009-12-02,16525,United Kingdom,False
489829,72008,24,0.42,10.08,2009-12-02 13:53:00,2009-12-02,16525,United Kingdom,False
489829,48129,10,5.95,59.5,2009-12-02 13:53:00,2009-12-02,16525,United Kingdom,False
489829,48187,10,5.95,59.5,2009-12-02 13:53:00,2009-12-02,16525,United Kingdom,False
C489828,72807C,-2,4.25,-8.5,2009-12-02 13:53:00,2009-12-02,13313,United Kingdom,True
489830,90200C,5,4.25,21.25,2009-12-02 13:57:00,2009-12-02,13623,United Kingdom,False
489830,90148,2,12.75,25.5,2009-12-02 13:57:00,2009-12-02,13623,United Kingdom,False
489830,90200D,5,4.25,21.25,2009-12-02 13:57:00,2009-12-02,13623,United Kingdom,False
489830,90200A,5,4.25,21.25,2009-12-02 13:57:00,2009-12-02,13623,United Kingdom,False
489830,90139,2,4.95,9.9,2009-12-02 13:57:00,2009-12-02,13623,United Kingdom,False
489830,90203,3,7.5,22.5,2009-12-02 13:57:00,2009-12-02,13623,United Kingdom,False
489830,90180A,3,9.95,29.85,2009-12-02 13:57:00,2009-12-02,13623,United Kingdom,False
489830,90147,2,9.95,19.9,2009-12-02 13:57:00,2009-12-02,13623,United Kingdom,False
489830,90155,1,7.5,7.5,2009-12-02 13:57:00,2009-12-02,13623,United Kingdom,False
489830,84688,1,4.25,4.25,2009-12-02 13:57:00,2009-12-02,13623,United Kingdom,False
489830,84406B,1,3.25,3.25,2009-12-02 13:57:00,2009-12-02,13623,United Kingdom,False
489830,21917,1,0.42,0.42,2009-12-02 13:57:00,2009-12-02,13623,United Kingdom,False
489830,22294,1,1.25,1.25,2009-12-02 13:57:00,2009-12-02,13623,United Kingdom,False
489830,22295,1,1.65,1.65,2009-12-02 13:57:00,2009-12-02,13623,United Kingdom,False
489830,21390,1,1.25,1.25,2009-12-02 13:57:00,2009-12-02,13623,United Kingdom,False
489830,21212,2,0.55,1.1,2009-12-02 13:57:00,2009-12-02,13623,United Kingdom,False
489830,20914,1,2.95,2.95,2009-12-02 13:57:00,2009-12-02,13623,United Kingdom,False
489830,22086,1,2.95,2.95,2009-12-02 13:57:00,2009-12-02,13623,United Kingdom,False
489830,85123A,1,2.95,2.95,2009-12-02 13:57:00,2009-12-02,13623,United Kingdom,False
489830,21356,1,1.25,1.25,2009-12-02 13:57:00,2009-12-02,13623,United Kingdom,False
489830,11001,2,1.69,3.38,2009-12-02 13:57:00,2009-12-02,13623,United Kingdom,False
489830,72800E,1,2.55,2.55,2009-12-02 13:57:00,2009-12-02,13623,United Kingdom,False
489830,21357,1,1.25,1.25,2009-12-02 13:57:00,2009-12-02,13623,United Kingdom,False
489830,35809B,1,2.1,2.1,2009-12-02 13:57:00,2009-12-02,13623,United Kingdom,False
489830,35810B,1,2.1,2.1,2009-12-02 13:57:00,2009-12-02,13623,United Kingdom,False
489830,90214S,1,1.25,1.25,2009-12-02 13:57:00,2009-12-02,13623,United Kingdom,False
489830,90214A,1,1.25,1.25,2009-12-02 13:57:00,2009-12-02,13623,United Kingdom,False
489830,21618,2,3.75,7.5,2009-12-02 13:57:00,2009-12-02,13623,United Kingdom,False
489830,21588,3,2.55,7.65,2009-12-02 13:57:00,2009-12-02,13623,United Kingdom,False
489830,72756,36,1.49,53.64,2009-12-02 13:57:00,2009-12-02,13623,United Kingdom,False
489830,20914,6,2.95,17.7,2009-12-02 13:57:00,2009-12-02,13623,United Kingdom,False
489830,22348,1,0.85,0.85,2009-12-02 13:57:00,2009-12-02,13623,United Kingdom,False
489830,21916,2,0.42,0.84,2009-12-02 13:57:00,2009-12-02,13623,United Kingdom,False
489830,21396,1,1.25,1.25,2009-12-02 13:57:00,2009-12-02,13623,United Kingdom,False
489830,84991,5,0.55,2.75,2009-12-02 13:57:00,2009-12-02,13623,United Kingdom,False
489830,18007,5,0.18,0.9,2009-12-02 13:57:00,2009-12-02,13623,United Kingdom,False
489830,22350,2,2.55,5.1,2009-12-02 13:57:00,2009-12-02,13623,United Kingdom,False
489830,21357,2,1.25,2.5,2009-12-02 13:57:00,2009-12-02,13623,United Kingdom,False
489830,21592,1,1.25,1.25,2009-12-02 13:57:00,2009-12-02,13623,United Kingdom,False
489830,21356,2,1.25,2.5,2009-12-02 13:57:00,2009-12-02,13623,United Kingdom,False
489830,22068,1,1.65,1.65,2009-12-02 13:57:00,2009-12-02,13623,United Kingdom,False
489830,11001,64,1.69,108.16,2009-12-02 13:57:00,2009-12-02,13623,United Kingdom,False
489830,21212,10,0.55,5.5,2009-12-02 13:57:00,2009-12-02,13623,United Kingdom,False
489830,22061,1,9.95,9.95,2009-12-02 13:57:00,2009-12-02,13623,United Kingdom,False
489830,21784,1,9.95,9.95,2009-12-02 13:57:00,2009-12-02,13623,United Kingdom,False
489830,21755,1,5.95,5.95,2009-12-02 13:57:00,2009-12-02,13623,United Kingdom,False
489830,21154,2,1.25,2.5,2009-12-02 13:57:00,2009-12-02,13623,United Kingdom,False
489830,22086,1,2.95,2.95,2009-12-02 13:57:00,2009-12-02,13623,United Kingdom,False
489830,22112,2,4.95,9.9,2009-12-02 13:57:00,2009-12-02,13623,United Kingdom,False
489830,22113,3,3.45,10.35,2009-12-02 13:57:00,2009-12-02,13623,United Kingdom,False
489830,21755,1,5.95,5.95,2009-12-02 13:57:00,2009-12-02,13623,United Kingdom,False
489830,22064,1,1.65,1.65,2009-12-02 13:57:00,2009-12-02,13623,United Kingdom,False
489830,21210,2,1.45,2.9,2009-12-02 13:57:00,2009-12-02,13623,United Kingdom,False
489830,21034,2,0.95,1.9,2009-12-02 13:57:00,2009-12-02,13623,United Kingdom,False
489830,21972,2,1.45,2.9,2009-12-02 13:57:00,2009-12-02,13623,United Kingdom,False
489830,21211,2,1.45,2.9,2009-12-02 13:57:00,2009-12-02,13623,United Kingdom,False
489830,84987,1,1.45,1.45,2009-12-02 13:57:00,2009-12-02,13623,United Kingdom,False
489830,84988,1,1.45,1.45,2009-12-02 13:57:00,2009-12-02,13623,United Kingdom,False
489830,90002E,2,3.75,7.5,2009-12-02 13:57:00,2009-12-02,13623,United Kingdom,False
489830,90002B,2,3.75,7.5,2009-12-02 13:57:00,2009-12-02,13623,United Kingdom,False
489830,90002D,2,3.75,7.5,2009-12-02 13:57:00,2009-12-02,13623,United Kingdom,False
489830,90002C,2,3.75,7.5,2009-12-02 13:57:00,2009-12-02,13623,United Kingdom,False
489830,90175D,2,8.95,17.9,2009-12-02 13:57:00,2009-12-02,13623,United Kingdom,False
489830,90145,3,5.95,17.85,2009-12-02 13:57:00,2009-12-02,13623,United Kingdom,False
489830,90200B,5,4.25,21.25,2009-12-02 13:57:00,2009-12-02,13623,United Kingdom,False
489830,90190A,1,2.95,2.95,2009-12-02 13:57:00,2009-12-02,13623,United Kingdom,False
489830,90072,2,3.75,7.5,2009-12-02 13:57:00,2009-12-02,13623,United Kingdom,False
489830,90073,2,4.95,9.9,2009-12-02 13:57:00,2009-12-02,13623,United Kingdom,False
489830,90200E,5,4.25,21.25,2009-12-02 13:57:00,2009-12-02,13623,United Kingdom,False
489831,84347,480,2.1,1008.0,2009-12-02 13:58:00,2009-12-02,12435,Denmark,False
489832,21430,2,3.75,7.5,2009-12-02 14:06:00,2009-12-02,14549,United Kingdom,False
489832,84535A,4,0.65,2.6,2009-12-02 14:06:00,2009-12-02,14549,United Kingdom,False
489832,84535B,2,0.65,1.3,2009-12-02 14:06:00,2009-12-02,14549,United Kingdom,False
489832,84536B,2,0.42,0.84,2009-12-02 14:06:00,2009-12-02,14549,United Kingdom,False
489832,85099F,2,1.95,3.9,2009-12-02 14:06:00,2009-12-02,14549,United Kingdom,False
489832,84536A,4,0.42,1.68,2009-12-02 14:06:00,2009-12-02,14549,United Kingdom,False
489832,20713,2,1.95,3.9,2009-12-02 14:06:00,2009-12-02,14549,United Kingdom,False
489832,20712,2,1.95,3.9,2009-12-02 14:06:00,2009-12-02,14549,United Kingdom,False
489832,21928,2,1.95,3.9,2009-12-02 14:06:00,2009-12-02,14549,United Kingdom,False
489832,21929,2,1.95,3.9,2009-12-02 14:06:00,2009-12-02,14549,United Kingdom,False
489832,85099C,4,1.95,7.8,2009-12-02 14:06:00,2009-12-02,14549,United Kingdom,False
489832,85099B,4,1.95,7.8,2009-12-02 14:06:00,2009-12-02,14549,United Kingdom,False
489832,47570,1,10.65,10.65,2009-12-02 14:06:00,2009-12-02,14549,United Kingdom,False
489832,22086,3,2.95,8.85,2009-12-02 14:06:00,2009-12-02,14549,United Kingdom,False
489832,21931,4,1.95,7.8,2009-12-02 14:06:00,2009-12-02,14549,United Kingdom,False
489832,22355,2,0.85,1.7,2009-12-02 14:06:00,2009-12-02,14549,United Kingdom,False
489832,48195,1,6.75,6.75,2009-12-02 14:06:00,2009-12-02,14549,United Kingdom,False
489832,84247K,2,2.95,5.9,2009-12-02 14:06:00,2009-12-02,14549,United Kingdom,False
489832,84247C,1,2.95,2.95,2009-12-02 14:06:00,2009-12-02,14549,United Kingdom,False
489832,22075,2,1.65,3.3,2009-12-02 14:06:00,2009-12-02,14549,United Kingdom,False
489832,85049A,1,1.25,1.25,2009-12-02 14:06:00,2009-12-02,14549,United Kingdom,False
489832,21493,2,0.85,1.7,2009-12-02 14:06:00,2009-12-02,14549,United Kingdom,False
489832,21704,2,0.85,1.7,2009-12-02 14:06:00,2009-12-02,14549,United Kingdom,False
489832,21705,2,1.65,3.3,2009-12-02 14:06:00,2009-12-02,14549,United Kingdom,False
489832,21164,1,2.95,2.95,2009-12-02 14:06:00,2009-12-02,14549,United Kingdom,False
489832,22111,3,4.95,14.85,2009-12-02 14:06:00,2009-12-02,14549,United Kingdom,False
489832,84987,1,1.45,1.45,2009-12-02 14:06:00,2009-12-02,14549,United Kingdom,False
489832,22173,2,2.95,5.9,2009-12-02 14:06:00,2009-12-02,14549,United Kingdom,False
489832,47591C,1,1.95,1.95,2009-12-02 14:06:00,2009-12-02,14549,United Kingdom,False
489832,47591D,2,1.95,3.9,2009-12-02 14:06:00,2009-12-02,14549,United Kingdom,False
489832,21156,1,1.95,1.95,2009-12-02 14:06:00,2009-12-02,14549,United Kingdom,False
489832,84991,2,0.55,1.1,2009-12-02 14:06:00,2009-12-02,14549,United Kingdom,False
489832,21080,3,0.85,2.55,2009-12-02 14:06:00,2009-12-02,14549,United Kingdom,False
489832,84520D,3,0.85,2.55,2009-12-02 14:06:00,2009-12-02,14549,United Kingdom,False
489832,84520B,3,0.85,2.55,2009-12-02 14:06:00,2009-12-02,14549,United Kingdom,False
489832,82482,2,2.55,5.1,2009-12-02 14:06:00,2009-12-02,14549,United Kingdom,False
489832,22280,2,2.1,4.2,2009-12-02 14:06:00,2009-12-02,14549,United Kingdom,False
489832,22279,2,2.1,4.2,2009-12-02 14:06:00,2009-12-02,14549,United Kingdom,False
489832,22276,2,2.55,5.1,2009-12-02 14:06:00,2009-12-02,14549,United Kingdom,False
489832,22115,2,2.95,5.9,2009-12-02 14:06:00,2009-12-02,14549,United Kingdom,False
489832,21164,1,2.95,2.95,2009-12-02 14:06:00,2009-12-02,14549,United Kingdom,False
489832,47568,2,2.1,4.2,2009-12-02 14:06:00,2009-12-02,14549,United Kingdom,False
489832,20829,4,2.1,8.4,2009-12-02 14:06:00,2009-12-02,14549,United Kingdom,False
489832,21491,2,1.95,3.9,2009-12-02 14:06:00,2009-12-02,14549,United Kingdom,False
489832,21490,2,1.95,3.9,2009-12-02 14:06:00,2009-12-02,14549,United Kingdom,False
489832,47566B,4,4.65,18.6,2009-12-02 14:06:00,2009-12-02,14549,United Kingdom,False
489832,47566,5,4.65,23.25,2009-12-02 14:06:00,2009-12-02,14549,United Kingdom,False
489832,21621,4,8.5,34.0,2009-12-02 14:06:00,2009-12-02,14549,United Kingdom,False
489832,79067,1,3.75,3.75,2009-12-02 14:06:00,2009-12-02,14549,United Kingdom,False
489832,22107,1,3.75,3.75,2009-12-02 14:06:00,2009-12-02,14549,United Kingdom,False
489832,22095,1,1.25,1.25,2009-12-02 14:06:00,2009-12-02,14549,United Kingdom,False
489832,21465,1,3.75,3.75,2009-12-02 14:06:00,2009-12-02,14549,United Kingdom,False
489832,21468,1,3.75,3.75,2009-12-02 14:06:00,2009-12-02,14549,United Kingdom,False
489832,22138,2,4.95,9.9,2009-12-02 14:06:00,2009-12-02,14549,United Kingdom,False
489832,22139,4,4.95,19.8,2009-12-02 14:06:00,2009-12-02,14549,United Kingdom,False
489834,21217,24,8.95,214.8,2009-12-02 14:09:00,2009-12-02,14106,United Kingdom,False
489833,85185C,1,2.95,2.95,2009-12-02 14:09:00,2009-12-02,14980,United Kingdom,False
489833,85185F,1,2.95,2.95,2009-12-02 14:09:00,2009-12-02,14980,United Kingdom,False
489833,84270,30,0.21,6.3,2009-12-02 14:09:00,2009-12-02,14980,United Kingdom,False
489833,21482,1,2.95,2.95,2009-12-02 14:09:00,2009-12-02,14980,United Kingdom,False
489833,85123A,8,2.95,23.6,2009-12-02 14:09:00,2009-12-02,14980,United Kingdom,False
489833,21154,2,1.25,2.5,2009-12-02 14:09:00,2009-12-02,14980,United Kingdom,False
489833,21035,1,2.95,2.95,2009-12-02 14:09:00,2009-12-02,14980,United Kingdom,False
489833,85014D,1,5.95,5.95,2009-12-02 14:09:00,2009-12-02,14980,United Kingdom,False
489833,21754,1,5.95,5.95,2009-12-02 14:09:00,2009-12-02,14980,United Kingdom,False
489833,21108,2,2.55,5.1,2009-12-02 14:09:00,2009-12-02,14980,United Kingdom,False
489833,21655,2,1.69,3.38,2009-12-02 14:09:00,2009-12-02,14980,United Kingdom,False
489833,47556,1,2.55,2.55,2009-12-02 14:09:00,2009-12-02,14980,United Kingdom,False
489833,20718,1,1.25,1.25,2009-12-02 14:09:00,2009-12-02,14980,United Kingdom,False
489833,21231,2,1.25,2.5,2009-12-02 14:09:00,2009-12-02,14980,United Kingdom,False
489833,22142,6,1.45,8.7,2009-12-02 14:09:00,2009-12-02,14980,United Kingdom,False
489833,22143,4,2.1,8.4,2009-12-02 14:09:00,2009-12-02,14980,United Kingdom,False
489833,79323P,1,6.75,6.75,2009-12-02 14:09:00,2009-12-02,14980,United Kingdom,False
489833,79323W,3,6.75,20.25,2009-12-02 14:09:00,2009-12-02,14980,United Kingdom,False
489833,22275,1,8.5,8.5,2009-12-02 14:09:00,2009-12-02,14980,United Kingdom,False
489833,85099B,3,1.95,5.85,2009-12-02 14:09:00,2009-12-02,14980,United Kingdom,False
489833,21034,1,0.95,0.95,2009-12-02 14:09:00,2009-12-02,14980,United Kingdom,False
489833,84837,1,12.75,12.75,2009-12-02 14:09:00,2009-12-02,14980,United Kingdom,False
489833,85231B,4,0.85,3.4,2009-12-02 14:09:00,2009-12-02,14980,United Kingdom,False
489833,72802A,1,4.25,4.25,2009-12-02 14:09:00,2009-12-02,14980,United Kingdom,False
489835,22083,80,2.55,204.0,2009-12-02 14:15:00,2009-12-02,15061,United Kingdom,False
489835,22086,200,2.55,510.0,2009-12-02 14:15:00,2009-12-02,15061,United Kingdom,False
489837,22210,4,1.65,6.6,2009-12-02 14:21:00,2009-12-02,14396,United Kingdom,False
489837,22208,4,1.65,6.6,2009-12-02 14:21:00,2009-12-02,14396,United Kingdom,False
489837,22211,4,1.65,6.6,2009-12-02 14:21:00,2009-12-02,14396,United Kingdom,False
489837,84558A,4,2.95,11.8,2009-12-02 14:21:00,2009-12-02,14396,United Kingdom,False
489837,20980,4,1.25,5.0,2009-12-02 14:21:00,2009-12-02,14396,United Kingdom,False
489837,20979,4,1.25,5.0,2009-12-02 14:21:00,2009-12-02,14396,United Kingdom,False
489837,20977,4,1.25,5.0,2009-12-02 14:21:00,2009-12-02,14396,United Kingdom,False
489837,84818,3,2.55,7.65,2009-12-02 14:21:00,2009-12-02,14396,United Kingdom,False
489837,82482,4,2.55,10.2,2009-12-02 14:21:00,2009-12-02,14396,United Kingdom,False
489837,22150,3,1.95,5.85,2009-12-02 14:21:00,2009-12-02,14396,United Kingdom,False
489837,22147,3,1.45,4.35,2009-12-02 14:21:00,2009-12-02,14396,United Kingdom,False
489837,22145,3,2.1,6.3,2009-12-02 14:21:00,2009-12-02,14396,United Kingdom,False
489837,16237,10,0.21,2.1,2009-12-02 14:21:00,2009-12-02,14396,United Kingdom,False
489837,85042,2,4.95,9.9,2009-12-02 14:21:00,2009-12-02,14396,United Kingdom,False
489837,85047,3,6.35,19.05,2009-12-02 14:21:00,2009-12-02,14396,United Kingdom,False
489837,21671,6,1.25,7.5,2009-12-02 14:21:00,2009-12-02,14396,United Kingdom,False
489837,21670,6,1.25,7.5,2009-12-02 14:21:00,2009-12-02,14396,United Kingdom,False
489837,21670,6,1.25,7.5,2009-12-02 14:21:00,2009-12-02,14396,United Kingdom,False
489837,21668,6,1.25,7.5,2009-12-02 14:21:00,2009-12-02,14396,United Kingdom,False
489837,21350,4,2.95,11.8,2009-12-02 14:21:00,2009-12-02,14396,United Kingdom,False
489837,79323W,3,6.75,20.25,2009-12-02 14:21:00,2009-12-02,14396,United Kingdom,False
489837,79323LP,2,6.75,13.5,2009-12-02 14:21:00,2009-12-02,14396,United Kingdom,False
489837,21353,3,7.95,23.85,2009-12-02 14:21:00,2009-12-02,14396,United Kingdom,False
489837,21010,6,1.25,7.5,2009-12-02 14:21:00,2009-12-02,14396,United Kingdom,False
489837,21009,6,1.25,7.5,2009-12-02 14:21:00,2009-12-02,14396,United Kingdom,False
489837,21929,4,1.95,7.8,2009-12-02 14:21:00,2009-12-02,14396,United Kingdom,False
489837,82494L,3,2.95,8.85,2009-12-02 14:21:00,2009-12-02,14396,United Kingdom,False
489837,20829,7,2.1,14.7,2009-12-02 14:21:00,2009-12-02,14396,United Kingdom,False
489837,20828,7,2.55,17.85,2009-12-02 14:21:00,2009-12-02,14396,United Kingdom,False
489837,21821,6,3.75,22.5,2009-12-02 14:21:00,2009-12-02,14396,United Kingdom,False
489837,71053,4,3.75,15.0,2009-12-02 14:21:00,2009-12-02,14396,United Kingdom,False
489837,71038,2,5.45,10.9,2009-12-02 14:21:00,2009-12-02,14396,United Kingdom,False
489837,82483,2,5.95,11.9,2009-12-02 14:21:00,2009-12-02,14396,United Kingdom,False
489837,21291,32,0.85,27.2,2009-12-02 14:21:00,2009-12-02,14396,United Kingdom,False
489837,10120,10,0.21,2.1,2009-12-02 14:21:00,2009-12-02,14396,United Kingdom,False
489837,22147,1,1.45,1.45,2009-12-02 14:21:00,2009-12-02,14396,United Kingdom,False
489837,22145,1,2.1,2.1,2009-12-02 14:21:00,2009-12-02,14396,United Kingdom,False
489837,22150,1,1.95,1.95,2009-12-02 14:21:00,2009-12-02,14396,United Kingdom,False
489837,22173,4,2.95,11.8,2009-12-02 14:21:00,2009-12-02,14396,United Kingdom,False
489837,84406B,3,3.25,9.75,2009-12-02 14:21:00,2009-12-02,14396,United Kingdom,False
489837,85123A,10,2.95,29.5,2009-12-02 14:21:00,2009-12-02,14396,United Kingdom,False
489837,21809,20,1.25,25.0,2009-12-02 14:21:00,2009-12-02,14396,United Kingdom,False
489837,21817,10,0.85,8.5,2009-12-02 14:21:00,2009-12-02,14396,United Kingdom,False
489837,21818,10,0.85,8.5,2009-12-02 14:21:00,2009-12-02,14396,United Kingdom,False
489837,21819,10,0.85,8.5,2009-12-02 14:21:00,2009-12-02,14396,United Kingdom,False
489837,82486,2,7.95,15.9,2009-12-02 14:21:00,2009-12-02,14396,United Kingdom,False
489837,72756,18,1.49,26.82,2009-12-02 14:21:00,2009-12-02,14396,United Kingdom,False
489840,20747,6,14.95,89.7,2009-12-02 14:22:00,2009-12-02,14122,United Kingdom,False
489855,21493,6,0.85,5.1,2009-12-02 14:34:00,2009-12-02,16987,United Kingdom,False
489855,72529W,1,2.12,2.12,2009-12-02 14:34:00,2009-12-02,16987,United Kingdom,False
489855,84029E,2,3.75,7.5,2009-12-02 14:34:00,2009-12-02,16987,United Kingdom,False
489855,84029G,3,3.75,11.25,2009-12-02 14:34:00,2009-12-02,16987,United Kingdom,False
489855,21488,3,3.95,11.85,2009-12-02 14:34:00,2009-12-02,16987,United Kingdom,False
489855,21489,3,3.95,11.85,2009-12-02 14:34:00,2009-12-02,16987,United Kingdom,False
489855,22114,2,3.95,7.9,2009-12-02 14:34:00,2009-12-02,16987,United Kingdom,False
489855,21480,2,2.95,5.9,2009-12-02 14:34:00,2009-12-02,16987,United Kingdom,False
489855,20725,3,1.65,4.95,2009-12-02 14:34:00,2009-12-02,16987,United Kingdom,False
489855,84032B,2,2.95,5.9,2009-12-02 14:34:00,2009-12-02,16987,United Kingdom,False
489855,84032A,2,2.95,5.9,2009-12-02 14:34:00,2009-12-02,16987,United Kingdom,False
489855,22112,2,4.95,9.9,2009-12-02 14:34:00,2009-12-02,16987,United Kingdom,False
489855,84352,1,16.95,16.95,2009-12-02 14:34:00,2009-12-02,16987,United Kingdom,False
489855,82494L,2,2.95,5.9,2009-12-02 14:34:00,2009-12-02,16987,United Kingdom,False
489855,82482,2,2.55,5.1,2009-12-02 14:34:00,2009-12-02,16987,United Kingdom,False
489855,21869,1,1.25,1.25,2009-12-02 14:34:00,2009-12-02,16987,United Kingdom,False
489855,21873,1,1.25,1.25,2009-12-02 14:34:00,2009-12-02,16987,United Kingdom,False
489855,21872,2,1.25,2.5,2009-12-02 14:34:00,2009-12-02,16987,United Kingdom,False
489855,21877,1,1.25,1.25,2009-12-02 14:34:00,2009-12-02,16987,United Kingdom,False
489855,21874,1,1.25,1.25,2009-12-02 14:34:00,2009-12-02,16987,United Kingdom,False
489855,21868,1,1.25,1.25,2009-12-02 14:34:00,2009-12-02,16987,United Kingdom,False
489855,21163,1,1.45,1.45,2009-12-02 14:34:00,2009-12-02,16987,United Kingdom,False
489855,21165,1,1.69,1.69,2009-12-02 14:34:00,2009-12-02,16987,United Kingdom,False
489855,21161,1,1.45,1.45,2009-12-02 14:34:00,2009-12-02,16987,United Kingdom,False
489855,21163,2,1.45,2.9,2009-12-02 14:34:00,2009-12-02,16987,United Kingdom,False
489855,21624,1,5.95,5.95,2009-12-02 14:34:00,2009-12-02,16987,United Kingdom,False
489855,85014B,1,5.95,5.95,2009-12-02 14:34:00,2009-12-02,16987,United Kingdom,False
489855,21491,3,1.95,5.85,2009-12-02 14:34:00,2009-12-02,16987,United Kingdom,False
489855,21490,3,1.95,5.85,2009-12-02 14:34:00,2009-12-02,16987,United Kingdom,False
489856,85136A,1,8.65,8.65,2009-12-02 14:36:00,2009-12-02,GUEST,United Kingdom,False
489856,85150,2,5.17,10.34,2009-12-02 14:36:00,2009-12-02,GUEST,United Kingdom,False
489856,85159B,1,13.0,13.0,2009-12-02 14:36:00,2009-12-02,GUEST,United Kingdom,False
489856,85169B,1,2.57,2.57,2009-12-02 14:36:00,2009-12-02,GUEST,United Kingdom,False
489856,85170B,1,4.3,4.3,2009-12-02 14:36:00,2009-12-02,GUEST,United Kingdom,False
489856,85174,1,11.26,11.26,2009-12-02 14:36:00,2009-12-02,GUEST,United Kingdom,False
489856,85176,1,1.7,1.7,2009-12-02 14:36:00,2009-12-02,GUEST,United Kingdom,False
489856,85199L,1,1.3,1.3,2009-12-02 14:36:00,2009-12-02,GUEST,United Kingdom,False
489856,85212,1,1.7,1.7,2009-12-02 14:36:00,2009-12-02,GUEST,United Kingdom,False
489856,85217,1,7.78,7.78,2009-12-02 14:36:00,2009-12-02,GUEST,United Kingdom,False
489856,85226A,1,1.7,1.7,2009-12-02 14:36:00,2009-12-02,GUEST,United Kingdom,False
489856,85227,1,1.7,1.7,2009-12-02 14:36:00,2009-12-02,GUEST,United Kingdom,False
489856,85231B,1,1.7,1.7,2009-12-02 14:36:00,2009-12-02,GUEST,United Kingdom,False
489856,85231G,1,1.7,1.7,2009-12-02 14:36:00,2009-12-02,GUEST,United Kingdom,False
489856,47598,1,1.3,1.3,2009-12-02 14:36:00,2009-12-02,GUEST,United Kingdom,False
489856,48116,1,13.87,13.87,2009-12-02 14:36:00,2009-12-02,GUEST,United Kingdom,False
489856,48179,1,13.87,13.87,2009-12-02 14:36:00,2009-12-02,GUEST,United Kingdom,False
489856,48188,1,13.87,13.87,2009-12-02 14:36:00,2009-12-02,GUEST,United Kingdom,False
489856,48189,1,13.87,13.87,2009-12-02 14:36:00,2009-12-02,GUEST,United Kingdom,False
489856,51014A,1,1.7,1.7,2009-12-02 14:36:00,2009-12-02,GUEST,United Kingdom,False
489856,70006,2,3.43,6.86,2009-12-02 14:36:00,2009-12-02,GUEST,United Kingdom,False
489856,71053,1,8.65,8.65,2009-12-02 14:36:00,2009-12-02,GUEST,United Kingdom,False
489856,71143,3,2.57,7.71,2009-12-02 14:36:00,2009-12-02,GUEST,United Kingdom,False
489856,72739B,3,2.57,7.71,2009-12-02 14:36:00,2009-12-02,GUEST,United Kingdom,False
489856,72739C,2,2.57,5.14,2009-12-02 14:36:00,2009-12-02,GUEST,United Kingdom,False
489856,72740A,1,5.17,5.17,2009-12-02 14:36:00,2009-12-02,GUEST,United Kingdom,False
489856,72741,1,8.65,8.65,2009-12-02 14:36:00,2009-12-02,GUEST,United Kingdom,False
489856,72799C,1,6.04,6.04,2009-12-02 14:36:00,2009-12-02,GUEST,United Kingdom,False
489856,72799F,1,6.04,6.04,2009-12-02 14:36:00,2009-12-02,GUEST,United Kingdom,False
489856,72807C,2,8.65,17.3,2009-12-02 14:36:00,2009-12-02,GUEST,United Kingdom,False
489856,75013B,1,3.43,3.43,2009-12-02 14:36:00,2009-12-02,GUEST,United Kingdom,False
489856,79000,2,5.17,10.34,2009-12-02 14:36:00,2009-12-02,GUEST,United Kingdom,False
489856,79029,2,4.3,8.6,2009-12-02 14:36:00,2009-12-02,GUEST,United Kingdom,False
489856,79160,3,3.43,10.29,2009-12-02 14:36:00,2009-12-02,GUEST,United Kingdom,False
489856,79191C,3,1.7,5.1,2009-12-02 14:36:00,2009-12-02,GUEST,United Kingdom,False
489856,79323P,1,13.87,13.87,2009-12-02 14:36:00,2009-12-02,GUEST,United Kingdom,False
489856,79323S,1,13.87,13.87,2009-12-02 14:36:00,2009-12-02,GUEST,United Kingdom,False
489856,79323W,2,13.87,27.74,2009-12-02 14:36:00,2009-12-02,GUEST,United Kingdom,False
489856,79341,1,13.87,13.87,2009-12-02 14:36:00,2009-12-02,GUEST,United Kingdom,False
489856,81952V,1,1.7,1.7,2009-12-02 14:36:00,2009-12-02,GUEST,United Kingdom,False
489856,82093,1,3.43,3.43,2009-12-02 14:36:00,2009-12-02,GUEST,United Kingdom,False
489856,82599,1,4.3,4.3,2009-12-02 14:36:00,2009-12-02,GUEST,United Kingdom,False
489856,82600,1,4.3,4.3,2009-12-02 14:36:00,2009-12-02,GUEST,United Kingdom,False
489856,82613B,1,2.57,2.57,2009-12-02 14:36:00,2009-12-02,GUEST,United Kingdom,False
489856,82613C,1,2.57,2.57,2009-12-02 14:36:00,2009-12-02,GUEST,United Kingdom,False
489856,82613D,2,2.57,5.14,2009-12-02 14:36:00,2009-12-02,GUEST,United Kingdom,False
489856,82615,1,6.04,6.04,2009-12-02 14:36:00,2009-12-02,GUEST,United Kingdom,False
